id,name,,slug,,categories,short description,long description
,,,,,,,
,,,,,,,
1,Mayur Mayuri - Women's Special Designer/Aesthetic Phone Case,https://black5creatives.in/product/,mayur-mayuri-womens-special-designeraesthetic-phone-case,https://black5creatives.in/product/mayur-mayuri-womens-special-designeraesthetic-phone-case,Aesthetic Cover Collections,"Where Indian heritage meets modern design — the Mayur Mayuri - Women's Special Designer/Aesthetic Phone Case brings peacocks, lotus blooms, and classical elegance to your everyday carry. Available in Soft Silicone and Hybrid Metal, compatible with iPhones, Samsung, OnePlus, Motorola, Realme, Vivo, OPPO, and Google Pixel. Carry culture, carry art.","The Mayur Mayuri - Women's Special Designer/Aesthetic Phone Case is a tribute to India's timeless visual heritage. Inspired by folk art traditions like Madhubani and Pattachitra, this peacock-themed phone case features majestic blue peacocks, graceful saree-clad figures, blooming lotuses, and ornate crimson-pink foliage — all set against a warm cream canvas that radiates cultural pride and quiet elegance.

Choose the Soft Silicone variant for a flexible, cushioned grip that keeps your phone protected through daily use, or go bold with the Hybrid Metal variant — a premium fusion silicone phone case and metal phone case delivering superior structure and a striking finish. Both are precision-fit protective phone covers built for real-world use.

This aesthetic phone case fits iPhones, Samsung Galaxy, OnePlus, Motorola, Realme, Vivo, OPPO, and Google Pixel devices launched within the last five years — a versatile Android phone cover with a designer edge.

A one-of-a-kind customized phone case, this makes a unique gift idea for anyone who loves art, culture, and cool phone covers. Shop this designer phone case online and carry a masterpiece."
6,Music - Women's Special Designer/Aesthetic Phone Case,https://black5creatives.in/product/,music-womens-special-designeraesthetic-phone-case,https://black5creatives.in/product/music-womens-special-designeraesthetic-phone-case,Aesthetic Cover Collections,"Notes from an ancient scroll, a melody that never fades — the Music - Women's Special Designer/Aesthetic Phone Case captures the soul of classical art in motion. Available in Soft Silicone and Hybrid Metal, compatible with iPhones, Samsung, OnePlus, Motorola, Realme, Vivo, OPPO, and Google Pixel. Art for those who feel everything.","When music and memory are painted onto a single canvas, something timeless is born.

The Music - Women's Special Designer/Aesthetic Phone Case is a deeply evocative piece — a cinematic illustration of a violin player draped in a blue and gold saree, lost in melody, framed by blooming teal lotuses and layered over a warm parchment manuscript background that reads like a piece of living history. Every detail on this music-themed phone case is intentional, poetic, and visually unforgettable.

Built for everyday carry, the Soft Silicone variant offers a smooth, shock-absorbing grip — a lightweight silicone phone case designed for comfort and protection. The Hybrid Metal variant combines a structured metal phone case shell with a silicone inner — a premium hybrid phone case and protective phone cover for those who want style without compromise.

Precision-crafted to fit iPhones, Samsung Galaxy, OnePlus, Motorola, Realme, Vivo, OPPO, and Google Pixel — this aesthetic Android phone cover and iPhone case is engineered for today's most popular devices.

A stunning customized phone case and a unique gift idea for music lovers, art enthusiasts, or anyone drawn to cool phone covers with cultural depth. Buy this designer phone case online and wear your passion."
7,Sondha - Women's Special Designer/Aesthetic Phone Case,https://black5creatives.in/product/,sondha-womens-special-designeraesthetic-phone-case,https://black5creatives.in/product/sondha-womens-special-designeraesthetic-phone-case,Aesthetic Cover Collections,"Golden hour, wildflowers, and a moment that belongs to no one else — the Sondha - Women's Special Designer/Aesthetic Phone Case captures dusk like a feeling you never want to lose. Available in Soft Silicone and Hybrid Metal, compatible with iPhones, Samsung, OnePlus, Motorola, Realme, Vivo, OPPO, and Google Pixel. Still. Beautiful. Yours.","The Sondha - Women's Special Designer/Aesthetic Phone Case is a warm, painterly ode to twilight stillness. A figure draped in a golden saree stands eyes-closed among blooming white daisies, a flower resting in flowing dark hair, as birds trace silhouettes across a dusty rose and burnt amber sky. This sunset-themed phone case breathes quiet confidence and bohemian grace — a design that feels as personal as a favourite memory.

The Soft Silicone variant wraps your phone in a flexible, drop-resistant silicone phone case that's as comfortable to hold as it is beautiful to look at. For those who want more, the Hybrid Metal variant delivers a bold hybrid phone case — merging a sleek metal phone case exterior with a cushioned silicone inner for a truly premium protective phone cover.

Compatible with iPhones, Samsung Galaxy, OnePlus, Motorola, Realme, Vivo, OPPO, and Google Pixel — this aesthetic Android phone cover fits all major devices from the last five years, making it a versatile iPhone case and Samsung phone case in one.

A heartfelt unique gift idea and a stunning customized phone case for anyone who lives for golden-hour moments, cool phone covers, and designer phone case finds online. Shop this aesthetic phone cover and carry your calm.

When the world gets loud, let your phone remind you of the quiet."
9,Blue Window - Women's Special Designer/Aesthetic Phone Case,https://black5creatives.in/product/,blue-window-womens-special-designeraesthetic-phone-case,https://black5creatives.in/product/blue-window-womens-special-designeraesthetic-phone-case,Aesthetic Cover Collections,"Step into a world of royal arches, golden palaces, and stories carved in tile — the Blue Window - Women's Special Designer/Aesthetic Phone Case brings Rajasthani grandeur to your grip. Available in Soft Silicone and Hybrid Metal, compatible with iPhones, Samsung, OnePlus, Motorola, Realme, Vivo, OPPO, and Google Pixel. Royalty, reimagined.
","Not every window opens to a view — some open to an entire era.

The Blue Window - Women's Special Designer/Aesthetic Phone Case is a cinematic tribute to India's royal architectural heritage. A jewelled figure in a vivid saffron and multicolour saree stands framed within a Mughal-style arched window, golden doors thrown open to reveal a majestic sandstone palace rising against a warm ivory sky. Intricate teal geometric tile borders run the full length of this palace-themed phone case, echoing the grandeur of Rajasthani havelis and royal courtyards with every glance.

The Soft Silicone variant delivers a precision-fit silicone phone case with flexible drop protection for daily carry. The Hybrid Metal variant fuses a structured metal phone case with a cushioned silicone core — a refined hybrid phone case and protective phone cover built for those who refuse to compromise on either style or strength.

Engineered to fit iPhones, Samsung Galaxy, OnePlus, Motorola, Realme, Vivo, OPPO, and Google Pixel — this designer Android phone cover and iPhone case is compatible with all leading devices launched in the last five years.

An exceptional customized phone case and a truly unique gift idea for lovers of heritage art, aesthetic phone covers, and cool phone covers with cultural character. Buy this designer phone case online and carry a palace in your pocket.

Some designs command attention — this one commands respect."
10,Shakuntala - Women's Special Designer/Aesthetic Phone Case,https://black5creatives.in/product/,shakuntala-womens-special-designeraesthetic-phone-case,https://black5creatives.in/product/shakuntala-womens-special-designeraesthetic-phone-case,Aesthetic Cover Collections,"A tale older than time, painted in gold — the Shakuntala - Women's Special Designer/Aesthetic Phone Case brings Indian mythology's most beloved forest story to life on your phone. Available in Soft Silicone and Hybrid Metal, compatible with iPhones, Samsung, OnePlus, Motorola, Realme, Vivo, OPPO, and Google Pixel. Myth. Art. Identity.","Some stories were never meant to stay on pages — they belong on everything you touch.

The Shakuntala - Women's Special Designer/Aesthetic Phone Case is a breathtaking celebration of Indian mythological art. Rendered in the style of classical temple murals and Pattachitra tradition, this mythology-themed phone case depicts the iconic Shakuntala — draped in vivid vermillion and teal, radiating a sacred ivory halo — seated in quiet grace beside a resting antlered deer. A dense golden canvas of floral motifs, leafwork, and a distant temple silhouette fills every corner, making this one of the most intricate and visually arresting designer phone cases available online.

The Soft Silicone variant offers a snug, shock-resistant silicone phone case with a lightweight feel perfect for everyday handling. For a more commanding finish, the Hybrid Metal variant combines a bold metal phone case shell with a protective silicone core — a premium hybrid phone case and protective phone cover engineered for durability and distinction.

Fits iPhones, Samsung Galaxy, OnePlus, Motorola, Realme, Vivo, OPPO, and Google Pixel — a versatile aesthetic Android phone cover and iPhone case built for all major devices of the last five years.

An extraordinary customized phone case and a deeply meaningful unique gift idea for lovers of mythology, classical art, and cool phone covers rooted in cultural storytelling. Shop this aesthetic phone cover online and wear a legend.
Carry Shakuntala's story — because some art chooses you."
11,Uma - Women's Special Designer/Aesthetic Phone Case,https://black5creatives.in/product/,uma-womens-special-designeraesthetic-phone-case,https://black5creatives.in/product/uma-womens-special-designeraesthetic-phone-case,Aesthetic Cover Collections,"Rooted in devotion, blooming with power — the Uma - Women's Special Designer/Aesthetic Phone Case captures the sacred energy of a goddess in full bloom. Available in Soft Silicone and Hybrid Metal, compatible with iPhones, Samsung, OnePlus, Motorola, Realme, Vivo, OPPO, and Google Pixel. Divine. Grounded. Unmistakable.","The Uma - Women's Special Designer/Aesthetic Phone Case draws from the visual language of Kalighat painting to present a goddess-inspired figure of extraordinary presence. Set against a deep crimson-maroon canvas blooming with ivory lotus flowers, a bold, bindi-adorned figure in a striped cream saree holds a single white lotus with quiet authority. Oversized spiral disc earrings, a layered gold choker, and a delicate dotted halo complete this lotus-themed phone case — a design that feels less like an accessory and more like an offering.

The Soft Silicone variant provides a flexible, impact-resistant silicone phone case with a comfortable grip built for everyday carry. The Hybrid Metal variant steps it up with a premium hybrid phone case construction — a structured metal phone case shell paired with a shock-absorbing silicone interior for a protective phone cover worthy of the design it holds.

Precision-fit for iPhones, Samsung Galaxy, OnePlus, Motorola, Realme, Vivo, OPPO, and Google Pixel — this designer Android phone cover and iPhone case covers all leading devices from the past five years.

A deeply resonant customized phone case and a meaningful unique gift idea for those who love goddess art, aesthetic phone covers, and cool phone covers steeped in cultural and spiritual identity. Buy this designer phone case online and carry something sacred.

Power this quiet rarely announces itself — until everyone notices."
12,Bookshelf - Women's Special Designer/Aesthetic Phone Case,https://black5creatives.in/product/,bookshelf-womens-special-designeraesthetic-phone-case,https://black5creatives.in/product/bookshelf-womens-special-designeraesthetic-phone-case,Aesthetic Cover Collections,"For those who find whole worlds between two covers — the Bookshelf - Women's Special Designer/Aesthetic Phone Case is a monochrome love letter to readers everywhere. Available in Soft Silicone and Hybrid Metal, compatible with iPhones, Samsung, OnePlus, Motorola, Realme, Vivo, OPPO, and Google Pixel. Read boldly. Carry proudly.","Some identities don't need colour — they speak loudest in black and white.

The Bookshelf - Women's Special Designer/Aesthetic Phone Case is a striking graphic tribute to the art of reading. A elegantly dressed figure in a detailed saree sits absorbed in an open book, flanked by towering shelves lined with geometrically patterned volumes inspired by Warli and Madhubani folk traditions. Two ornate birds perch face-to-face above, watching in silence, while tribal pottery anchors the composition below. Every element of this bookshelf-themed phone case is rendered in crisp, high-contrast monochrome — bold, intentional, and impossible to ignore.

The Soft Silicone variant delivers a sleek, grippy silicone phone case with reliable everyday protection and a smooth finish that complements the design's clean aesthetic. For a more structured feel, the Hybrid Metal variant offers a premium hybrid phone case — pairing a rigid metal phone case outer shell with a cushioned silicone inner for a sophisticated protective phone cover.

Compatible with iPhones, Samsung Galaxy, OnePlus, Motorola, Realme, Vivo, OPPO, and Google Pixel — this aesthetic Android phone cover and iPhone case fits all major devices launched within the last five years.

A thoughtfully crafted customized phone case and an inspired unique gift idea for book lovers, art collectors, and anyone drawn to cool phone covers that double as a statement. Shop this designer phone case online and let your phone say everything about you.

Your next chapter starts the moment you pick it up."
13,Yellow Taxi - Women's Special Designer/Aesthetic Phone Case,https://black5creatives.in/product/,yellow-taxi-womens-special-designeraesthetic-phone-case,https://black5creatives.in/product/yellow-taxi-womens-special-designeraesthetic-phone-case,Aesthetic Cover Collections,"Old streets, golden skies, and a yellow cab that carries the whole city's soul — the Yellow Taxi - Women's Special Designer/Aesthetic Phone Case is Kolkata distilled into one unforgettable frame. Available in Soft Silicone and Hybrid Metal, compatible with iPhones, Samsung, OnePlus, Motorola, Realme, Vivo, OPPO, and Google Pixel. For those who never really left.
","Every city has a colour — Kolkata's has always been yellow.

The Yellow Taxi - Women's Special Designer/Aesthetic Phone Case is a cinematic love letter to one of India's most soul-stirring cities. A figure draped in a white saree perches gracefully on the open door of a classic Ambassador taxi, gazing outward as a grand colonial bungalow rises behind her — ornate balconies, arched windows, and decorative ironwork glowing under a dramatic amber sky heavy with golden clouds. This Kolkata-themed phone case doesn't just depict a city; it captures a feeling — the particular ache of belonging somewhere completely.

The Soft Silicone variant wraps your device in a flexible, shock-absorbent silicone phone case with a smooth finish that lets every detail of this illustration shine. The Hybrid Metal variant delivers a bold hybrid phone case — combining a rigid metal phone case shell with a cushioned silicone core for a premium protective phone cover built to last as long as the city's stories.

Fits iPhones, Samsung Galaxy, OnePlus, Motorola, Realme, Vivo, OPPO, and Google Pixel — a versatile aesthetic Android phone cover and iPhone case compatible with all major devices launched in the last five years.

A one-of-a-kind customized phone case and an extraordinary unique gift idea for Kolkata lovers, travel art enthusiasts, and collectors of cool phone covers with a city's heartbeat built in. Shop this designer phone case online and carry your city, always.

Some places live in your bones — now they live on your phone too."
14,Kavya - Women's Special Designer/Aesthetic Phone Case,https://black5creatives.in/product/,kavya-womens-special-designeraesthetic-phone-case,https://black5creatives.in/product/kavya-womens-special-designeraesthetic-phone-case,Aesthetic Cover Collections,"Adrift in a lotus pond, lost in a dream only she knows — the Kavya - Women's Special Designer/Aesthetic Phone Case is a poem rendered in green, crimson, and silver. Available in Soft Silicone and Hybrid Metal, compatible with iPhones, Samsung, OnePlus, Motorola, Realme, Vivo, OPPO, and Google Pixel. Float freely. Stand out completely.","Some moments are too personal for words — this one lives on your phone instead.

The Kavya - Women's Special Designer/Aesthetic Phone Case captures a rare, suspended stillness. Viewed from above, a figure in a soft grey-blue saree and deep red blouse reclines inside a wooden boat, eyes closed, a crimson lotus resting in her flowing dark hair. Around her, an entire world of oversized lily pads, scattered red and ivory water lotuses, and lush forest-green foliage fills the canvas — making this lotus-themed phone case feel less like a product and more like a window into someone's most private dream.

The Soft Silicone variant offers a lightweight, flexible silicone phone case with dependable grip and drop protection for everyday use. The Hybrid Metal variant elevates the experience with a structured metal phone case exterior fused with a cushioned silicone inner — a refined hybrid phone case and protective phone cover that matches the depth and detail of the design it carries.

Compatible with iPhones, Samsung Galaxy, OnePlus, Motorola, Realme, Vivo, OPPO, and Google Pixel — this aesthetic Android phone cover and iPhone case is precision-fit for all major devices from the last five years.

A truly evocative customized phone case and a heartfelt unique gift idea for those drawn to poetic art, botanical aesthetics, and cool phone covers that feel deeply personal. Buy this designer phone case online and carry your calm like a secret.
Some designs don't just cover your phone — they tell the world exactly who you are."
15,Nouka - Women's Special Designer/Aesthetic Phone Case,https://black5creatives.in/product/,nouka-womens-special-designeraesthetic-phone-case,https://black5creatives.in/product/nouka-womens-special-designeraesthetic-phone-case,Aesthetic Cover Collections,"Drifting on teal waters, pink lotuses all around, not a single worry in sight — the Nouka - Women's Special Designer/Aesthetic Phone Case is pure, unhurried bliss captured in one frame. Available in Soft Silicone and Hybrid Metal, compatible with iPhones, Samsung, OnePlus, Motorola, Realme, Vivo, OPPO, and Google Pixel. Drift on. Dream on.","There is a particular kind of peace that only open water understands — this case carries it.

The Nouka - Women's Special Designer/Aesthetic Phone Case tells its story from the water's edge. A figure in a soft grey-blue saree and crimson blouse reclines in a dark wooden rowboat, hair swept free by an unseen breeze, eyes closed to a cream-white sky framed by sweeping tropical leaves. Blush-pink and ivory lotuses float across cool teal water all around, dragonflies hover mid-flight, and scattered petals drift through the air — making this river-themed phone case feel like a deep, unhurried exhale that the Kavya collection's dense underwater world simply doesn't share.

The Soft Silicone variant provides a slim, flexible silicone phone case with sure-grip texture and reliable shock protection for every day on the move. The Hybrid Metal variant brings structure and sophistication — a premium hybrid phone case combining a sleek metal phone case outer with a protective silicone inner, delivering a durable protective phone cover with a refined finish.

Fits iPhones, Samsung Galaxy, OnePlus, Motorola, Realme, Vivo, OPPO, and Google Pixel — this versatile aesthetic Android phone cover and iPhone case is engineered for all leading devices of the past five years.

A beautifully crafted customized phone case and an inspired unique gift idea for those who treasure serene art, nature-themed phone cases, and cool phone covers that spark instant calm. Shop this designer phone case online and let stillness travel with you.

Because some days, the best thing you can do is simply float."
16,Nayan - Women's Special Designer/Aesthetic Phone Case,https://black5creatives.in/product/,nayan-womens-special-designeraesthetic-phone-case,https://black5creatives.in/product/nayan-womens-special-designeraesthetic-phone-case,Aesthetic Cover Collections,"Eyes that see everything, say nothing — the Nayan - Women's Special Designer/Aesthetic Phone Case stops scrolls and turns heads with one unapologetic stare. Available in Soft Silicone and Hybrid Metal, compatible with iPhones, Samsung, OnePlus, Motorola, Realme, Vivo, OPPO, and Google Pixel. Bold. Brilliant. Unmissable.","Not every design asks for attention — some simply command it without asking.

The Nayan - Women's Special Designer/Aesthetic Phone Case is pure visual authority. In a tight, dramatic close-up, a figure holds an ornately decorated book just below piercing, kohl-rimmed eyes — bindi centred, white flower in dark hair, gold earrings catching the light — staring directly outward from a cream and amber-gold canvas framed by colonial louvred shutters, a grand Corinthian arch, and flanking tropical plants. This book-themed phone case doesn't whisper its story; it locks eyes and dares you to look away.

The Soft Silicone variant delivers a precisely fitted, flexible silicone phone case with dependable everyday protection and a finish as clean as the design's bold linework. The Hybrid Metal variant makes an even stronger statement — a structured metal phone case shell reinforced with a silicone interior for a premium hybrid phone case and protective phone cover built for those who carry themselves with intention.

Compatible with iPhones, Samsung Galaxy, OnePlus, Motorola, Realme, Vivo, OPPO, and Google Pixel — this designer Android phone cover and iPhone case fits every major device launched within the last five years.

An unforgettable customized phone case and a standout unique gift idea for lovers of bold art, aesthetic phone covers, and cool phone covers that double as a personal manifesto. Buy this designer phone case online and let your phone do the talking.

Some looks don't need words — and neither does this one."
17,Surjomukhi - Women's Special Designer/Aesthetic Phone Case,https://black5creatives.in/product/,surjomukhi-womens-special-designeraesthetic-phone-case,https://black5creatives.in/product/surjomukhi-womens-special-designeraesthetic-phone-case,Aesthetic Cover Collections,"Eyes closed, face lifted, petals everywhere — the Surjomukhi - Women's Special Designer/Aesthetic Phone Case captures the exact moment you stop fighting the warmth and simply bloom. Available in Soft Silicone and Hybrid Metal, compatible with iPhones, Samsung, OnePlus, Motorola, Realme, Vivo, OPPO, and Google Pixel. Turn toward the light.","There is one moment in every golden hour that belongs entirely to you — this case holds it still.

The Surjomukhi - Women's Special Designer/Aesthetic Phone Case is a soft, luminous celebration of surrender and bloom. A figure draped in a dusty mauve-pink saree and deep teal embroidered blouse stands eyes-closed within a sun-drenched wildflower meadow, a large sunflower-daisy tucked over one eye, flowing dark hair dissolving into the field around her. Oversized golden sunflowers crowd the foreground as tall wildflower stalks fade into a warm peach horizon beneath a quietly glowing crescent — making this sunflower-themed phone case feel like bottled afternoon light you can carry in your pocket.

The Soft Silicone variant offers a snug, lightweight silicone phone case with flexible drop protection and a smooth tactile finish that complements the design's gentle warmth. The Hybrid Metal variant pairs a rigid metal phone case shell with a cushioned silicone core — a refined hybrid phone case and durable protective phone cover for those who want their everyday carry to feel as considered as their aesthetic.

Fits iPhones, Samsung Galaxy, OnePlus, Motorola, Realme, Vivo, OPPO, and Google Pixel — a versatile aesthetic Android phone cover and iPhone case engineered for all major devices from the past five years.

A deeply personal customized phone case and a radiant unique gift idea for sunflower lovers, botanical art collectors, and seekers of cool phone covers that carry real feeling. Shop this designer phone case online and wear your warmth outward.

Not every bloom announces itself — but this one will."
18,Aakibuki - Women's Special Designer/Aesthetic Phone Case,https://black5creatives.in/product/,aakibuki-womens-special-designeraesthetic-phone-case,https://black5creatives.in/product/aakibuki-womens-special-designeraesthetic-phone-case,Aesthetic Cover Collections,"Brush in hand, sun at her back, the whole river watching — the Aakibuki - Women's Special Designer/Aesthetic Phone Case is a tribute to the artists who create because they simply cannot stop. Available in Soft Silicone and Hybrid Metal, compatible with iPhones, Samsung, OnePlus, Motorola, Realme, Vivo, OPPO, and Google Pixel. Create boldly. Carry beautifully.
","Every artist has a moment where the world disappears and only the work remains — this case captures that exact instant.

The Aakibuki - Women's Special Designer/Aesthetic Phone Case is a cinematic celebration of creative devotion. A figure in a flowing powder-blue saree kneels by a golden riverside, paintbrush poised over canvas, white chrysanthemums pinned in her swept-up hair and a bundle of art brushes resting beside her. Sweeping teal banana palm fronds arch overhead against an amber sky filled with decorative ivory scroll-clouds, while a tiny silhouetted rowing boat drifts across the glowing sun orb in the distance — giving this artist-themed phone case a depth and visual poetry that rewards every second look.

The Soft Silicone variant wraps your device in a flexible, precision-fit silicone phone case with reliable shock absorption and a clean finish that honours the illustration's intricate detail. The Hybrid Metal variant delivers a commanding hybrid phone case — a structured metal phone case exterior fused with a cushioned silicone interior for a premium protective phone cover as carefully crafted as the art it carries.

Compatible with iPhones, Samsung Galaxy, OnePlus, Motorola, Realme, Vivo, OPPO, and Google Pixel — this aesthetic Android phone cover and iPhone case is precision-engineered for all leading devices of the past five years.

A deeply expressive customized phone case and an inspired unique gift idea for artists, creatives, and lovers of cool phone covers that speak a visual language all their own. Shop this designer phone case online and carry your creative spirit everywhere you go.

Art doesn't wait for the perfect moment — and neither should you."
19,Kathgolap - Women's Special Designer/Aesthetic Phone Case,https://black5creatives.in/product/,kathgolap-womens-special-designeraesthetic-phone-case,https://black5creatives.in/product/kathgolap-womens-special-designeraesthetic-phone-case,Aesthetic Cover Collections,"One flower. One breath. One perfectly unhurried moment — the Kathgolap - Women's Special Designer/Aesthetic Phone Case distils the quiet luxury of pure presence into a single stunning frame. Available in Soft Silicone and Hybrid Metal, compatible with iPhones, Samsung, OnePlus, Motorola, Realme, Vivo, OPPO, and Google Pixel. Slow down. Bloom fully.","The most beautiful moments are always the ones nobody else notices — this case makes sure yours is seen.

The Kathgolap - Women's Special Designer/Aesthetic Phone Case is a richly layered tropical reverie. A figure in a crisp white Bengali saree with a red border sits at the edge of still water, one hand lifting a single ivory plumeria bloom toward her face with complete unhurried focus — a matching plumeria tucked into wind-swept dark hair. Cascading plumeria branches spill across the entire amber-gold upper canvas while deep shadow-brown foliage flanks both sides, and the figure's full reflection shimmers in luminous colour across the water below — giving this plumeria-themed phone case a visual depth that makes every glance feel like the first.

The Soft Silicone variant delivers a slim, flexible silicone phone case with comfortable everyday grip and dependable protection that never distracts from the design. The Hybrid Metal variant brings together a precision-structured metal phone case shell with a shock-absorbing silicone interior — a sophisticated hybrid phone case and protective phone cover engineered for those who carry beautiful things carefully.

Fits iPhones, Samsung Galaxy, OnePlus, Motorola, Realme, Vivo, OPPO, and Google Pixel — a versatile aesthetic Android phone cover and iPhone case built for every major device of the past five years.

A deeply sensory customized phone case and a memorable unique gift idea for lovers of botanical art, tropical aesthetics, and cool phone covers rooted in stillness and beauty. Buy this designer phone case online and carry the fragrance of a moment that never quite leaves you.

Some things are worth stopping for — and this is one of them."
20,Holudpakhi - Women's Special Designer/Aesthetic Phone Case,https://black5creatives.in/product/,holudpakhi-womens-special-designeraesthetic-phone-case,https://black5creatives.in/product/holudpakhi-womens-special-designeraesthetic-phone-case,Aesthetic Cover Collections,"Hair flying, eyes closed, completely unstoppable — the Holudpakhi - Women's Special Designer/Aesthetic Phone Case hits like a thunderclap of tribal pattern and pure electric orange. Available in Soft Silicone and Hybrid Metal, compatible with iPhones, Samsung, OnePlus, Motorola, Realme, Vivo, OPPO, and Google Pixel. Wild. Fierce. Yours.","Some designs play it safe — this one was never interested in that conversation.
The Holudpakhi - Women's Special Designer/Aesthetic Phone Case is a collision of raw energy and tribal craft. The upper half blazes with dense geometric bands — diamonds, chevrons, wheat motifs, and arrow patterns drawn directly from Warli and Indian textile traditions — all rendered in stark black on a marigold-orange canvas that refuses to be ignored. Below, a bold graphic figure emerges: face tilted skyward, bindi centred, eyes closed in absolute freedom, while dramatically wind-swept hair — streaked with amber highlights — surges across the lower canvas like a force of nature. This tribal-themed phone case doesn't just stand out; it announces itself.

The Soft Silicone variant offers a flexible, shock-resistant silicone phone case with a precise fit and bold surface finish that makes every geometric detail pop. The Hybrid Metal variant amplifies the statement with a rigid metal phone case shell fused with a cushioned silicone inner — a premium hybrid phone case and protective phone cover as unapologetically strong as the design it frames.

Compatible with iPhones, Samsung Galaxy, OnePlus, Motorola, Realme, Vivo, OPPO, and Google Pixel — this designer Android phone cover and iPhone case fits every major device launched within the last five years.

A head-turning customized phone case and an electrifying unique gift idea for lovers of tribal art, bold aesthetic phone covers, and cool phone covers that carry genuine attitude. Shop this designer phone case online and wear your wildness with zero apology.

You were never meant to be background noise — and neither was this."
21,Godhuli - Women's Special Designer/Aesthetic Phone Case,https://black5creatives.in/product/,godhuli-womens-special-designeraesthetic-phone-case,https://black5creatives.in/product/godhuli-womens-special-designeraesthetic-phone-case,Aesthetic Cover Collections,"The sky on fire, the sun behind her, the whole day dissolving into gold — the Godhuli - Women's Special Designer/Aesthetic Phone Case captures that sacred breath between daylight and dark. Available in Soft Silicone and Hybrid Metal, compatible with iPhones, Samsung, OnePlus, Motorola, Realme, Vivo, OPPO, and Google Pixel. Sacred. Blazing. Unforgettable.","There is a moment every evening when the sky forgets itself entirely — this case lives inside that moment.

The Godhuli - Women's Special Designer/Aesthetic Phone Case is a cinematic tribute to twilight's most sacred transition. A figure in a cream-white saree stands in three-quarter profile, eyes closed, a small orange flower nestled in deep wavy hair that carries the blue of coming night — while behind her, a luminous golden sun orb burns at the horizon, throwing her into a natural halo of pure light. Ornate ivory scroll-clouds sweep across a blazing saffron-orange sky above, and dark silhouetted wildflowers and sunflower stems anchor the foreground — giving this sunset-themed phone case a scale and ceremonial grandeur that sets it apart from every other golden-hour design in the collection.

The Soft Silicone variant delivers a lightweight, flexible silicone phone case with precise drop protection and a smooth finish that lets the blazing sky illustration breathe fully. The Hybrid Metal variant commands the room — a structured metal phone case exterior paired with a cushioned silicone core for a premium hybrid phone case and protective phone cover as dramatic and considered as the design itself.

Compatible with iPhones, Samsung Galaxy, OnePlus, Motorola, Realme, Vivo, OPPO, and Google Pixel — this aesthetic Android phone cover and iPhone case is precision-fit for all leading devices of the past five years.

A breathtaking customized phone case and an extraordinary unique gift idea for those drawn to celestial art, atmospheric phone covers, and cool phone covers that carry the weight of a whole sky. Shop this designer phone case online and carry dusk wherever daylight finds you.

Some endings are so beautiful they feel like beginnings — this is one of them."
22,Daydream - Women's Special Designer/Aesthetic Phone Case,https://black5creatives.in/product/,daydream-womens-special-designeraesthetic-phone-case,https://black5creatives.in/product/daydream-womens-special-designeraesthetic-phone-case,Aesthetic Cover Collections,"One breath, a hundred wishes, and a garden that blooms just for the moment — the Daydream - Women's Special Designer/Aesthetic Phone Case is what hope looks like when it has turquoise shutters and marigolds. Available in Soft Silicone and Hybrid Metal, compatible with iPhones, Samsung, OnePlus, Motorola, Realme, Vivo, OPPO, and Google Pixel. Wish big. Carry joy.
","Every wish needs somewhere to land — let yours start here.

The Daydream - Women's Special Designer/Aesthetic Phone Case is a storybook scene brought vividly to life. A figure in a warm knit top leans through a rustic open doorway, eyes closed, lips gently pursed around a dandelion clock — long dark hair swept sideways by the same soft breath that sends white seeds drifting like tiny hopes into the golden interior beyond. Twin turquoise wooden shutters frame the moment on either side, aged terracotta walls glow with warm dappled sunlight, and an abundant cascade of blazing orange marigolds and blue wildflowers spills from below — making this dandelion-themed phone case feel less like an illustration and more like a window you wish you could climb through.

The Soft Silicone variant wraps your phone in a flexible, lightweight silicone phone case with dependable everyday protection and a vibrant finish that honours every saturated detail of this design. The Hybrid Metal variant steps up with a structured metal phone case exterior fused with a cushioned silicone inner — a premium hybrid phone case and protective phone cover for those who carry their optimism as carefully as their phone.

Compatible with iPhones, Samsung Galaxy, OnePlus, Motorola, Realme, Vivo, OPPO, and Google Pixel — this aesthetic Android phone cover and iPhone case is precision-engineered for every major device launched in the last five years.

A wonderfully whimsical customized phone case and an irresistible unique gift idea for dreamers, garden lovers, and collectors of cool phone covers that carry genuine joy. Shop this designer phone case online and keep a little magic close.

Some wishes don't need stars — just the right moment and a dandelion."
23,Go With The Flow - Women's Special Designer/Aesthetic Phone Case,https://black5creatives.in/product/,go-with-the-flow-womens-special-designeraesthetic-phone-case,https://black5creatives.in/product/go-with-the-flow-womens-special-designeraesthetic-phone-case,Aesthetic Cover Collections,"Not a suggestion — a declaration — the Go With The Flow - Women's Special Designer/Aesthetic Phone Case pairs a bold crimson typographic statement with a figure floating free in a teal lotus world. Available in Soft Silicone and Hybrid Metal, compatible with iPhones, Samsung, OnePlus, Motorola, Realme, Vivo, OPPO, and Google Pixel. Let go. Float on.","Some philosophies fit neatly on a shelf — this one belongs on everything you carry.

The Go With The Flow - Women's Special Designer/Aesthetic Phone Case is a bold two-world composition unlike anything else in the collection. The upper half commands attention with oversized white typography — ""GO WITH THE FLOW"" — set against a deep crimson-magenta canvas textured with flowing woodgrain topographic lines that pulse like a heartbeat. Below, the energy transforms completely: a figure in a cream Bengali saree with a pink border floats face-up in luminous teal water, wavy dark hair fanning outward in every direction, surrounded by blush-pink lotuses and dark leaf accents — making this typography-meets-illustration phone case a rare design that speaks as loudly as it feels.

The Soft Silicone variant delivers a flexible, snug silicone phone case with reliable everyday drop protection and a vivid finish that captures every detail of this two-toned composition. The Hybrid Metal variant brings serious structure — a rigid metal phone case shell reinforced with a shock-absorbing silicone interior for a premium hybrid phone case and protective phone cover that holds its ground even when you choose to let go.

Compatible with iPhones, Samsung Galaxy, OnePlus, Motorola, Realme, Vivo, OPPO, and Google Pixel — this designer Android phone cover and iPhone case fits every major device of the past five years.

A powerful customized phone case and a deeply resonant unique gift idea for free spirits, mantra-driven souls, and seekers of cool phone covers that carry both art and intention. Buy this aesthetic phone case online and wear your philosophy every single day.

Letting go is the bravest thing — wear it like you mean it."
24,Before the Rain - Women's Special Designer/Aesthetic Phone Case,https://black5creatives.in/product/,before-the-rain-womens-special-designeraesthetic-phone-case,https://black5creatives.in/product/before-the-rain-womens-special-designeraesthetic-phone-case,Aesthetic Cover Collections,"Back turned, clouds gathering, flowers in hand and nowhere else to be — the Before the Rain - Women's Special Designer/Aesthetic Phone Case captures that charged, blue-washed stillness right before the world opens up. Available in Soft Silicone and Hybrid Metal, compatible with iPhones, Samsung, OnePlus, Motorola, Realme, Vivo, OPPO, and Google Pixel. Still. Electric. All yours.","There is a particular silence that arrives just before rain — this case lives entirely inside it.

The Before the Rain - Women's Special Designer/Aesthetic Phone Case is a masterclass in atmospheric storytelling. A figure in a flowing cobalt blue dress stands with her back to the viewer, short hair caught by an unseen wind, carrying a tote of freshly gathered wildflowers as she faces an endless sky of billowing clouds parting around a warm cream horizon. Every element of this wildflower-themed phone case exists in its own shade of blue — cobalt, cerulean, powder, steel and navy — broken only by scattered golden-yellow blooms at her feet and falling petals drifting through charged air, creating a composition that feels simultaneously vast and deeply intimate.

The Soft Silicone variant wraps your device in a precisely fitted, flexible silicone phone case with everyday shock protection and a cool-toned finish that mirrors the design's serene blue palette. The Hybrid Metal variant delivers bold structure — a rigid metal phone case shell fused with a cushioned silicone inner for a premium hybrid phone case and protective phone cover as composed and quietly powerful as the scene it carries.

Compatible with iPhones, Samsung Galaxy, OnePlus, Motorola, Realme, Vivo, OPPO, and Google Pixel — this aesthetic Android phone cover and iPhone case is engineered for every major device launched within the last five years.

An evocative customized phone case and a soul-stirring unique gift idea for solitude-seekers, blue art lovers, and collectors of cool phone covers that carry genuine emotional weight. Shop this designer phone case online and keep that charged, cloud-heavy calm close.

Some storms are worth standing in — especially the beautiful ones."
25,Melora - Women's Special Designer/Aesthetic Phone Case,https://black5creatives.in/product/,melora-womens-special-designeraesthetic-phone-case,https://black5creatives.in/product/melora-womens-special-designeraesthetic-phone-case,Aesthetic Cover Collections,"Headphones on, world off, surrounded by a forest that grew just for this moment — the Melora - Women's Special Designer/Aesthetic Phone Case is modern stillness at its most effortlessly cool. Available in Soft Silicone and Hybrid Metal, compatible with iPhones, Samsung, OnePlus, Motorola, Realme, Vivo, OPPO, and Google Pixel. Tune in. Block out. Stand apart.","The best playlists deserve the best backdrop — and this one built an entire forest around itself.

The Melora - Women's Special Designer/Aesthetic Phone Case breaks entirely from the collection's Indian classical roots to deliver something sharply contemporary. A figure in a black cami, wide-leg rust trousers and over-ear headphones sits cross-legged and eyes-closed, chin resting thoughtfully on one hand, completely absorbed in sound. Tall bare black tree trunks rise on either side while a richly layered botanical world of burnt orange wildflowers, sage-grey foliage, dried dandelion clocks and spiky textural plants fills every inch of the warm salmon-peach background — making this music-themed phone case feel like a modern editorial illustration you'd frame and hang, not just carry.

The Soft Silicone variant offers a slim, flexible silicone phone case with precise everyday protection and a warm-toned finish that complements the design's earthy palette perfectly. The Hybrid Metal variant brings a bold upgrade — a structured metal phone case exterior fused with a shock-absorbing silicone core for a premium hybrid phone case and protective phone cover built for people who live intentionally and carry beautifully.

Compatible with iPhones, Samsung Galaxy, OnePlus, Motorola, Realme, Vivo, OPPO, and Google Pixel — this aesthetic Android phone cover and iPhone case fits every major device of the past five years.

A strikingly modern customized phone case and an inspired unique gift idea for music lovers, botanical art enthusiasts, and seekers of cool phone covers with a contemporary edge. Buy this designer phone case online and carry your calm like a signature.

Some playlists change everything — so does the right case."
26,Flora - Women's Special Designer/Aesthetic Phone Case,https://black5creatives.in/product/,flora-womens-special-designeraesthetic-phone-case,https://black5creatives.in/product/flora-womens-special-designeraesthetic-phone-case,Aesthetic Cover Collections,"Petals in her hair, purple in every breath, flowers and figure dissolved into one — the Flora - Women's Special Designer/Aesthetic Phone Case is a violet reverie you carry everywhere. Available in Soft Silicone and Hybrid Metal, compatible with iPhones, Samsung, OnePlus, Motorola, Realme, Vivo, OPPO, and Google Pixel. Dream deep. Bloom always.","Some designs pull you in slowly — and by the time you notice, you're already inside them.

The Flora - Women's Special Designer/Aesthetic Phone Case is an Art Nouveau-inspired purple universe unlike anything else in the collection. A figure with downcast eyes and a hand resting gently at her chest is wholly consumed by a world of her own making — large violet poppy blooms grow directly through dramatically flowing deep amethyst hair, feathery leaf details layer through every strand, and small white botanical illustrations anchor the lower corners with quiet precision. Above, a soft lavender background filled with decorative swirling cloud and floral patterns completes this poppy-themed phone case, creating a composition that shifts between intimate portrait and enchanted garden with every glance.

The Soft Silicone variant delivers a flexible, featherlight silicone phone case with reliable drop protection and a luminous violet finish that makes every shade of purple in this design sing. The Hybrid Metal variant elevates the experience with a rigid metal phone case shell fused with a cushioned silicone interior — a refined hybrid phone case and protective phone cover as layered and intentional as the illustration it houses.

Compatible with iPhones, Samsung Galaxy, OnePlus, Motorola, Realme, Vivo, OPPO, and Google Pixel — this aesthetic Android phone cover and iPhone case is precision-engineered for every major device launched in the last five years.
A hauntingly beautiful customized phone case and an unforgettable unique gift idea for lovers of purple aesthetics, floral art, and cool phone covers that feel like wearable poetry. Shop this designer phone case online and disappear into something beautiful.

Not every garden is outside — some grow exactly where you carry them."
27,Eternal - Couple Phone Case,https://black5creatives.in/product/,eternal-couple-phone-case,https://black5creatives.in/product/eternal-couple-phone-case,Valentines Day Cover Collections,"Hand in hand, pets beside them, the whole sky turning pink just for this moment — the Eternal - Couple Phone Case is a love story told in neon clouds and midnight wildflowers. Available in Soft Silicone and Hybrid Metal, compatible with iPhones, Samsung, OnePlus, Motorola, Realme, Vivo, OPPO, and Google Pixel. For the ones who found their person.","Some moments are so perfectly complete they feel like they were always meant to exist — this case captures exactly one of those.

The Eternal - Couple Phone Case is a tender, cinematic celebration of togetherness. Two silhouetted figures stand hand-in-hand in a glowing wildflower clearing at night — a cat nestled beside one, a dog sitting faithfully beside the other — as dramatic neon pink-magenta clouds billow open around a luminous full moon, casting a warm ethereal glow across the entire scene. Oversized pink, cobalt blue and deep violet wildflowers crowd the foreground with scattered light details sparkling throughout, while a star-dusted midnight navy sky stretches above — making this couple-themed phone case feel like the most beautiful still frame from a story still being written.

The Soft Silicone variant delivers a flexible, snug silicone phone case with reliable everyday protection and a luminous finish that preserves every glowing gradient in this design. The Hybrid Metal variant makes it unforgettable — a structured metal phone case shell reinforced with a cushioned silicone interior for a premium hybrid phone case and protective phone cover as enduring as the moment it depicts.

Compatible with iPhones, Samsung Galaxy, OnePlus, Motorola, Realme, Vivo, OPPO, and Google Pixel — this aesthetic Android phone cover and iPhone case fits every major device launched within the last five years.

An extraordinarily heartfelt customized phone case and the ultimate unique gift idea for couples, pet lovers, and anyone who treasures cool phone covers that carry real emotional meaning. Buy this designer phone case online and celebrate what lasts.

Some things are worth making permanent — this is one of them."
28,Autumn Dream - Women's Special Designer/Aesthetic Phone Case,https://black5creatives.in/product/,autumn-dream-womens-special-designeraesthetic-phone-case,https://black5creatives.in/product/autumn-dream-womens-special-designeraesthetic-phone-case,Aesthetic Cover Collections,"Hair like branches, leaves like thoughts, the whole season flowing through — the Autumn Dream - Women's Special Designer/Aesthetic Phone Case is what it feels like when you finally let yourself change. Available in Soft Silicone and Hybrid Metal, compatible with iPhones, Samsung, OnePlus, Motorola, Realme, Vivo, OPPO, and Google Pixel. Release. Transform. Begin.","Every autumn asks the same question — what are you finally ready to let go of?

The Autumn Dream - Women's Special Designer/Aesthetic Phone Case answers it in the most beautiful way possible. A figure in a rust-orange top stands eyes-closed, one hand raised to flowing dark hair that spreads outward across the canvas, dissolving completely into bare black branches stretching in every direction. Golden amber maple leaves, oversized cream skeleton leaves, deep russet foliage, and unexpected teal-blue oak accents layer across the entire composition like pages torn from a favourite season — making this autumn-themed phone case feel less like an illustration and more like a state of mind captured at its most vivid and transformative.

The Soft Silicone variant delivers a slim, flexible silicone phone case with dependable everyday protection and a warm finish that brings every amber and russet tone in this design to life. The Hybrid Metal variant commands the season — a structured metal phone case shell paired with a cushioned silicone inner for a premium hybrid phone case and protective phone cover as boldly layered as the design itself.

Compatible with iPhones, Samsung Galaxy, OnePlus, Motorola, Realme, Vivo, OPPO, and Google Pixel — this aesthetic Android phone cover and iPhone case is precision-engineered for every major device launched in the last five years.

A richly evocative customized phone case and a deeply personal unique gift idea for autumn lovers, nature art enthusiasts, and collectors of cool phone covers that mark a moment of genuine change. Shop this designer phone case online and carry your transformation everywhere.

Change was always going to be this beautiful — you just needed the right reminder."
29,Lionheart - Women Special Aesthetic Phone Case,https://black5creatives.in/product/,lionheart-women-special-aesthetic-phone-case,https://black5creatives.in/product/lionheart-women-special-aesthetic-phone-case,Aesthetic Cover Collections,"She doesn't tame the lion — she simply belongs beside it — the Lionheart - Women Special Aesthetic Phone Case is a midnight garden of power, crimson, and absolute fearlessness. Available in Soft Silicone and Hybrid Metal, compatible with iPhones, Samsung, OnePlus, Motorola, Realme, Vivo, OPPO, and Google Pixel. Fierce. Sovereign. Unshakeable.","True power doesn't announce itself — it simply settles in and stays.

The Lionheart - Women Special Aesthetic Phone Case is a mythologically charged masterpiece of nocturnal beauty. A figure in a flowing crimson dress sits eyes-closed in perfect sovereign calm, one arm resting across the dark mane of a lion whose steady gaze holds the entire composition together. A deep burgundy full moon halos them both while an abundant enchanted garden of golden-amber, dusty rose, and teal leaves surrounds every inch — white lotus blooms anchoring the base, a small red ceremonial figurine watching from the shadows, and decorative blue scroll-clouds drifting across the midnight blue sky above. This lion-themed phone case carries more quiet authority than anything in the collection.

The Soft Silicone variant delivers a precise, flexible silicone phone case with reliable drop protection and a deep-toned finish that honours every jewel-rich shade of this nocturnal illustration. The Hybrid Metal variant makes a statement worthy of the design — a structured metal phone case shell fused with a cushioned silicone core for a premium hybrid phone case and protective phone cover built for those who carry themselves with the same fearless ease as the figure it depicts.

Compatible with iPhones, Samsung Galaxy, OnePlus, Motorola, Realme, Vivo, OPPO, and Google Pixel — this designer Android phone cover and iPhone case fits every major device of the past five years.

An extraordinary customized phone case and a defining unique gift idea for those drawn to mythological art, dark aesthetic phone covers, and cool phone covers that carry genuine power. Shop this designer phone case online and carry your sovereignty everywhere.

You were never meant to be ordinary — and neither was this."
30,Ruh - Romantic Couple Phone Case,https://black5creatives.in/product/,ruh-romantic-couple-phone-case,https://black5creatives.in/product/ruh-romantic-couple-phone-case,Valentines Day Cover Collections,"Bougainvillea overhead, golden light between them, the whole afternoon holding its breath — the Ruh - Romantic Couple Phone Case is what love looks like when it's finally standing still. Available in Soft Silicone and Hybrid Metal, compatible with iPhones, Samsung, OnePlus, Motorola, Realme, Vivo, OPPO, and Google Pixel. Golden. Tender. Timeless.","Some moments don't need music — the light does everything.

The Ruh - Romantic Couple Phone Case is a sun-soaked cinematic portrait of love at its most quietly overwhelming. Two figures stand face to face beneath a cascading canopy of blazing magenta bougainvillea — one draped in a flowing teal and gold saree, the other in a deep maroon shirt — framed by warm terracotta walls scattered with dancing leaf shadows and a clear cerulean sky above. Scattered pink petals drift between them as golden afternoon light pours through every gap, making this bougainvillea-themed couple phone case feel less like a design and more like a memory you didn't know you were carrying.

The Soft Silicone variant wraps your device in a flexible, lightweight silicone phone case with precise drop protection and a luminous warm finish that lets every sun-drenched detail breathe. The Hybrid Metal variant elevates the moment — a structured metal phone case shell fused with a cushioned silicone interior for a premium hybrid phone case and protective phone cover as considered and enduring as the story it holds.

Compatible with iPhones, Samsung Galaxy, OnePlus, Motorola, Realme, Vivo, OPPO, and Google Pixel — this aesthetic Android phone cover and iPhone case is precision-engineered for every major device launched within the last five years.

A deeply romantic customized phone case and the most heartfelt unique gift idea for couples, anniversary celebrations, and anyone who treasures cool phone covers that carry real warmth. Shop this designer phone case online and keep your favourite feeling close.

Some love stories deserve to be carried everywhere — this one finally can be."
31,Manzar - Couple Phone Case,https://black5creatives.in/product/,manzar-couple-phone-case,https://black5creatives.in/product/manzar-couple-phone-case,Valentines Day Cover Collections,"A bullock cart, a shared glance, and a love that never needed anything more — the Manzar - Couple Phone Case brings vintage Indian rural romance to life in warm terracotta and timeless charm. Available in Soft Silicone and Hybrid Metal, compatible with iPhones, Samsung, OnePlus, Motorola, Realme, Vivo, OPPO, and Google Pixel. Simple. Warm. Forever.","Not every love story needs a grand setting — some just need a bullock cart and the right person beside you.

The Manzar - Couple Phone Case is a deeply nostalgic tribute to the everyday poetry of traditional Indian rural life. Rendered in warm cream, dusty terracotta-pink and earthy charcoal tones that recall the golden age of Indian calendar art, this folk-inspired illustration presents a mustachioed figure in a pink kurta and white dhoti seated beside a jewelled saree-clad companion on a decorated wooden bullock cart — a dark bull with painted horns leading the way, coconut palms and temple domes rising quietly behind, birds tracing the cream sky above. A three-panel composition repeats the couple across different scales — wide, medium and intimate — giving this bullock cart-themed couple phone case a storyboard quality that rewards every look.

The Soft Silicone variant offers a flexible, snug silicone phone case with reliable everyday protection and a warm matte finish that complements the design's vintage earthy palette beautifully. The Hybrid Metal variant brings structure and longevity — a rigid metal phone case shell paired with a cushioned silicone inner for a premium hybrid phone case and protective phone cover as enduring as the love it depicts.
Compatible with iPhones, Samsung Galaxy, OnePlus, Motorola, Realme, Vivo, OPPO, and Google Pixel — this aesthetic Android phone cover and iPhone case fits every major device launched within the last five years.

A wonderfully characterful customized phone case and a truly memorable unique gift idea for couples, heritage art lovers, and seekers of cool phone covers that carry genuine warmth and cultural pride. Shop this designer phone case online and celebrate love in its most honest, unhurried form.

The best love stories were never complicated — just real."
32,Baranda - Couple Phone Case,https://black5creatives.in/product/,baranda-couple-phone-case,https://black5creatives.in/product/baranda-couple-phone-case,Valentines Day Cover Collections,"Two balconies, one monsoon, and a silence louder than rain — the Baranda - Couple Phone Case captures old Calcutta romance in teal shutters, stained glass, and everything left unsaid. Available in Soft Silicone and Hybrid Metal, compatible with iPhones, Samsung, OnePlus, Motorola, Realme, Vivo, OPPO, and Google Pixel. Monsoon. Memory. Magic.","Some love stories don't need words — just two balconies and the right rain.

The Baranda - Couple Phone Case is a split-panel monsoon poem set in the heart of an old Bengali neighbourhood. Above, a figure in a white kurta-dhoti stands barefoot on a rain-washed tiled balcony surrounded by terracotta plant pots, leaning forward into the downpour with quiet anticipation. Below, framed perfectly within a teal arched doorway crowned by a jewel-coloured stained glass fanlight, another figure in a white and red saree stands with flowers in hair and one hand raised — two small red birds perched on either side watching it all unfold. Rain falls as clean vertical lines across both panels, binding the two worlds together in this monsoon-themed couple phone case that feels lifted directly from the most beloved frame of a classic Bengali film.

The Soft Silicone variant delivers a flexible, precise silicone phone case with reliable everyday drop protection and a crisp finish that honours every clean line and colour detail of this architectural illustration. The Hybrid Metal variant brings the full statement — a structured metal phone case shell fused with a cushioned silicone interior for a premium hybrid phone case and protective phone cover as classically composed as the design it carries.

Compatible with iPhones, Samsung Galaxy, OnePlus, Motorola, Realme, Vivo, OPPO, and Google Pixel — this designer Android phone cover and iPhone case is precision-engineered for every major device of the past five years.

An utterly distinctive customized phone case and a deeply evocative unique gift idea for Kolkata lovers, monsoon romantics, and collectors of cool phone covers that carry a whole neighbourhood's worth of feeling. Shop this designer phone case online and keep the rain close.

Some distances are measured not in floors but in heartbeats — this one knows exactly how many."
33,Achal - Couple Phone Case,https://black5creatives.in/product/,achal-couple-phone-case,https://black5creatives.in/product/achal-couple-phone-case,Valentines Day Cover Collections,"One reading, one walking, both entirely at home in the same beautiful place — the Achal - Couple Phone Case captures the quiet intimacy of love that needs no performance. Available in Soft Silicone and Hybrid Metal, compatible with iPhones, Samsung, OnePlus, Motorola, Realme, Vivo, OPPO, and Google Pixel. Comfortable. Timeless. Real.","The most honest love stories are the ones where nobody is performing for anyone.

The Achal - Couple Phone Case is a cinematic tribute to the everyday intimacy of two people simply being. A figure in a red kurta-pyjama sits cross-legged on the sunlit marble floor of a grand colonial corridor, smiling into an open book — while in the same breath, a figure in a flowing red saree with a long dark plait walks unhurriedly toward a grand arched doorway at the hallway's far end. Teal colonial doors stand open on both sides, lush monstera and tropical plants line the corridor in terracotta pots, warm sunlight pools in dramatic patches across the floor, and iron roof trusses frame the sky above — making this heritage corridor-themed couple phone case feel like the most lived-in, beautiful frame ever captured from a life worth having.

The Soft Silicone variant offers a flexible, lightweight silicone phone case with dependable everyday protection and a warm-toned finish that brings every architectural detail of this sun-drenched illustration to life. The Hybrid Metal variant honours the design's depth — a structured metal phone case shell fused with a cushioned silicone interior for a premium hybrid phone case and protective phone cover as considered and quietly enduring as the moment it depicts.

Compatible with iPhones, Samsung Galaxy, OnePlus, Motorola, Realme, Vivo, OPPO, and Google Pixel — this aesthetic Android phone cover and iPhone case is precision-engineered for every major device launched in the last five years.

An extraordinarily intimate customized phone case and a profoundly meaningful unique gift idea for couples, heritage lovers, and collectors of cool phone covers that understand what real comfort between two people actually looks like. Shop this designer phone case online and carry the warmth of a life fully lived.

Home isn't always a place — sometimes it's a person reading on the floor while you walk by."
34,Kalank - Romantic Couple Phone Case,https://black5creatives.in/product/,kalank-romantic-couple-phone-case,https://black5creatives.in/product/kalank-romantic-couple-phone-case,Valentines Day Cover Collections,"A hand reaching down, a hand reaching up, and a river that remembers everything — the Kalank - Romantic Couple Phone Case is a ghaat love story seen from above in jade, gold, and lotus bloom. Available in Soft Silicone and Hybrid Metal, compatible with iPhones, Samsung, OnePlus, Motorola, Realme, Vivo, OPPO, and Google Pixel. Reach. Connect. Remember.","Every great love story has a moment when two hands find each other — this one captures it from the sky.

The Kalank - Romantic Couple Phone Case unfolds in a breathtaking overhead composition that turns a single tender gesture into something almost mythological. Viewed from above, a figure in a cream and golden-yellow saree stands on the top stone step of a riverside ghaat, dupatta flowing, reaching one hand downward — while a figure in a deep maroon kurta-dhoti climbs the white steps below, hand extended upward in return. Two weathered wooden boats float on luminous jade-teal water above them, blush-pink lotus flowers and fresh green lily pads drift lazily across the surface, and the rippling water fills every inch of the canvas with a shimmering pattern that makes this ghaat-themed couple phone case feel like a frame from the most beautifully composed Indian film never made.

The Soft Silicone variant delivers a slim, flexible silicone phone case with precise drop protection and a jewel-bright finish that captures every luminous teal and golden tone in this aerial illustration. The Hybrid Metal variant makes it permanent — a structured metal phone case shell fused with a cushioned silicone interior for a premium hybrid phone case and protective phone cover as enduring as the gesture it depicts.

Compatible with iPhones, Samsung Galaxy, OnePlus, Motorola, Realme, Vivo, OPPO, and Google Pixel — this aesthetic Android phone cover and iPhone case is precision-engineered for every major device launched within the last five years.

A visually stunning customized phone case and an unforgettable unique gift idea for couples, river lovers, and seekers of cool phone covers that carry genuine romantic weight. Shop this designer phone case online and hold onto what matters.

Some hands you reach for once — and never let go."
35,Together - Romantic Couple Phone Case,https://black5creatives.in/product/,together-romantic-couple-phone-case,https://black5creatives.in/product/together-romantic-couple-phone-case,Valentines Day Cover Collections,"Hilltop, sunset, each other — and honestly, nothing else was ever needed — the Together - Romantic Couple Phone Case is modern love rendered in mustard, sage, and every warm shade of right. Available in Soft Silicone and Hybrid Metal, compatible with iPhones, Samsung, OnePlus, Motorola, Realme, Vivo, OPPO, and Google Pixel. Present. Warm. Together.","The best views are always the ones you share with the right person — this case knows exactly what that feels like.

The Together - Romantic Couple Phone Case strips love back to its most elemental and universal frame. Two figures in casual everyday clothing stand arm in arm on a dark hilltop, faces turned slightly toward each other as if mid-laugh or mid-sentence, while a breathtaking layered desert landscape unfolds behind them in bold graphic bands of amber, rust, sage green and deep olive — a cream sun orb glowing quietly at the horizon where every warm colour meets. With no cultural ornamentation, no traditional dress and no era-specific detail, this sunset couple phone case belongs to anyone who has ever stood somewhere beautiful and thought — this is better because you're here.

The Soft Silicone variant delivers a flexible, lightweight silicone phone case with precise everyday protection and a clean warm finish that lets the design's bold colour-banded landscape breathe fully. The Hybrid Metal variant brings contemporary structure — a rigid metal phone case shell paired with a cushioned silicone interior for a premium hybrid phone case and protective phone cover as modern and quietly confident as the couple it depicts.

Compatible with iPhones, Samsung Galaxy, OnePlus, Motorola, Realme, Vivo, OPPO, and Google Pixel — this aesthetic Android phone cover and iPhone case fits every major device launched within the last five years.

A beautifully understated customized phone case and a universally heartfelt unique gift idea for modern couples, travel lovers, and collectors of cool phone covers that celebrate love without needing to announce it. Shop this designer phone case online and carry your favourite person everywhere.

Every destination is better when you arrive there together."
36,Rajani - Couple Phone Case,https://black5creatives.in/product/,rajani-couple-phone-case,https://black5creatives.in/product/rajani-couple-phone-case,Valentines Day Cover Collections,"Two panels, one lotus each, and a quiet understanding that needs no explanation — the Rajani - Couple Phone Case is Indian romance at its most regal, composed, and intentionally beautiful. Available in Soft Silicone and Hybrid Metal, compatible with iPhones, Samsung, OnePlus, Motorola, Realme, Vivo, OPPO, and Google Pixel. Regal. Deliberate. Matched.","Some love stories don't unfold — they simply arrive, fully formed and perfectly composed.

The Rajani - Couple Phone Case is a masterwork of split-panel symmetry and Indian graphic artistry. In the upper panel, a figure in a richly embroidered deep red sherwani holds a single blush-pink lotus with cool, composed elegance against a teal lotus pond backdrop. In the lower panel — separated by a bold teal and red border frame — a figure in a red and teal saree adorned with a maang tikka, chandelier earrings and layered necklace returns the gesture, lotus in hand, gaze steady and direct. Lush oversized leaves, abundant lotus blooms and geometric block-print saree borders fill every corner of this lotus-themed couple phone case, creating a composition where two portraits feel less like separate images and more like two halves of a single, beautifully matched thought.

The Soft Silicone variant delivers a precise, flexible silicone phone case with reliable everyday drop protection and a vivid finish that captures every jewel-toned detail of this richly layered design. The Hybrid Metal variant commands the pairing — a structured metal phone case shell fused with a cushioned silicone interior for a premium hybrid phone case and protective phone cover as formally considered and enduring as the bond it celebrates.

Compatible with iPhones, Samsung Galaxy, OnePlus, Motorola, Realme, Vivo, OPPO, and Google Pixel — this designer Android phone cover and iPhone case is precision-engineered for every major device of the past five years.

A strikingly elegant customized phone case and an exceptional unique gift idea for couples who appreciate classical Indian art, heritage aesthetics, and cool phone covers that carry genuine cultural depth. Shop this designer phone case online and celebrate a love of equal bearing.

When two people are truly matched, even the flowers they hold look the same."
37,Let’s Walk - Romantic Couple Phone Case,https://black5creatives.in/product/,lets-walk-romantic-couple-phone-case,https://black5creatives.in/product/lets-walk-romantic-couple-phone-case,Valentines Day Cover Collections,"No umbrella, no problem — just a leaf, the rain, and someone worth getting a little wet for — the Let's Walk - Romantic Couple Phone Case is the most charming love story told in orange, green, and one brilliant natural solution. Available in Soft Silicone and Hybrid Metal, compatible with iPhones, Samsung, OnePlus, Motorola, Realme, Vivo, OPPO, and Google Pixel. Simple. Sweet. Unforgettable.","Real love isn't always grand gestures — sometimes it's holding a leaf over someone's head so they don't get rained on.

The Let's Walk - Romantic Couple Phone Case is the most quietly joyful design in the entire collection. Two figures walk barefoot through a shallow puddle, back-turned and completely unhurried — one in a burnt orange kurta and white dhoti holding a magnificent oversized taro leaf like the world's most resourceful umbrella, one arm wrapped around a companion bundled in an earthy brown shawl, both leaving perfect ripple circles in the green water beneath their feet. Scattered green teardrop rain falls around them, small botanical sprigs frame the lower corners, and a warm cream-peach background glows softly behind the giant leaf — making this monsoon-themed couple phone case the rare design that makes everyone who sees it smile before they even know why.

The Soft Silicone variant delivers a flexible, lightweight silicone phone case with dependable everyday protection and a warm-toned finish that honours every clean, charming detail of this minimalist illustration. The Hybrid Metal variant adds lasting strength — a structured metal phone case shell paired with a cushioned silicone inner for a premium hybrid phone case and protective phone cover as reliably caring as the figure holding that leaf.

Compatible with iPhones, Samsung Galaxy, OnePlus, Motorola, Realme, Vivo, OPPO, and Google Pixel — this aesthetic Android phone cover and iPhone case is precision-fit for every major device launched in the last five years.

A genuinely heartwarming customized phone case and the most endearing unique gift idea for couples, monsoon lovers, and seekers of cool phone covers that carry real warmth and a knowing smile. Shop this designer phone case online and celebrate love in its most honest, unplanned, perfectly imperfect form.

The best shelter was never the biggest — just the one held by the right person."
38,Yellow Moon - Romantic Couple Phone Case,https://black5creatives.in/product/,yellow-moon-romantic-couple-phone-case,https://black5creatives.in/product/yellow-moon-romantic-couple-phone-case,Valentines Day Cover Collections,"A vintage van, a golden moon the size of everything, and a wildflower field that goes on forever — the Yellow Moon - Romantic Couple Phone Case is the road trip you never want to end. Available in Soft Silicone and Hybrid Metal, compatible with iPhones, Samsung, OnePlus, Motorola, Realme, Vivo, OPPO, and Google Pixel. Drive on. Stay longer.","Some destinations aren't on any map — you only find them when you stop looking and start driving.

The Yellow Moon - Romantic Couple Phone Case is a cinematic midnight adventure distilled into one luminous frame. A pale powder-blue vintage VW camper van sits parked in the heart of a vast cosmos wildflower field, its sliding door thrown open as two small figures sit side by side facing an enormous blazing golden moon that rises perfectly centred behind them — a full amber orb so large it swallows the horizon.

Golden-outlined clouds drift across a midnight navy star-scattered sky on both sides, a dark silhouetted tree line frames the scene, and dense golden cosmos blooms fill every inch of the foreground in a wildflower sea — making this moon-themed couple phone case feel like a frame from the most beautiful road trip film never made.

The Soft Silicone variant delivers a flexible, precise silicone phone case with reliable everyday drop protection and a deep navy finish that makes every golden detail of this nocturnal illustration glow. The Hybrid Metal variant takes the journey further — a structured metal phone case shell fused with a cushioned silicone interior for a premium hybrid phone case and protective phone cover as adventure-ready and quietly extraordinary as the moment it captures.

Compatible with iPhones, Samsung Galaxy, OnePlus, Motorola, Realme, Vivo, OPPO, and Google Pixel — this aesthetic Android phone cover and iPhone case is precision-engineered for every major device launched within the last five years.
A breathtaking customized phone case and the ultimate unique gift idea for road trip romantics, night sky lovers, and collectors of cool phone covers that carry a whole adventure in one frame. Shop this designer phone case online and keep moving toward the light.

The best nights are the ones with no plan, no signal, and the right person beside you."
39,Jani Dekha Hobe - Romantic Bengali Quote Phone Case,https://black5creatives.in/product/,jani-dekha-hobe-romantic-bengali-quote-phone-case,https://black5creatives.in/product/jani-dekha-hobe-romantic-bengali-quote-phone-case,Quote Cover Collections,"Two hands that haven't touched yet, a promise written in gold, and rain that witnessed everything — the Jani Dekha Hobe - Romantic Bengali Quote Phone Case is a love letter to every goodbye that was never really one. Available in Soft Silicone and Hybrid Metal, compatible with iPhones, Samsung, OnePlus, Motorola, Realme, Vivo, OPPO, and Google Pixel. Until we meet again.","Some goodbyes are not endings — they are the most beautiful kind of promise.

The Jani Dekha Hobe - Romantic Bengali Quote Phone Case is unlike anything else in the collection — a pure cinematic statement piece where Bengali typography, emotion, and visual poetry collide into one unforgettable design. Two three-dimensional golden hands reach toward each other across a deep olive-black rain-streaked canvas, fingertips almost meeting, as bold mixed gold-and-white Bangla lettering — ""জানি দেখা হবে"" — layers dramatically between them. A cream silhouette of a back-turned figure stands in the rain above, an outline Ambassador car waits below, decorative ivory scroll-clouds and a glowing moon drift through the darkness, and small birds trace the rainy sky — every element working together to create a Bengali quote phone case that hits with the weight of a classic Kolkata film scene.

The Soft Silicone variant wraps your device in a flexible, snug silicone phone case with reliable everyday protection and a deep matte finish that makes every gold element radiate against the dark background. The Hybrid Metal variant honours the drama fully — a structured metal phone case shell fused with a cushioned silicone interior for a premium hybrid phone case and protective phone cover as bold and emotionally resonant as the words it carries.

Compatible with iPhones, Samsung Galaxy, OnePlus, Motorola, Realme, Vivo, OPPO, and Google Pixel — this designer Android phone cover and iPhone case is precision-engineered for every major device launched within the last five years.
An extraordinarily soulful customized phone case and the most meaningful unique gift idea for Bengali culture lovers, Kolkata romantics, and collectors of cool phone covers that carry the full weight of a language's longing. Shop this designer phone case online and carry a promise that never expires.

কিছু বিদায় আসলে প্রতিশ্রুতি — আর এই ডিজাইনটি সেটাই বলে।
(Some goodbyes are actually promises — and this design says exactly that.)"
43,Sunset - Couple Phone Case,https://black5creatives.in/product/,sunset-couple-phone-case,https://black5creatives.in/product/sunset-couple-phone-case,Valentines Day Cover Collections,"Same building, different floors, one amber evening that changes everything — the Sunset - Couple Phone Case is old neighbourhood romance at its most golden, theatrical, and completely inevitable. Available in Soft Silicone and Hybrid Metal, compatible with iPhones, Samsung, OnePlus, Motorola, Realme, Vivo, OPPO, and Google Pixel. Golden. Classic. Inevitable.","Every great love story needs a building — this one found the perfect one.

The Sunset - Couple Phone Case is a split-level architectural romance painted in the most cinematic shades of marigold and teal. On the upper floor, a figure in a deep red kurta and white dhoti stands at a colonial teal railing, backlit by a blazing white sun orb against a saturated amber sky — confident, watchful, perfectly framed. On the lower floor of the same continuous golden facade, a figure in a white saree with a red border parts deep crimson curtains in a teal-shuttered window, flanked by white jasmine blooms in terracotta pots on both sides. The same amber wall connects both panels into a single unbroken architectural portrait — making this neighbourhood romance-themed couple phone case feel like the opening frame of a Bengali film that everyone in the audience already knows will end well.

The Soft Silicone variant delivers a flexible, precise silicone phone case with reliable everyday drop protection and a bold warm finish that makes every marigold and teal detail of this graphic illustration pop. The Hybrid Metal variant commands the same stage as the design — a structured metal phone case shell fused with a cushioned silicone interior for a premium hybrid phone case and protective phone cover as theatrically composed and enduring as the love story it frames.

Compatible with iPhones, Samsung Galaxy, OnePlus, Motorola, Realme, Vivo, OPPO, and Google Pixel — this designer Android phone cover and iPhone case is precision-engineered for every major device of the past five years.

A gloriously vibrant customized phone case and a timelessly romantic unique gift idea for Kolkata lovers, vintage cinema enthusiasts, and seekers of cool phone covers that carry the full warmth of a city's golden hour. Shop this designer phone case online and celebrate the romance that lives in every building on every old street.

Some stories begin with a glance from a balcony — and last a lifetime."
44,Leaf Of Love - Romantic Couple Phone Case,https://black5creatives.in/product/,leaf-of-love-romantic-couple-phone-case,https://black5creatives.in/product/leaf-of-love-romantic-couple-phone-case,Valentines Day Cover Collections,"Carry the warmth of tradition and love wherever you go. The Leaf Of Love - Romantic Couple Phone Case wraps your phone in rich folk-art elegance — vibrant teal, crimson, and gold tones that feel timeless. Available in Soft Silicone and Hybrid Metal for iPhones, Samsung, OnePlus, Motorola, Realme, Vivo, OPPO, and Google Pixel. Love this deep deserves a case this beautiful.","Where heritage meets heart, every glance at your phone becomes a moment worth feeling.

Inspired by the timeless beauty of Indian folk art, this designer phone case brings a richly illustrated romantic couple to life — draped in a hand-painted saree and dhoti, framed by golden tropical leaves and a delicate white lotus. The warm ivory canvas, deep teal greens, and bold crimson stripes draw from traditional textile patterns, creating an aesthetic that feels both cultural and deeply personal.

Choose the Soft Silicone variant for a flexible, cushioned grip that keeps your device safe in everyday use — a lightweight silicone phone case that hugs every curve. Prefer something more premium? The Hybrid Metal option delivers a sleek, protective phone cover that blends structured metal with soft silicone edges for maximum style and durability.

Precision-fit for iPhones, Samsung Galaxy, OnePlus, Motorola, Realme, Vivo, OPPO, and Google Pixel devices launched in recent years — making it the perfect Android phone cover or iPhone case for anyone who appreciates artistry.

A heartfelt customized phone case and a truly unique gift idea for anyone who wears their love for culture proudly.

Shop this folk-art treasure online — because your phone should tell a love story worth remembering."
45,Jhula - Romantic Couple Phone Case,https://black5creatives.in/product/,jhula-romantic-couple-phone-case,https://black5creatives.in/product/jhula-romantic-couple-phone-case,Valentines Day Cover Collections,"Carry a moment of timeless romance wherever you go. The Jhula - Romantic Couple Phone Case wraps poetic love in blooming pink florals and traditional charm — available in Soft Silicone and Hybrid Metal finishes. Compatible with iPhones, Samsung, OnePlus, Realme, Vivo, OPPO, Motorola and Google Pixel. Some stories deserve to be on display.","Love frozen in full bloom — that is what this case carries.

The Jhula - Romantic Couple Phone Case is an ode to timeless connection, illustrated through a breathtaking scene of two figures sharing a quiet moment on a traditional swing, framed by cascading cherry blossoms and soft love-letter typography in the background. The rich teal and pink palette, paired with delicate Indian artistry, gives this design a cinematic, emotionally resonant quality unlike anything generic.

Choose the Soft Silicone variant for a lightweight, flexible silicone phone case with a comfortable grip, or go for the Hybrid Metal finish — a premium hybrid phone case combining structured metal with silicone for superior protection. Both deliver as a fully protective phone cover built for daily use.

This aesthetic phone case fits iPhones, Samsung Galaxy devices, OnePlus, Motorola, Realme, Vivo, OPPO and Google Pixel — making it a versatile Android phone cover across top brands.

A stunning customized phone case and a unique gift idea for anyone who appreciates art-driven, designer phone covers. Buy this phone case online and wear your love for culture and romance on your sleeve — literally.

Let your phone tell the story your heart already knows."
46,The Talk - Couple Phone Case,https://black5creatives.in/product/,the-talk-couple-phone-case,https://black5creatives.in/product/the-talk-couple-phone-case,Valentines Day Cover Collections,"Old-world elegance, reimagined for your pocket. The Talk - Couple Phone Case brings vintage Indian artistry to life in deep burnt orange and antique gold tones — in Soft Silicone or Hybrid Metal. Fits iPhones, Samsung, OnePlus, Realme, Vivo, OPPO, Motorola and Google Pixel. Because heritage never goes out of style.","When nostalgia wears a kurta and the gramophone plays on — this is that moment, captured.

The Talk - Couple Phone Case transports you to a golden era of Indian culture through a richly layered, panel-style illustration. Mustachioed figures, intricately draped sarees, a brass gramophone and ornate carved borders come together in a stunning palette of burnt sienna, deep brown and antique gold — evoking the grandeur of vintage Indian cinema and folk artistry in one frame.

The flexible Soft Silicone variant delivers a snug, shock-absorbing silicone phone case with a tactile matte feel, while the Hybrid Metal option brings bold structure as a premium hybrid phone case — both offering dependable protection as a daily-use protective phone cover.

Precision-cut for iPhones, Samsung Galaxy, OnePlus, Motorola, Realme, Vivo, OPPO and Google Pixel — this aesthetic phone case works seamlessly as an Android phone cover across all major devices.

A truly distinctive customized phone case and a remarkable unique gift idea for anyone drawn to heritage art and designer phone covers. Shop this themed phone case online and let your device carry a piece of history.

Wear the past boldly — one conversation at a time."
47,Heer - Romantic Couple Aesthetic Phone Case,https://black5creatives.in/product/,heer-romantic-couple-aesthetic-phone-case,https://black5creatives.in/product/heer-romantic-couple-aesthetic-phone-case,Aesthetic Cover Collections,"Mythology meets modern art on your phone. The Heer - Romantic Couple Aesthetic Phone Case blazes with crimson mountains, lotus blooms and divine love rendered in vivid folk-modern style — available in Soft Silicone and Hybrid Metal. Compatible with iPhones, Samsung, OnePlus, Realme, Vivo, OPPO, Motorola and Google Pixel. Carry a legend, not just a case.","Some love stories were written by the universe itself — this one lives on your phone.

The Heer - Romantic Couple Aesthetic Phone Case draws from the depth of Indian mythology and folk artistry, portraying a divine couple framed by crimson peaks, a winding sacred river and a sky alive with swirling blue patterns. Blooming lotus flowers, intricate adornments and bold flat colour blocking give this design a Madhubani-inspired quality that feels both ancient and strikingly contemporary.

The Soft Silicone variant wraps your device in a slim, flexible silicone phone case engineered for everyday grip and drop resistance. Prefer something more commanding? The Hybrid Metal finish is a structured hybrid phone case that fuses metal durability with silicone cushioning — a truly protective phone cover for any lifestyle.

Designed to fit iPhones, Samsung Galaxy, OnePlus, Motorola, Realme, Vivo, OPPO and Google Pixel — this versatile Android phone cover slots perfectly into any device lineup.

Whether you are searching for a one-of-a-kind customized phone case, a spiritual aesthetic phone case, or a unique gift idea rooted in cultural artistry, this designer phone cover delivers. Buy this themed phone case online and own a piece of living mythology.

Let devotion and design speak — every single day."
48,Moments - Couple Phone Case,https://black5creatives.in/product/,moments-couple-phone-case,https://black5creatives.in/product/moments-couple-phone-case,Valentines Day Cover Collections,"Some moments deserve to last forever. The Moments - Couple Phone Case captures a breathtaking sunset scene — blazing orange skies, teal mountain layers and wildflower banks — in Soft Silicone and Hybrid Metal finishes. Compatible with iPhones, Samsung, OnePlus, Realme, Vivo, OPPO, Motorola and Google Pixel. This is what forever looks like.","Two people, one rock, and the whole world painted in gold and teal — that is the Moments - Couple Phone Case.

This stunning nature-themed phone case captures the magic of a shared sunset through bold, layered flat illustration. A colossal orange sun descends behind tiered teal mountains while a winding river reflects the sky and vivid wildflowers frame the foreground in red, amber and gold. The result is a vibrant yet deeply calming visual — part travel poster art, part love letter to the outdoors.

The Soft Silicone variant is a lightweight, flexible silicone phone case that absorbs daily bumps without adding bulk. The Hybrid Metal finish elevates your carry as a premium hybrid phone case — rigid, refined and built as a serious protective phone cover for the long haul.

This aesthetic phone case is precision-fitted for iPhones, Samsung Galaxy, OnePlus, Motorola, Realme, Vivo, OPPO and Google Pixel — a seamless Android phone cover across all leading devices.

Looking for a cool customized phone case, a designer phone cover with genuine visual depth, or a unique gift idea for a nature-loving soul? Shop this scenic phone case online and give your device an upgrade worth remembering.

Because the best moments deserve the best frame."
49,Golden River - Aesthetic Phone Case,https://black5creatives.in/product/,golden-river-aesthetic-phone-case,https://black5creatives.in/product/golden-river-aesthetic-phone-case,Aesthetic Cover Collections,"Still waters, blazing skies, zero noise. The Golden River - Aesthetic Phone Case frames a solitary river journey in fiery amber, vermillion and lush tropical green — available in Soft Silicone and Hybrid Metal. Compatible with iPhones, Samsung, OnePlus, Realme, Vivo, OPPO, Motorola and Google Pixel. For those who find peace in the journey, not the destination.","One figure, one river, one sun swallowing the entire horizon — stillness has never looked this striking.

The Golden River - Aesthetic Phone Case is a visual meditation rendered in bold, woodblock-inspired flat illustration. A lone silhouette stands at the helm of a narrow boat, punting toward an oversized striped sunset that commands the entire composition. Lush tropical banana leaves arch dramatically on either side while ornate swirling clouds drift above in golden amber — creating a design that feels simultaneously ancient and arrestingly modern.

The Soft Silicone variant offers a featherlight, flexible silicone phone case with reliable shock absorption for everyday carry. Step up to the Hybrid Metal finish for a premium hybrid phone case that pairs metal rigidity with silicone cushioning — a dependable protective phone cover built to last.

Tailored to fit iPhones, Samsung Galaxy, OnePlus, Motorola, Realme, Vivo, OPPO and Google Pixel — this nature-themed Android phone cover works beautifully across all major devices.

A captivating customized phone case for anyone drawn to solitude, travel art and bold aesthetics — and an exceptional unique gift idea for admirers of designer phone covers. Buy this scenic phone case online and carry that golden calm everywhere you go.

Let the river lead — your phone already knows the way."
50,Red Horse - Aesthetic Phone Case,https://black5creatives.in/product/,red-horse-aesthetic-phone-case,https://black5creatives.in/product/red-horse-aesthetic-phone-case,Aesthetic Cover Collections,"Bold folklore, built for your back pocket. The Red Horse - Aesthetic Phone Case gallops onto your device in striking crimson, cornflower blue and crisp white Nordic folk art — in Soft Silicone and Hybrid Metal finishes. Compatible with iPhones, Samsung, OnePlus, Realme, Vivo, OPPO, Motorola and Google Pixel. Own something that stands out before you even say a word.","Not every pattern has a story — this one has an entire tradition behind it.

The Red Horse - Aesthetic Phone Case draws from the rich visual language of Scandinavian folk art, centering a boldly decorated crimson horse against a crisp white field bursting with blue birds, stylized blooms, bare black branches and intricate red and blue leaf motifs. The composition is dense yet balanced — every inch deliberate, every element rooted in the handcrafted Dala horse tradition that has symbolised strength and spirit for centuries.

The Soft Silicone variant delivers a snug, flexible silicone phone case that cushions your device through daily wear without compromising the vibrancy of the print. The Hybrid Metal option is a precision-built hybrid phone case combining structural metal with silicone edges — a bold protective phone cover for those who carry their style seriously.

Compatible with iPhones, Samsung Galaxy, OnePlus, Motorola, Realme, Vivo, OPPO and Google Pixel — this folk-art Android phone cover fits all leading devices with precision.

A head-turning customized phone case and a truly unique gift idea for anyone who loves designer phone covers with cultural depth. Shop this Nordic-themed phone case online and let your device wear art that means something.

Some patterns are just pretty — this one has a soul."
51,The Royal Feather - Aesthetic Phone Case,https://black5creatives.in/product/,the-royal-feather-aesthetic-phone-case,https://black5creatives.in/product/the-royal-feather-aesthetic-phone-case,Floral Cover Collections,"Elegance that needs no colour to command a room. The Royal Feather - Aesthetic Phone Case showcases a mandala-detailed peacock in razor-sharp white linework against deep black — available in Soft Silicone and Hybrid Metal. Compatible with iPhones, Samsung, OnePlus, Realme, Vivo, OPPO, Motorola and Google Pixel. Because true sophistication is always monochrome.","When every line is intentional, no colour is necessary — welcome to The Royal Feather - Aesthetic Phone Case.

At the heart of this design sits a magnificently detailed peacock, its plumage rendered in fine mandala-inspired linework and set within a circular medallion that radiates quiet authority. Dense floral vines, scrolling botanical borders and intricate rosette motifs fill every edge of the composition — all executed in brilliant white against a deep, uncompromising black. The result is a design that bridges fine-line engraving, Indian folk artistry and contemporary monochrome aesthetics in one seamless piece.

The Soft Silicone variant wraps your device in a slim, flexible silicone phone case — lightweight enough for all-day carry while absorbing everyday impact. For those wanting more presence, the Hybrid Metal finish is a structured hybrid phone case that pairs metal strength with silicone protection — a premium protective phone cover that matches the boldness of the design.

Precision-fitted for iPhones, Samsung Galaxy, OnePlus, Motorola, Realme, Vivo, OPPO and Google Pixel — an elegant Android phone cover across every major platform.

Whether you are after a sophisticated customized phone case, a monochrome aesthetic phone case, or a standout unique gift idea for lovers of fine art and designer phone covers — this is it. Buy this intricately themed phone case online and let refined artistry speak for itself.

Royalty was never loud — it was always this detailed."
52,Colors of Night - Aesthetic Phone Case,https://black5creatives.in/product/,colors-of-night-aesthetic-phone-case,https://black5creatives.in/product/colors-of-night-aesthetic-phone-case,Floral Cover Collections,"When the night blooms, it blooms like this. The Colors of Night - Aesthetic Phone Case erupts in neon pinks, molten gold and deep violet botanicals against a dramatic dark sky — in Soft Silicone and Hybrid Metal. Compatible with iPhones, Samsung, OnePlus, Realme, Vivo, OPPO, Motorola and Google Pixel. For those who shine brightest after dark.","Not all gardens sleep at night — some are just waiting to ignite.

The Colors of Night - Aesthetic Phone Case plunges you into a surreal botanical world where towering lupins and spiked foxglove blooms blaze in neon magenta, amber and electric violet against a deep, star-flecked navy sky. Desaturated grey-toned foliage anchors the composition below while billowing neon clouds erupt above — creating a tension between darkness and colour that feels cinematic, alive and completely unlike anything else on the market.

The Soft Silicone variant is a flexible, skin-close silicone phone case that keeps your device protected without muting the vibrancy of this explosive print. Prefer something with more edge? The Hybrid Metal finish delivers a bold hybrid phone case with structural metal reinforcement and silicone cushioning — a premium protective phone cover as dramatic as the design itself.

Fits iPhones, Samsung Galaxy, OnePlus, Motorola, Realme, Vivo, OPPO and Google Pixel — a show-stopping Android phone cover engineered for all major devices.

The perfect customized phone case for anyone drawn to dark floral aesthetics, and an unforgettable unique gift idea for lovers of bold, designer phone covers. Shop this nocturnal botanical phone case online and wear the night on your sleeve.

Some colours only come alive in the dark — yours should too."
53,Black Bird - Aesthetic Phone Case,https://black5creatives.in/product/,black-bird-aesthetic-phone-case,https://black5creatives.in/product/black-bird-aesthetic-phone-case,Aesthetic Cover Collections,"Pure ink, zero limits. The Black Bird - Aesthetic Phone Case captures a mandala-detailed hummingbird lost in a wild botanical tangle — all in striking black on white — available in Soft Silicone and Hybrid Metal. Compatible with iPhones, Samsung, OnePlus, Realme, Vivo, OPPO, Motorola and Google Pixel. Art this precise deserves to be seen every day.
","Every line was drawn with intention — and it shows.

The Black Bird - Aesthetic Phone Case is a masterclass in fine-line illustration, featuring a hummingbird whose entire form is constructed from intricate mandala patterns, flowing feather plumes and delicate zentangle detailing. Sweeping botanicals — oversized ink-filled daisy blooms, layered tropical leaves and scattered dot accents — fill the composition organically, creating a design that rewards every second look with something new to discover. Set against a clean white background, the contrast is sharp, confident and utterly striking.

The Soft Silicone variant offers a slim, flexible silicone phone case that keeps the print vivid and your device cushioned through everyday use. For a more substantial carry, the Hybrid Metal finish is a precision-crafted hybrid phone case combining rigid metal structure with silicone shock absorption — a reliable protective phone cover that holds its own.

Perfectly fitted for iPhones, Samsung Galaxy, OnePlus, Motorola, Realme, Vivo, OPPO and Google Pixel — a versatile monochrome Android phone cover across all leading brands.

An exceptional customized phone case for ink art enthusiasts and a genuinely unique gift idea for anyone who appreciates detail-driven designer phone covers. Buy this botanical-themed phone case online and carry a hand-drawn world in your pocket.

Because great art never needs colour to leave a mark."
54,Black Women - Aesthetic Phone Case,https://black5creatives.in/product/,black-women-aesthetic-phone-case,https://black5creatives.in/product/black-women-aesthetic-phone-case,Aesthetic Cover Collections,"A civilization's worth of artistry, held in your hand. The Black Women - Aesthetic Phone Case weaves sacred Indian folk symbols — golden halos, lotus blooms, elephants and ceremonial motifs — into a stunning black and gold pattern, in Soft Silicone and Hybrid Metal. Compatible with iPhones, Samsung, OnePlus, Realme, Vivo, OPPO, Motorola and Google Pixel. Wear your roots with pride.","Some designs carry culture — this one carries an entire civilisation.

The Black Women - Aesthetic Phone Case is an intricate tapestry of Indian folk iconography, constructed as a repeating grid of white and gold symbols against a deep, commanding black. Saree-clad figures with golden halos hold lotus blooms at the centre of each tile, surrounded by marching elephants, spinning Ashoka wheels, oil lamps, grain sprigs, musicians and ceremonial vessels — every element drawn from the visual vocabulary of Warli and Madhubani folk traditions. A vertical antique gold panel cuts through the composition, adding a layer of ceremonial opulence.

The Soft Silicone variant is a lightweight, flexible silicone phone case that fits flush against your device while keeping every intricate detail of this print sharp and protected. For something more commanding, the Hybrid Metal finish is a structured hybrid phone case that merges metal durability with silicone cushioning — a premium protective phone cover worthy of the design it carries.

Compatible with iPhones, Samsung Galaxy, OnePlus, Motorola, Realme, Vivo, OPPO and Google Pixel — a culturally rich Android phone cover engineered for all major devices.

A deeply meaningful customized phone case and an extraordinary unique gift idea for anyone who values heritage art and designer phone covers with real soul. Shop this folk-art themed phone case online and carry a piece of living tradition.

Your culture deserves to be displayed — not just remembered."
55,A Boat - Women Special Aesthetic Phone,https://black5creatives.in/product/,a-boat-women-special-aesthetic-phone,https://black5creatives.in/product/a-boat-women-special-aesthetic-phone,Aesthetic Cover Collections,"Stillness you can carry everywhere. A Boat - Women Special Aesthetic Phone drifts through a lush lotus pond in deep teal, emerald green and blush pink — seen from above, rendered in dreamy detail — in Soft Silicone and Hybrid Metal. Compatible with iPhones, Samsung, OnePlus, Realme, Vivo, OPPO, Motorola and Google Pixel. For souls who find magic in quiet moments.","Look down, drift away — this is the view from perfect stillness.

A Boat - Women Special Aesthetic Phone transports you to a serene lotus pond through a breathtaking aerial composition. A wooden rowboat glides through deep midnight-teal water while a solitary figure in a yellow hat sits quietly within — surrounded by oversized emerald lily pads, softly blooming pink lotus flowers and delicate circular ripples that scatter across the surface like whispered thoughts. The Studio Ghibli-inspired artistry makes every detail feel alive, intimate and endlessly peaceful.

The Soft Silicone variant delivers a featherlight, flexible silicone phone case that cushions daily impact while keeping every lush detail of this print crisp and vivid. For those seeking elevated carry, the Hybrid Metal finish is a premium hybrid phone case combining structured metal with silicone protection — a refined protective phone cover as serene as the design itself.

Precision-fitted for iPhones, Samsung Galaxy, OnePlus, Motorola, Realme, Vivo, OPPO and Google Pixel — a nature-inspired Android phone cover compatible with all major devices.

An ideal customized phone case for lovers of peaceful art aesthetics and a truly unique gift idea for anyone drawn to dreamy, designer phone covers with emotional depth. Buy this lotus-themed phone case online and let tranquillity travel with you.

Some escapes fit right in your pocket — this is one of them."
56,Nascita - Aesthetic Bengali Quote Phone Case,https://black5creatives.in/product/,nascita-aesthetic-bengali-quote-phone-case,https://black5creatives.in/product/nascita-aesthetic-bengali-quote-phone-case,Quote Cover Collections,"Some words are worth carrying forever. The Nascita - Aesthetic Bengali Quote Phone Case blooms with bold Bengali typography and layers of soft pink and plum lotus florals — in Soft Silicone and Hybrid Metal. Compatible with iPhones, Samsung, OnePlus, Realme, Vivo, OPPO, Motorola and Google Pixel. Because your language is your identity.","A promise written in lotus and ink — reborn on every glance.

The Nascita - Aesthetic Bengali Quote Phone Case is a celebration of language, emotion and floral artistry in one breathtaking design. Bold Bengali typography takes centre stage, its oversized crimson and navy letterforms adorned with delicate internal linework that gives each character an almost hand-carved quality. Behind and below, a lush dreamscape of layered pink, white and deep plum lotus blooms rises from misty lily-pad waters — creating a composition that feels equal parts poetry and painting.

The Soft Silicone variant is a flexible, slim silicone phone case that wraps your device snugly, preserving every typographic detail with reliable everyday protection. Prefer a stronger statement? The Hybrid Metal finish offers a robust hybrid phone case combining metal structure with silicone cushioning — a premium protective phone cover as expressive as the words it carries.

Tailored to fit iPhones, Samsung Galaxy, OnePlus, Motorola, Realme, Vivo, OPPO and Google Pixel — a culturally resonant Android phone cover across all leading devices.

A deeply personal customized phone case and an extraordinary unique gift idea for Bengali literature lovers and admirers of typographic designer phone covers. Shop this quote-themed phone case online and wear your mother tongue with quiet, blooming pride.

Some languages don't just speak — they sing."
57,Yellow Bird - Aesthetic Phone Case,https://black5creatives.in/product/,yellow-bird-aesthetic-phone-case,https://black5creatives.in/product/yellow-bird-aesthetic-phone-case,Aesthetic Cover Collections,"Where tropical greens meet golden village mornings. The Yellow Bird - Aesthetic Phone Case layers vivid canary yellow birds and sun-bright blooms over a dreamy Bengali village sketch — in Soft Silicone and Hybrid Metal. Compatible with iPhones, Samsung, OnePlus, Realme, Vivo, OPPO, Motorola and Google Pixel. Carry the warmth of home, wherever you wander.","Some designs don't just look good — they take you somewhere you've always loved.

The Yellow Bird - Aesthetic Phone Case is a masterfully layered botanical illustration that places vivid cadmium yellow birds and sun-bright tropical blooms over a softly sketched Bengali village scene. Thatched cottages, a winding village path and a lone wandering figure are rendered in delicate monochrome linework behind an explosion of deep forest green banana leaves and cheerful five-petal yellow flowers — creating a design that balances nostalgia and nature in perfect harmony.

The Soft Silicone variant is a flexible, snug silicone phone case that keeps your device protected through every day while letting the warmth of this print shine through. For elevated carry, the Hybrid Metal finish is a bold hybrid phone case that combines rigid metal construction with silicone cushioning — a dependable protective phone cover as vibrant as the design it frames.

Compatible with iPhones, Samsung Galaxy, OnePlus, Motorola, Realme, Vivo, OPPO and Google Pixel — a nature-inspired Android phone cover that fits all leading devices with precision.

A truly distinctive customized phone case and a heartfelt unique gift idea for anyone who loves botanical art and designer phone covers rooted in cultural warmth. Shop this village-themed phone case online and bring a little golden morning wherever the day takes you.

Home is not always a place — sometimes it lives on your phone."
58,Viso - Aesthetic Designer Phone Case,https://black5creatives.in/product/,viso-aesthetic-designer-phone-case,https://black5creatives.in/product/viso-aesthetic-designer-phone-case,Aesthetic Cover Collections,"This one does not blend in — it never will. The Viso - Aesthetic Designer Phone Case packs a full gallery of bold tribal mask faces in cobalt blue, vermillion red and mustard yellow into one electrifying design — in Soft Silicone and Hybrid Metal. Compatible with iPhones, Samsung, OnePlus, Realme, Vivo, OPPO, Motorola and Google Pixel. For those who wear art, not just carry it.","Every face tells a story — this case tells dozens at once.

The Viso - Aesthetic Designer Phone Case is a riot of ancient and contemporary energy, built from a repeating grid of bold tribal mask faces drawn from Egyptian, African and Pre-Columbian visual traditions. Each mask is distinct — striped headdresses, hollow expressive eyes, geometric brow markings and layered terracotta and cobalt detailing — yet together they form a relentlessly dynamic composition punctuated by golden rectangular frames, red sun circles and ghostly minimalist line figures. The white grid backdrop keeps the chaos focused, making every element hit harder.

The Soft Silicone variant is a lightweight flexible silicone phone case that cushions your device through daily use while keeping every bold colour and line razor sharp. Opt for the Hybrid Metal finish for a premium hybrid phone case that brings structural metal reinforcement together with silicone edge protection — a striking protective phone cover built for those who carry their personality loudly.

Engineered to fit iPhones, Samsung Galaxy, OnePlus, Motorola, Realme, Vivo, OPPO and Google Pixel — a culturally charged Android phone cover precision-cut for all major devices.

A genuinely one-of-a-kind customized phone case and a conversation-starting unique gift idea for fans of tribal art and bold designer phone covers. Buy this mask-themed phone case online and put a face — several, actually — to your style.

Stand out or stand aside — this case already chose."
59,Cycle - Aesthetic Phone Case,https://black5creatives.in/product/,cycle-aesthetic-phone-case,https://black5creatives.in/product/cycle-aesthetic-phone-case,Aesthetic Cover Collections,"Slow down and let the world bloom around you. The Cycle - Aesthetic Phone Case layers vintage bicycles, woodland creatures and flower-filled baskets across a dreamy dusty rose and cream canvas — in Soft Silicone and Hybrid Metal. Compatible with iPhones, Samsung, OnePlus, Realme, Vivo, OPPO, Motorola and Google Pixel. Life is better at a gentler pace.","Some afternoons never really end — they just move slower, and this case captures exactly that.

The Cycle - Aesthetic Phone Case is a richly layered cottagecore illustration where vintage bicycles loaded with wildflower baskets weave through a soft world of grazing deer, perched black cats and quietly sitting rabbits. Deep plum-brown silhouettes of spoked wheels and curved handlebars contrast beautifully against a warm cream backdrop washed with oversized dusty rose botanicals and pale sage leaves — creating a composition that feels like a storybook page frozen in golden hour light.

The Soft Silicone variant is a flexible, snug silicone phone case that cushions every bump of the day while keeping the warmth and detail of this print fully intact. For a more structured carry, the Hybrid Metal finish delivers a refined hybrid phone case combining metal rigidity with silicone shock absorption — a trustworthy protective phone cover as timeless as the design it holds.

Perfectly fitted for iPhones, Samsung Galaxy, OnePlus, Motorola, Realme, Vivo, OPPO and Google Pixel — a whimsical Android phone cover compatible across all major devices.

An utterly charming customized phone case and a wonderfully unique gift idea for lovers of vintage aesthetics and designer phone covers with quiet storytelling. Shop this cottagecore-themed phone case online and carry a little softness everywhere you go.

Not all journeys need speed — some just need the right case."
60,Lost But Don’t Quit - Motivational Quote Phone Case,https://black5creatives.in/product/,lost-but-dont-quit-motivational-quote-phone-case,https://black5creatives.in/product/lost-but-dont-quit-motivational-quote-phone-case,Quote Cover Collections,"Keep walking. The Lost But Don't Quit - Motivational Quote Phone Case slams a defiant message across a cinematic burnt orange urban jungle scene — in Soft Silicone and Hybrid Metal. Compatible with iPhones, Samsung, OnePlus, Realme, Vivo, OPPO, Motorola and Google Pixel. Because quitting was never actually an option.","The path is overgrown, the walls are crumbling — and the walk continues anyway.

The Lost But Don't Quit - Motivational Quote Phone Case is a cinematic declaration of resilience, rendered in the gritty visual language of graphic novel illustration. A lone figure carrying a heavy tactical backpack strides away from the viewer into a burnt orange urban jungle — ivy-clad ruins, dense tropical foliage and cracked architecture framing the scene on all sides. Dominating the composition, bold forest green typography spells out the message that hits hardest when you need it most.

The Soft Silicone variant is a flexible, impact-absorbing silicone phone case built for those who move fast and carry purpose. The Hybrid Metal finish steps it up as a rugged hybrid phone case — merging structural metal with silicone cushioning into a serious protective phone cover that matches the tenacity of this design.

Precision-fitted for iPhones, Samsung Galaxy, OnePlus, Motorola, Realme, Vivo, OPPO and Google Pixel — a hard-hitting Android phone cover engineered for every major device.

The ultimate customized phone case for those driven by ambition and a standout unique gift idea for anyone who needs a daily reminder to keep going. Buy this motivational quote phone case online and carry your resolve everywhere — literally.

Lost is just another word for finding your own way."
61,Long Sky - Special Phone Case for Travel Lovers,https://black5creatives.in/product/,long-sky-special-phone-case-for-travel-lovers,https://black5creatives.in/product/long-sky-special-phone-case-for-travel-lovers,Travel Cover Collections,"Some paths are meant to be walked alone. The Long Sky - Special Phone Case for Travel Lovers captures that golden forest silence — raw, cinematic, and deeply free. Available in Soft Silicone and Hybrid Metal for iPhones, Samsung, OnePlus, Motorola, Realme, Vivo, OPPO, and Google Pixel. Carry the journey everywhere.","Not all who wander need a destination — some just need the light ahead.

The Long Sky Special Phone Case is built for souls drawn to open trails and untamed skies. This stunning traveler-themed phone case features a lone backpacker gazing into a golden pine forest, surrounded by towering dark silhouettes and birds ascending toward the light. The warm amber and deep forest-green palette gives it a cinematic, poster-art quality that stands apart from every ordinary phone cover.

Choose the Soft Silicone variant for a lightweight, flexible silicone phone case with a secure grip, or go bold with the Hybrid Metal version — a rugged hybrid phone case that pairs metal structure with silicone protection for a truly protective phone cover built to last.

Precision-fit for iPhones, Samsung Galaxy, OnePlus, Motorola, Realme, Vivo, OPPO, and Google Pixel devices launched in recent years — finding your perfect Android phone cover or iPhone case has never been easier.

A customized phone case this striking doubles as a unique gift idea for travel enthusiasts and nature lovers. Shop this aesthetic phone case online and wear your wanderlust on your sleeve — or rather, in your hand.

Own the trail. Own the look."
62,Jungle Mein Mangal - Special Phone Case for Travel Lovers,https://black5creatives.in/product/,jungle-mein-mangal-special-phone-case-for-travel-lovers,https://black5creatives.in/product/jungle-mein-mangal-special-phone-case-for-travel-lovers,Travel Cover Collections,"The wild has its own language — and this case speaks it loud. Jungle Mein Mangal - Special Phone Case for Travel Lovers slaps bold jungle energy right on your phone. Rock it in Soft Silicone or Hybrid Metal — built for iPhones, Samsung, OnePlus, Motorola, Realme, Vivo, OPPO, and Google Pixel. Jungle rules, no apologies.","Deep in the wild, only the bold find their way — and your phone deserves that same energy.

The Jungle Mein Mangal Special Phone Case is a raw, unapologetic statement piece for those who live on their own terms. Massive distressed typography explodes across a dense jungle scene, where a green-hooded explorer pushes through lush tropical foliage against a backdrop of dark, towering trees with fiery rust-orange trunks. The deep green and burnt sienna palette gives this jungle-themed phone case a moody, street-poster intensity unlike anything else.

Available as a flexible Soft Silicone variant — a lightweight silicone phone case with excellent shock absorption — or as the bold Hybrid Metal edition, a rugged hybrid phone case combining metal reinforcement with a protective phone cover that handles daily wear like a pro.

Engineered to fit iPhones, Samsung Galaxy, OnePlus, Motorola, Realme, Vivo, OPPO, and Google Pixel — the perfect Android phone cover or iPhone case for every explorer out there.

Whether you're looking for a customized phone case, a cool designer phone cover, or a unique gift idea for adventure lovers, this aesthetic phone case is the one to shop online.

Answer the jungle's call — grab yours now."
63,Eat Sleep Travel Repeat - Special Phone Case for Travel Lovers,https://black5creatives.in/product/,eat-sleep-travel-repeat-special-phone-case-for-travel-lovers,https://black5creatives.in/product/eat-sleep-travel-repeat-special-phone-case-for-travel-lovers,Travel Cover Collections,"A mantra. A lifestyle. A statement. The Eat Sleep Travel Repeat - Special Phone Case for Travel Lovers puts your obsession on full display. Available in Soft Silicone and Hybrid Metal for iPhones, Samsung, OnePlus, Motorola, Realme, Vivo, OPPO, and Google Pixel. Because the next trip is always calling","Stand on the peak, feel the wind, and never look back — this case was made for that version of you.

The Eat Sleep Travel Repeat Special Phone Case turns your phone into a bold declaration of wanderlust. A lone backpacker commands a rocky mountain summit while dramatic golden skies, layered misty ranges, and soaring birds fill every corner of this stunning travel-themed phone case. The high-contrast mix of molten amber, stormy charcoal, and distressed gold typography gives it an electrifying cinematic poster quality that demands attention.

Pick the Soft Silicone version for a grippy, everyday silicone phone case that absorbs bumps on any terrain, or upgrade to the Hybrid Metal build — a premium hybrid phone case with a metal-reinforced protective phone cover designed for those who live rough and travel hard.

Perfectly sized for iPhones, Samsung Galaxy, OnePlus, Motorola, Realme, Vivo, OPPO, and Google Pixel — a versatile Android phone cover and iPhone case collection built for every kind of explorer.

This customized phone case makes a powerful unique gift idea for travel enthusiasts, or simply the coolest aesthetic phone cover you can buy online for yourself. Shop this designer phone case online and wear your travel identity proudly.

The summit awaits — claim your case today."
64,Blank - Aesthetic Phone Case,https://black5creatives.in/product/,blank-aesthetic-phone-case,https://black5creatives.in/product/blank-aesthetic-phone-case,Aesthetic Cover Collections,"Some minds are too wild to contain. The Blank - Aesthetic Phone Case captures that beautifully chaotic inner world — dark, mystical, and hauntingly detailed. Choose Soft Silicone or Hybrid Metal, compatible with iPhones, Samsung, OnePlus, Motorola, Realme, Vivo, OPPO, and Google Pixel. Wear the mystery.","When thoughts become smoke and the mind becomes a universe — this is what it looks like.

The Blank Aesthetic Phone Case is a masterpiece of dark surrealism, designed for those who live between reality and imagination. A mysterious figure exhales swirling smoke clouds that dissolve into a richly detailed cosmos of potion bottles, crescent moons, blooming roses, and intricate botanical linework — all rendered in striking monochrome ink-art against a deep black canvas. This occult-themed phone case carries a quiet, hypnotic intensity that no ordinary phone cover can match.

The Soft Silicone variant delivers a slim, flexible silicone phone case that preserves every fine detail of the artwork, while the Hybrid Metal edition offers a structured hybrid phone case with bold metal framing — a truly protective phone cover that feels as premium as it looks.

Precision-crafted for iPhones, Samsung Galaxy, OnePlus, Motorola, Realme, Vivo, OPPO, and Google Pixel — whether you need an iPhone case or a sleek Android phone cover, every model is covered.

A hauntingly beautiful customized phone case like this doubles as a unique gift idea for dark-aesthetic lovers and art enthusiasts alike. Buy this designer phone case online and let your phone say what words never could.

Embrace the chaos. Own the silence."
66,The Last Train - Aesthetic Phone Case,https://black5creatives.in/product/,the-last-train-aesthetic-phone-case,https://black5creatives.in/product/the-last-train-aesthetic-phone-case,Aesthetic Cover Collections,"Every city has a heartbeat — Mumbai's runs on rails. The Last Train - Aesthetic Phone Case captures that raw urban nostalgia in stunning ink-art detail. Available in Soft Silicone and Hybrid Metal for iPhones, Samsung, OnePlus, Motorola, Realme, Vivo, OPPO, and Google Pixel. Miss the train, never the moment.","The platform is empty, the yellow doors are closing — and somehow, it feels like poetry.

The Last Train Aesthetic Phone Case is a love letter to the city that never slows down. Rendered in meticulous graphic-novel linework, this Mumbai-inspired phone case layers colonial railway architecture, iconic yellow local trains, cathedral domes, and overhead wires into a sweeping urban panorama. A solitary figure with a backpack stands at the centre, gazing into the scene — while selective golden-yellow highlights cut through the monochrome ink-art canvas, giving it a cinematic editorial quality that feels both timeless and deeply personal.

The Soft Silicone variant is a lightweight silicone phone case that wraps your device in flexible, shock-absorbing protection without hiding a single detail of the artwork. Prefer something more commanding? The Hybrid Metal edition is a bold hybrid phone case that pairs a metal frame with a premium protective phone cover built for daily urban life.

Fits iPhones, Samsung Galaxy, OnePlus, Motorola, Realme, Vivo, OPPO, and Google Pixel — a city-themed Android phone cover and iPhone case made for everyone who calls the streets home.

A uniquely customized phone case like this is the perfect unique gift idea for city lovers, commuters, and art enthusiasts. Shop this designer phone case online and carry your city with you.

Catch the last train — before it's gone."
67,The Sunrise - Special Phone Case for Travel Lovers,https://black5creatives.in/product/,the-sunrise-special-phone-case-for-travel-lovers,https://black5creatives.in/product/the-sunrise-special-phone-case-for-travel-lovers,Travel Cover Collections,"Pull over, climb up, breathe it all in. The Sunrise - Special Phone Case for Travel Lovers freezes that perfect road-trip moment in vivid, cinematic colour. Grab it in Soft Silicone or Hybrid Metal — fits iPhones, Samsung, OnePlus, Motorola, Realme, Vivo, OPPO, and Google Pixel. The road never looked this good.","Some sunsets don't wait — you stop the Jeep, climb on top, and let the world turn gold around you.

The Sunrise Special Phone Case captures exactly that euphoric off-road moment in stunning stylized detail. A rugged backpacker stands tall atop a battle-worn Jeep, roof rack loaded and headlights glowing teal, as a blazing sunset explodes across the sky in deep purples, fiery oranges, and molten amber. Pine silhouettes frame the scene like a cinematic wide shot, making this road-trip-themed phone case one of the most visually striking designs in the collection.

The Soft Silicone variant is a flexible, grip-friendly silicone phone case that protects your device through every off-road bump and dusty trail. The Hybrid Metal edition steps it up as a premium hybrid phone case — structured, sleek, and built as a tough protective phone cover worthy of the adventure lifestyle it represents.

Available for iPhones, Samsung Galaxy, OnePlus, Motorola, Realme, Vivo, OPPO, and Google Pixel — an Android phone cover and iPhone case designed for those who choose the scenic route every single time.

Whether it's a customized phone case for yourself or a unique gift idea for a road trip obsessive, this aesthetic phone cover is ready to shop online right now.

Stop chasing sunsets — start wearing one."
68,Unknown - Special Phone Case for Travel Lovers,https://black5creatives.in/product/,unknown-special-phone-case-for-travel-lovers,https://black5creatives.in/product/unknown-special-phone-case-for-travel-lovers,Travel Cover Collections,"No destination. No deadline. Just open roads and endless green. Unknown - Special Phone Case for Travel Lovers brings that anime-soft countryside escape straight to your phone. Available in Soft Silicone and Hybrid Metal for iPhones, Samsung, OnePlus, Motorola, Realme, Vivo, OPPO, and Google Pixel. Ride your own story.","Sometimes the best rides are the ones with no plan — just a helmet, a dirt road, and the whole world turning green ahead of you.

The Unknown Special Phone Case wraps your device in a breathtaking anime-style countryside scene that feels lifted straight from a Studio Ghibli frame. A lone rider rests beside a classic black motorcycle on a winding rural path, surrounded by sweeping terraced tea fields, misty blue mountain ranges, and a sky full of soft rolling clouds. The vivid cerulean blues and lush greens give this motorcycle-themed phone case an airy, meditative quality that stands apart from every loud, high-contrast design out there.

The Soft Silicone variant is a smooth, lightweight silicone phone case that lets the artwork breathe while keeping your phone safe from everyday knocks. Prefer more substance? The Hybrid Metal edition is a refined hybrid phone case combining solid metal structure with a sleek protective phone cover — built to last as long as the open road.

Designed to fit iPhones, Samsung Galaxy, OnePlus, Motorola, Realme, Vivo, OPPO, and Google Pixel — a versatile Android phone cover and iPhone case for every rider and dreamer out there.

This serene customized phone case is a wonderful unique gift idea for motorcycle enthusiasts and anime art lovers alike. Shop this aesthetic designer phone case online and carry that open-road feeling everywhere you go.

The road is unknown — ride it anyway."
69,Safar - Aesthetic Phone Case,https://black5creatives.in/product/,safar-aesthetic-phone-case,https://black5creatives.in/product/safar-aesthetic-phone-case,Aesthetic Cover Collections,"Some journeys are never walked alone. Safar - Aesthetic Phone Case captures that mythic bond between the wild and the wanderer in breathtaking golden light. Available in Soft Silicone and Hybrid Metal for iPhones, Samsung, OnePlus, Motorola, Realme, Vivo, OPPO, and Google Pixel. Walk with the wild.","In the golden hour, even the wildest creatures walk beside you.

The Safar Aesthetic Phone Case tells a story no words can fully hold — a dark panther silhouette moves gracefully through sun-drenched grasslands alongside a small solitary figure, as radiant golden light pours through a misty forest canopy above. The warm molten golds, deep ambers, and hazy ochre tones wash across this nature-fantasy phone case like a painting come alive, evoking the quiet magic of Jungle Book reimagined as a cinematic fine-art piece.

The Soft Silicone variant offers a featherlight silicone phone case with a soft-touch finish that complements the artwork's dreamy, atmospheric quality. For those who want something more commanding, the Hybrid Metal edition delivers a premium hybrid phone case with a structured metal build and a protective phone cover that carries the same quiet strength as the design itself.

A perfect fit for iPhones, Samsung Galaxy, OnePlus, Motorola, Realme, Vivo, OPPO, and Google Pixel — this nature-themed Android phone cover and iPhone case suits every soul drawn to the wild.

An evocative customized phone case like this makes a deeply personal unique gift idea for nature lovers and storytellers alike. Buy this designer phone case online and let every glance at your phone feel like stepping into another world.

Your safar begins the moment you hold it."
70,Peace - Special Phone Case for Travel Lovers,https://black5creatives.in/product/,peace-special-phone-case-for-travel-lovers,https://black5creatives.in/product/peace-special-phone-case-for-travel-lovers,Travel Cover Collections,"Headphones on. World off. Peace - Special Phone Case for Travel Lovers bottles that perfect stillness — flowers, mountains, and music all in one breathtaking frame. Choose Soft Silicone or Hybrid Metal, compatible with iPhones, Samsung, OnePlus, Motorola, Realme, Vivo, OPPO, and Google Pixel. Find your frequency.","Close your eyes, press play, and let the mountains do the rest.

The Peace Special Phone Case is a vivid celebration of stillness — a lofi-inspired nature scene that wraps your phone in pure, unhurried beauty. A headphone-wearing figure sits cross-legged in a wildflower meadow bursting with reds, pinks, purples, and yellows, gazing toward a glassy river that winds into the heart of snow-capped mountains under a soft blue sky. The rich botanical detail and cool-to-warm colour journey across this floral mountain phone case create an almost meditative visual experience unlike any other phone cover in its class.

The Soft Silicone variant is a slim, flexible silicone phone case with a smooth finish that lets every petal and peak of the artwork shine through. For a more premium feel, the Hybrid Metal edition is a sophisticated hybrid phone case fusing a rigid metal frame with a refined protective phone cover — as composed and considered as the design it carries.

Precision-fitted for iPhones, Samsung Galaxy, OnePlus, Motorola, Realme, Vivo, OPPO, and Google Pixel — a nature-themed Android phone cover and iPhone case made for those who find their calm in wide open spaces.

Whether you're treating yourself to a customized phone case or searching for a unique gift idea for music and travel lovers, this aesthetic phone case is the one worth shopping online for.

Turn up the peace — your case is waiting."
71,Aktara - Aesthetic Phone Case,https://black5creatives.in/product/,aktara-aesthetic-phone-case,https://black5creatives.in/product/aktara-aesthetic-phone-case,Aesthetic Cover Collections,"When the strings speak, the whole forest listens. Aktara - Aesthetic Phone Case celebrates the soulful roots of folk music in a rich, culturally layered design. Available in Soft Silicone and Hybrid Metal for iPhones, Samsung, OnePlus, Motorola, Realme, Vivo, OPPO, and Google Pixel. Carry the song forward.","Some music doesn't need a stage — just open ground, a stringed instrument, and the world as your audience.

The Aktara Aesthetic Phone Case is a deeply cultural celebration of Indian folk artistry rendered in a bold, contemporary graphic style. A bearded musician sits cross-legged in a green kurta, playing a dotara with quiet devotion, while spotted deer gather on either side and black birds take flight across a background layered with Bengali script typography. The deep forest greens, crisp whites, and warm earthy tones give this folk-music-themed phone case the feel of a living artwork — one rooted in tradition yet completely modern in execution.

The Soft Silicone variant is a lightweight, precise silicone phone case that preserves every intricate detail of the Bengali script and illustration work. For those drawn to a stronger presence, the Hybrid Metal edition offers a bold hybrid phone case with a metal-reinforced build and a premium protective phone cover that honours the craftsmanship of the design it carries.

Available for iPhones, Samsung Galaxy, OnePlus, Motorola, Realme, Vivo, OPPO, and Google Pixel — a culturally expressive Android phone cover and iPhone case for art and music lovers everywhere.

This richly customized phone case makes a truly meaningful unique gift idea for lovers of Indian culture, folk music, and heritage art. Shop this one-of-a-kind designer phone case online and wear your roots with pride.

Let the aktara play — every time you pick up your phone."
72,Woods - Special Phone Case for Travel Lovers,https://black5creatives.in/product/,woods-special-phone-case-for-travel-lovers,https://black5creatives.in/product/woods-special-phone-case-for-travel-lovers,Travel Cover Collections,"No rules. No roads. Just the wild and the rider. Woods - Special Phone Case for Travel Lovers captures that frontier spirit in a hauntingly layered sunset scene. Available in Soft Silicone and Hybrid Metal for iPhones, Samsung, OnePlus, Motorola, Realme, Vivo, OPPO, and Google Pixel. Ride into the unknown.","When the last light hits the water and the pines go dark — that's where legends are made.

The Woods Special Phone Case delivers a breathtaking frontier wilderness scene straight from the edge of civilisation. A lone rider on horseback — hat on, rifle in hand — crosses a still, mirror-like wetland as a massive glowing sun sinks behind layered pine silhouettes in burnt orange and deep slate grey. The stunning water reflections and atmospheric depth layering give this wilderness-themed phone case a cinematic, Red Dead Redemption-inspired quality that turns every glance at your phone into a moment worth pausing for.

The Soft Silicone variant is a flexible, shock-absorbing silicone phone case that wraps your device cleanly while letting the dramatic artwork command full attention. For a tougher build, the Hybrid Metal edition is a rugged hybrid phone case combining solid metal reinforcement with a premium protective phone cover — as hardened and reliable as the frontier rider it depicts.

Engineered to fit iPhones, Samsung Galaxy, OnePlus, Motorola, Realme, Vivo, OPPO, and Google Pixel — a wilderness-themed Android phone cover and iPhone case for those who prefer the untamed over the ordinary.

This striking customized phone case doubles as a unique gift idea for adventure seekers, gaming enthusiasts, and nature lovers alike. Buy this bold designer phone case online and let your phone tell the story of the wild.

The woods are calling — answer with style."
73,Bookshelf 2.0 - Aesthetic Phone Case,https://black5creatives.in/product/,bookshelf-20-aesthetic-phone-case,https://black5creatives.in/product/bookshelf-20-aesthetic-phone-case,Aesthetic Cover Collections,"Books read. Worlds built. Identity worn. Bookshelf 2.0 - Aesthetic Phone Case blends literary depth with bold folk-art elegance in a striking monochrome design. Available in Soft Silicone and Hybrid Metal for iPhones, Samsung, OnePlus, Motorola, Realme, Vivo, OPPO, and Google Pixel. Wear your intellect proudly.","Every great mind has a shelf full of stories — this case carries that entire world on its back.

The Bookshelf 2.0 Aesthetic Phone Case is a masterfully composed tribute to the art of reading and the richness of cultural identity. The design splits into two distinct visual worlds: an upper panel featuring two intricately detailed folk-art birds rendered in the Madhubani tradition, and a lower panel where a kurta-clad, mustachioed reader sits absorbed in a book, flanked by towering decorated bookshelves and an ornate floral medallion. The crisp ivory, deep black, and layered grey palette gives this literary-themed phone case the refined gravitas of a collector's art print.

The Soft Silicone variant is a precise, lightweight silicone phone case that honours every geometric border and fine linework detail the artwork demands. For a more commanding presence, the Hybrid Metal edition offers a structured hybrid phone case with a bold metal frame and a premium protective phone cover that feels as considered and crafted as the design itself.

Compatible with iPhones, Samsung Galaxy, OnePlus, Motorola, Realme, Vivo, OPPO, and Google Pixel — a culturally expressive Android phone cover and iPhone case built for those who lead with their mind.

This sophisticated customized phone case is a deeply thoughtful unique gift idea for book lovers, art enthusiasts, and anyone who celebrates heritage through design. Shop this distinctive designer phone case online and let your phone reflect the depth of who you are.

Close the book. Open the case. Begin the conversation."
74,Tarang - Aesthetic Phone Case,https://black5creatives.in/product/,tarang-aesthetic-phone-case,https://black5creatives.in/product/tarang-aesthetic-phone-case,Aesthetic Cover Collections,"Where music becomes devotion and art becomes gold. Tarang - Aesthetic Phone Case brings the grandeur of Indian classical heritage to your phone in a breathtaking black and gold design. Available in Soft Silicone and Hybrid Metal for iPhones, Samsung, OnePlus, Motorola, Realme, Vivo, OPPO, and Google Pixel. Carry the legacy.","In the silence between two notes, an entire civilisation speaks.

The Tarang Aesthetic Phone Case is a stunning fusion of musical devotion and royal Indian artistry — rendered in a deep, lustrous palette of black, burnished gold, and ivory. A young musician sits cross-legged in quiet reverence, playing a stringed instrument against a backdrop of ornate temple motifs: golden floral scrollwork, majestic decorated elephants, and layered border bands that echo the grandeur of South Asian mural tradition. Every inch of this classical music-themed phone case feels like a fragment of a royal court frozen in time.

The Soft Silicone variant is a slim, precise silicone phone case that captures every golden detail and deep shadow of the artwork with absolute clarity. For those who want their phone to command the room, the Hybrid Metal edition delivers a premium hybrid phone case with a solid metal frame and a richly finished protective phone cover worthy of the regal design it holds.

Fits iPhones, Samsung Galaxy, OnePlus, Motorola, Realme, Vivo, OPPO, and Google Pixel — a heritage-inspired Android phone cover and iPhone case that transcends the ordinary.

A deeply crafted customized phone case like this is an exceptional unique gift idea for classical music lovers, culture enthusiasts, and collectors of fine art-inspired design. Shop this exquisite designer phone case online and let your phone resonate with something timeless.

Strike the strings — let the tarang begin."
75,Me Time - Aesthetic Phone Case Collection 01,https://black5creatives.in/product/,me-time-aesthetic-phone-case-collection-01,https://black5creatives.in/product/me-time-aesthetic-phone-case-collection-01,Aesthetic Cover Collections,"Just you, a book, and absolutely nowhere to be. Me Time - Aesthetic Phone Case Collection 01 wraps that cosy, uninterrupted reading ritual in warm mustard and flowing folk-art design. Choose Soft Silicone or Hybrid Metal, compatible with iPhones, Samsung, OnePlus, Motorola, Realme, Vivo, OPPO, and Google Pixel. Protect your peace.","Some moments belong to no one else — just a good book, a warm blanket, and the world locked outside.

The Me Time Aesthetic Phone Case Collection 01 is a warm, deeply personal celebration of solitude done right. A kurta-clad figure sits absorbed in a book, wrapped in flowing ivory fabric, as sweeping Art Nouveau-style botanical swirls bloom outward from the pages like imagination taking physical form. The rich mustard yellow backdrop, deep teal borders, and burnt ochre tones make this reading-themed phone case feel like a cosy corner of the world you never want to leave — framed by geometric folk-art border detailing that adds a distinctly Indian design sensibility.

The Soft Silicone variant is a snug, lightweight silicone phone case with clean edges that let every warm colour and decorative swirl of the artwork breathe naturally. Prefer something with more structure? The Hybrid Metal edition is a refined hybrid phone case with a solid metal frame and a premium protective phone cover that feels as considered and composed as a well-chosen read.

Perfectly sized for iPhones, Samsung Galaxy, OnePlus, Motorola, Realme, Vivo, OPPO, and Google Pixel — a warmly expressive Android phone cover and iPhone case for every devoted reader out there.

A beautifully customized phone case like this is a heartfelt unique gift idea for book lovers, introverts, and anyone who treasures their quiet hours. Shop this aesthetic designer phone case online and carry your sanctuary everywhere you go.

Your me time deserves a case this good."
76,Red Sun - Aesthetic Phone Case,https://black5creatives.in/product/,red-sun-aesthetic-phone-case,https://black5creatives.in/product/red-sun-aesthetic-phone-case,Aesthetic Cover Collections,"Eyes closed. Sun behind. Flowers everywhere. Red Sun - Aesthetic Phone Case captures that rare moment of complete surrender in a breathtaking floral sunset scene. Available in Soft Silicone and Hybrid Metal for iPhones, Samsung, OnePlus, Motorola, Realme, Vivo, OPPO, and Google Pixel. Feel everything, carry it always.","There are moments the world goes quiet and all that's left is the warmth on your face and the flowers around you — this case lives in that moment.

The Red Sun Aesthetic Phone Case is a hauntingly beautiful piece of emotional art designed for those who feel deeply and carry it quietly. A figure stands eyes-closed in profile, face lifted toward a luminous white sun, completely enveloped by a sweeping field of cosmos flowers in creamy ivory, burnt terracotta, and warm peach tones. Delicate bare stems rise through the midground as distant birds drift across a soft coral-gradient sky — giving this floral sunset phone case an almost cinematic, editorial poetry that sets it apart from every ordinary aesthetic phone cover.

The Soft Silicone variant is a slim, tactile silicone phone case that preserves the gentle colour gradients and fine floral detail exactly as the artist intended. For something more substantial, the Hybrid Metal edition offers a premium hybrid phone case with structured metal edges and a polished protective phone cover that frames the artwork like a gallery piece.

Designed to fit iPhones, Samsung Galaxy, OnePlus, Motorola, Realme, Vivo, OPPO, and Google Pixel — a floral-themed Android phone cover and iPhone case that speaks the language of quiet emotion.

This evocative customized phone case is a truly inspired unique gift idea for art lovers, dreamers, and anyone drawn to beauty in stillness. Buy this designer phone case online and let your phone carry the feeling words never quite reach.

The sun is red. The flowers are waiting. Make it yours."
77,Kutir - Romantic Couple Phone Case,https://black5creatives.in/product/,kutir-romantic-couple-phone-case,https://black5creatives.in/product/kutir-romantic-couple-phone-case,Valentines Day Cover Collections,"Some love stories belong to the river, the temple, and the quiet of an old village. Kutir - Romantic Couple Phone Case captures that timeless Indian romance in stunning woodblock-inspired art. Available in Soft Silicone and Hybrid Metal for iPhones, Samsung, OnePlus, Motorola, Realme, Vivo, OPPO, and Google Pixel. Hold the moment close.","Where the river bends and the temple bells echo — that is where this love story lives.

The Kutir Romantic Couple Phone Case is a poetic tribute to timeless Indian romance, rendered in a bold woodblock-print style that feels like it was carved from the heart of rural India. Two figures share a tender moment in a dark wooden boat, dressed in flowing golden amber, as a richly layered village panorama unfolds behind them — temple spires, thatched huts, camels grazing, a lone rider on horseback, contoured rolling hills, and bare trees reaching into a sky full of birds. The deep black silhouettes against ivory and warm gold give this couple-themed phone case the quality of a rare, collectible art print.

The Soft Silicone variant is a lightweight, precise silicone phone case that honours every bold outline and tonal contrast of the woodblock-inspired artwork. For a more distinguished feel, the Hybrid Metal edition delivers a structured hybrid phone case combining a solid metal frame with a premium protective phone cover — as enduring as the love story it depicts.

Compatible with iPhones, Samsung Galaxy, OnePlus, Motorola, Realme, Vivo, OPPO, and Google Pixel — a romantically expressive Android phone cover and iPhone case crafted for those who appreciate art with soul.

This deeply personal customized phone case makes a truly unforgettable unique gift idea for couples, art collectors, and lovers of Indian cultural design. Shop this one-of-a-kind designer phone case online and gift a story that never grows old.

Some love stories deserve to be held — make this one yours."
79,Us - Aesthetic Romantic Couple Phone Case,https://black5creatives.in/product/,us-aesthetic-romantic-couple-phone-case,https://black5creatives.in/product/us-aesthetic-romantic-couple-phone-case,Aesthetic Cover Collections,"No grand gestures. Just two people, one window, and everything unsaid between them. Us - Aesthetic Romantic Couple Phone Case captures that raw, pencil-sketched intimacy like nothing else. Available in Soft Silicone and Hybrid Metal for iPhones, Samsung, OnePlus, Motorola, Realme, Vivo, OPPO, and Google Pixel. Some feelings deserve a case this real.","The most honest love stories are never the loudest — they live in the silence of standing together at a window, watching the world outside.

The Us Aesthetic Romantic Couple Phone Case strips romance down to its most truthful form — a breathtaking pencil-sketch illustration of two figures in flowing Indian drape, standing side by side at a tall window frame, faces turned toward each other with quiet intimacy. Every expressive pencil stroke, every fold of fabric, every strand of loosely pinned hair is rendered with the kind of raw gestural detail that makes this couple-themed phone case feel less like a product and more like a page torn from someone's private sketchbook.

The Soft Silicone variant is a clean, lightweight silicone phone case that lets the stark white and deep charcoal contrast of the sketch artwork speak entirely for itself. For those who want added presence, the Hybrid Metal edition offers a sophisticated hybrid phone case with a sleek metal frame and a premium protective phone cover that elevates the artwork's editorial quality even further.

A precise fit for iPhones, Samsung Galaxy, OnePlus, Motorola, Realme, Vivo, OPPO, and Google Pixel — a deeply expressive Android phone cover and iPhone case for everyone who believes in quiet, real love.

This beautifully understated customized phone case makes a profoundly personal unique gift idea for couples and art lovers alike. Shop this distinctive designer phone case online and give something that actually means something.

Because some stories don't need colour — just honesty."
80,Vintage Car - Aesthetic Phone Case Collection,https://black5creatives.in/product/,vintage-car-aesthetic-phone-case-collection,https://black5creatives.in/product/vintage-car-aesthetic-phone-case-collection,Aesthetic Cover Collections,"Built for those who love the machine as much as the road. The Vintage Car - Aesthetic Phone Case Collection renders a classic American muscle car in razor-precise engineering blueprint detail — in Soft Silicone and Hybrid Metal. Compatible with iPhones, Samsung, OnePlus, Realme, Vivo, OPPO, Motorola and Google Pixel. Engineering is just art with torque.","Every bolt accounted for, every curve dimensioned — this is automotive obsession elevated to wall art.

The Vintage Car - Aesthetic Phone Case Collection pulls straight from the drafting table, presenting a classic late-1960s American fastback muscle car across three precisely rendered blueprint views. The three-quarter perspective exposes a detailed engine bay while overhead and undercarriage schematics reveal the full chassis, drivetrain and mechanical anatomy — all rendered in sharp black linework against a clean white ground, complete with dimension annotations and technical grid overlays that make every glance feel like reading a factory original.

The Soft Silicone variant delivers a lightweight, flexible silicone phone case that protects your device through daily use while keeping every fine technical line crisp and legible. For those who want more substance, the Hybrid Metal finish is a precision-engineered hybrid phone case combining rigid metal construction with silicone cushioning — a robust protective phone cover that mirrors the mechanical seriousness of the design itself.

Engineered to fit iPhones, Samsung Galaxy, OnePlus, Motorola, Realme, Vivo, OPPO and Google Pixel — a technically sharp Android phone cover compatible with all major devices.

The perfect customized phone case for automotive enthusiasts and a genuinely unique gift idea for anyone passionate about vintage cars and designer phone covers with real character. Shop this blueprint-themed phone case online and carry your love for machines everywhere the road leads.

Some people see a car — others see every single part of it."
81,Checkmate - Aesthetic Phone Case,https://black5creatives.in/product/,checkmate-aesthetic-phone-case,https://black5creatives.in/product/checkmate-aesthetic-phone-case,Aesthetic Cover Collections,"The game is over — you won. The Checkmate - Aesthetic Phone Case puts a battle-worn crowned king mid-victory against a crimson chess battlefield, in bold engraving detail — in Soft Silicone and Hybrid Metal. Compatible with iPhones, Samsung, OnePlus, Realme, Vivo, OPPO, Motorola and Google Pixel. Carry the mindset of someone who never loses.","Every move was calculated — this was always how it ended.

The Checkmate - Aesthetic Phone Case is a masterpiece of strategic drama, built around a towering armoured king raising a sword in definitive victory. Rendered in razor-sharp engraving-style illustration against a cracked, blood-red grid tiled with chess piece silhouettes — knights, rooks, pawns and bishops looming in the background — the composition pulses with power and intent. Slicing through it all, distressed bold typography spells out ""CHECKMATE"" with the finality of a winning move.

The Soft Silicone variant is a battle-ready flexible silicone phone case that absorbs daily impact without sacrificing an ounce of print quality. For those who demand more armour, the Hybrid Metal finish is a commanding hybrid phone case that fuses rigid metal reinforcement with silicone cushioning — a formidable protective phone cover as uncompromising as the king it depicts.

Precision-fitted for iPhones, Samsung Galaxy, OnePlus, Motorola, Realme, Vivo, OPPO and Google Pixel — a bold statement Android phone cover engineered for all major devices.

An electrifying customized phone case for chess lovers and strategic thinkers alike — and a truly memorable unique gift idea for anyone drawn to power-driven designer phone covers. Buy this chess-themed phone case online and let every opponent know exactly where they stand.

Kings don't just play the game — they end it."
83,I am The Dead - Quote Phone Case,https://black5creatives.in/product/,i-am-the-dead-quote-phone-case,https://black5creatives.in/product/i-am-the-dead-quote-phone-case,Quote Cover Collections,"No rules. No fear. No apologies. The I am The Dead - Quote Phone Case centres a fierce Aztec tribal skull in razor-sharp white linework against an all-black canvas — in Soft Silicone and Hybrid Metal. Compatible with iPhones, Samsung, OnePlus, Realme, Vivo, OPPO, Motorola and Google Pixel. For those who were never meant to blend in.","Some statements don't ask for permission — they just arrive.

The I am The Dead - Quote Phone Case is a fearlessly dark design built around an intricately detailed Aztec tribal skull crowned with a ceremonial feathered war headdress. Fine-line geometric markings, arrow motifs and mandala-pattern circular framing surround the skull in meticulous white linework, while a subtly textured dark geometric background adds depth without competing. Below, oversized silver-white bold typography delivers the statement with the full weight it demands — unapologetic, direct and impossible to ignore.

The Soft Silicone variant is a slim, flexible silicone phone case that absorbs impact quietly while keeping every sharp line of this monochrome design perfectly intact. Step up to the Hybrid Metal finish for a premium hybrid phone case that combines rigid metal structure with silicone edge protection — a seriously tough protective phone cover for a seriously bold design.

Precision-cut for iPhones, Samsung Galaxy, OnePlus, Motorola, Realme, Vivo, OPPO and Google Pixel — a dark-aesthetic Android phone cover built for every major device.

The definitive customized phone case for fans of skull art, dark typography and edgy designer phone covers — and a wildly unique gift idea for those who live outside the conventional. Shop this Aztec-themed quote phone case online and carry a statement that speaks before you even open your mouth.

Dead serious — in every possible way."
84,Red Sword - Aesthetic Phone Case,https://black5creatives.in/product/,red-sword-aesthetic-phone-case,https://black5creatives.in/product/red-sword-aesthetic-phone-case,Aesthetic Cover Collections,"Power has always looked like this. The Red Sword - Aesthetic Phone Case forges crossed ornate broadswords over a blood-red ceremonial shield, framed by dark elephant and floral heraldry — in Soft Silicone and Hybrid Metal. Compatible with iPhones, Samsung, OnePlus, Realme, Vivo, OPPO, Motorola and Google Pixel. Carry the weight of a warrior, not just a phone.","Before thrones were built, there were swords — and this is where they crossed.

The Red Sword - Aesthetic Phone Case is a monument to warrior heritage, centred on two intricately engraved broadswords crossing over a deep crimson shield medallion etched with runic geometric crests. Vertical gold-copper columns frame the composition with ceremonial authority while the surrounding panels — dense with silver-etched elephants, lotus blooms and ornate floral scrollwork rendered against deep charcoal black — bring a richly layered South Asian royal aesthetic to every edge of the design. Every detail rewards a closer look.

The Soft Silicone variant is a precision-fit flexible silicone phone case that cushions your device through daily wear while keeping the dark, intricate details of this print sharp and vivid. The Hybrid Metal finish elevates the carry as a premium hybrid phone case — combining structural metal reinforcement with silicone edge cushioning into a formidable protective phone cover befitting the design's warrior spirit.

Compatible with iPhones, Samsung Galaxy, OnePlus, Motorola, Realme, Vivo, OPPO and Google Pixel — a dark-aesthetic Android phone cover precision-engineered for all major devices.

A deeply striking customized phone case and an exceptional unique gift idea for admirers of warrior art and dark designer phone covers with historical gravitas. Shop this sword-themed phone case online and wear the legacy of those who never surrendered.

Some carry a phone — others carry a standard."
86,Don’t Stop Keep Going - Special Phone Case for Bike & Travel Lovers,https://black5creatives.in/product/,dont-stop-keep-going-special-phone-case-for-bike-travel-lovers,https://black5creatives.in/product/dont-stop-keep-going-special-phone-case-for-bike-travel-lovers,Travel Cover Collections,"The road doesn't wait — and neither should you. Don't Stop Keep Going - Special Phone Case for Bike & Travel Lovers pairs a legendary Royal Enfield silhouette with a moonlit horizon and a rallying call to ride — in Soft Silicone and Hybrid Metal. Compatible with iPhones, Samsung, OnePlus, Realme, Vivo, OPPO, Motorola and Google Pixel. Built for those who live between destinations.","Every great journey starts with one decision — keep going.

The Don't Stop Keep Going - Special Phone Case for Bike & Travel Lovers is a vintage travel poster brought to life on your device. A masterfully detailed Royal Enfield Bullet sits on a floating island platform, its reflection dissolving into a glowing moonlit navy ground below while birds cut silently across a warm cream sky above. The split composition — pale ivory above, deep midnight navy below — creates dramatic visual tension that makes the bold cream typography land with full force.

The Soft Silicone variant is a road-ready flexible silicone phone case engineered for daily grip and dependable drop protection on every adventure. For riders who demand more, the Hybrid Metal finish is a rugged hybrid phone case that combines rigid metal reinforcement with silicone cushioning — a premium protective phone cover as built-for-the-road as the design itself.

Perfectly fitted for iPhones, Samsung Galaxy, OnePlus, Motorola, Realme, Vivo, OPPO and Google Pixel — a travel-inspired Android phone cover compatible with all major devices.

The ultimate customized phone case for Royal Enfield riders and road warriors — and a deeply personal unique gift idea for anyone who lives for the ride. Shop this biker-themed phone case online and carry your road philosophy everywhere the engine takes you.

The destination is optional — the journey is everything."
87,Mohun Bagan - Football Phone Case Collection 01,https://black5creatives.in/product/,mohun-bagan-football-phone-case-collection-01,https://black5creatives.in/product/mohun-bagan-football-phone-case-collection-01,Football Cover Collections,"Green and maroon runs deeper than colour — it runs in the blood. The Mohun Bagan - Football Phone Case Collection 01 flies the iconic boat emblem and bold Bengali club chant across a striking split green-maroon canvas — in Soft Silicone and Hybrid Metal. Compatible with iPhones, Samsung, OnePlus, Realme, Vivo, OPPO, Motorola and Google Pixel. Jai Mohun Bagan — always.","Some loyalties go beyond the stadium — they live with you everywhere.

The Mohun Bagan - Football Phone Case Collection 01 is a tribute built for true Mariners, designed around the club's iconic sailing boat emblem rendered in bold white against a dramatically split background. Deep forest green with a crumpled fabric texture faces off against rich dark maroon woodgrain — the club's colours alive in every fibre of the design. Below the emblem, bold white Bengali typography stacks ""জয় মোহন বাগান"" with the weight and pride of a century of football history behind every stroke.

The Soft Silicone variant is a flexible, snug silicone phone case that keeps your device fully protected through every match day and beyond. For those who carry their fandom with extra conviction, the Hybrid Metal finish delivers a premium hybrid phone case combining metal structure with silicone cushioning — a durable protective phone cover as steadfast as Mohun Bagan's legacy itself.

Precision-fitted for iPhones, Samsung Galaxy, OnePlus, Motorola, Realme, Vivo, OPPO and Google Pixel — a football-themed Android phone cover built for supporters across all major devices.

The ultimate customized phone case for Mohun Bagan loyalists and a passionately unique gift idea for any football lover who bleeds green and maroon. Shop this club-themed phone case online and carry your colours every minute of every day.
The Mariners never stop sailing — and neither do you."
88,Fight - Samurai Special Phone Case,https://black5creatives.in/product/,fight-samurai-special-phone-case,https://black5creatives.in/product/fight-samurai-special-phone-case,Aesthetic Cover Collections,"The sword is raised. The decision is made. The Fight - Samurai Special Phone Case delivers a cinematic clash of lone ronin serenity and red-armoured battle fury across a stark black, white and crimson canvas — in Soft Silicone and Hybrid Metal. Compatible with iPhones, Samsung, OnePlus, Realme, Vivo, OPPO, Motorola and Google Pixel. Discipline looks exactly like this.","Two warriors, one moment, zero hesitation — this is what honour looks like at its edge.

The Fight - Samurai Special Phone Case is a masterpiece of cinematic tension, split between two worlds in a single composition. Above, a solitary ronin stands motionless on a sea cliff — waves crashing below, ravens circling overhead — rendered in stark monochrome with ukiyo-e-inspired line detailing. Below, an armoured samurai in full crimson lamellar armour surges forward, katana raised, flowing black hair driven by the force of the charge — every line vibrating with the energy of imminent battle.

The Soft Silicone variant is a precision-fit flexible silicone phone case that guards your device through every drop with the quiet reliability of a warrior at rest. When the moment demands more, the Hybrid Metal finish steps in as a combat-grade hybrid phone case — rigid metal reinforcement paired with silicone cushioning for a protective phone cover that takes every hit without complaint.

Engineered to fit iPhones, Samsung Galaxy, OnePlus, Motorola, Realme, Vivo, OPPO and Google Pixel — a bold samurai-themed Android phone cover built for all major devices.

A breathtaking customized phone case for anime and martial arts enthusiasts — and an unforgettable unique gift idea for anyone drawn to warrior culture and designer phone covers with cinematic power. Buy this samurai phone case online and carry the code of the warrior wherever the day takes you.

Stillness before the strike — intensity in every glance."
89,East Bengal - Football Phone Case Collection 01,https://black5creatives.in/product/,east-bengal-football-phone-case-collection-01,https://black5creatives.in/product/east-bengal-football-phone-case-collection-01,Football Cover Collections,"Red and gold doesn't just run — it burns. The East Bengal - Football Phone Case Collection 01 erupts with a blazing flaming hand clutching the iconic East Bengal Kingfisher crest against a pitch-black canvas — in Soft Silicone and Hybrid Metal. Compatible with iPhones, Samsung, OnePlus, Realme, Vivo, OPPO, Motorola and Google Pixel. This is what devotion looks like on fire.","Some fandoms simmer — East Bengal has always blazed.

The East Bengal - Football Phone Case Collection 01 captures the raw, uncontainable passion of the Torchbearers in one electrifying image. A massive outstretched hand, rendered in photorealistic molten amber and glowing red energy, rises from a pitch-black background with flames erupting from every edge and finger. At its centre, the official East Bengal Kingfisher circular crest sits with quiet authority — the emblem of over a century of football pride held in the very heart of the fire.

The Soft Silicone variant is a flexible, impact-absorbing silicone phone case that keeps your device protected through every high and every heartbreak the season brings. For supporters who carry their passion with full force, the Hybrid Metal finish delivers a premium hybrid phone case combining rigid metal construction with silicone cushioning — a fiercely durable protective phone cover built to last as long as the love for the club.

Precision-fitted for iPhones, Samsung Galaxy, OnePlus, Motorola, Realme, Vivo, OPPO and Google Pixel — a football-themed Android phone cover engineered for all major devices.

The definitive customized phone case for East Bengal loyalists and a blazing unique gift idea for every football lover who lives and breathes red and gold. Shop this club-themed phone case online and let the world know exactly which side of Kolkata you stand on.

The torch never goes out — and neither does this love."
90,It's Not Over Until I Win - Motivational Quote Phone Case,https://black5creatives.in/product/,its-not-over-until-i-win-motivational-quote-phone-case,https://black5creatives.in/product/its-not-over-until-i-win-motivational-quote-phone-case,Quote Cover Collections,"Losing was never part of the plan. It's Not Over Until I Win - Motivational Quote Phone Case slams a raw, distressed victory declaration across a gritty concrete black canvas — in Soft Silicone and Hybrid Metal. Compatible with iPhones, Samsung, OnePlus, Realme, Vivo, OPPO, Motorola and Google Pixel. A daily reminder that the final word is always yours.","When every voice says stop — this is the one that answers back.

The It's Not Over Until I Win - Motivational Quote Phone Case is built entirely around the power of words and the spirit they carry. Massive distressed chalk-white typography fills the entire canvas in stacked bold letterforms across a deep, weathered concrete-textured black background. Hidden within the cutout negative space of the oversized ""I WIN"" — a silhouetted figure stands with arms raised in pure triumph, visible only to those who look closely enough. The design rewards attention the same way resilience rewards persistence.

The Soft Silicone variant is a slim, flexible silicone phone case that handles daily impact without drama — just quiet, dependable protection. For those who need their carry to match their conviction, the Hybrid Metal finish is a rugged hybrid phone case combining rigid metal reinforcement with silicone cushioning — a no-compromise protective phone cover as tough as the mindset it represents.

Precision-fitted for iPhones, Samsung Galaxy, OnePlus, Motorola, Realme, Vivo, OPPO and Google Pixel — a grunge-aesthetic Android phone cover built for every major device.

An unflinching customized phone case for champions in the making — and a powerfully unique gift idea for anyone who needs their designer phone cover to hit as hard as their ambition. Shop this motivational quote phone case online and wear your winning mentality on the outside.

The comeback starts the moment you stop accepting the alternative."
91,Ekla Cholo Re - Bengali Motivational Quote Phone Case,https://black5creatives.in/product/,ekla-cholo-re-bengali-motivational-quote-phone-case,https://black5creatives.in/product/ekla-cholo-re-bengali-motivational-quote-phone-case,Quote Cover Collections,"When no one answers the call — you walk anyway. The Ekla Cholo Re - Bengali Motivational Quote Phone Case brings Tagore's timeless verse to life in blazing saffron orange and white Bengali typography on deep black — in Soft Silicone and Hybrid Metal. Compatible with iPhones, Samsung, OnePlus, Realme, Vivo, OPPO, Motorola and Google Pixel. Walk your path. Walk it alone if you must.","A poet wrote it over a century ago — it has never stopped being true.

The Ekla Cholo Re - Bengali Motivational Quote Phone Case turns Rabindranath Tagore's most enduring call to self-reliance into a striking typographic composition. Saffron orange and white Bengali letterforms cascade across a deep black ribbed background in deliberate scale contrast — smaller lines framing the verse above, the hero words ""একলা চলো রে"" commanding the lower two-thirds with full authority. A dashed winding path element threads organically through the letters, giving the journey metaphor a visual form, while delicate leaf motifs soften the boldness with a touch of nature.

The Soft Silicone variant is a flexible, close-fit silicone phone case that travels with you through every day — as quietly reliable as the resolve the quote demands. The Hybrid Metal finish steps forward as a premium hybrid phone case combining metal structure with silicone cushioning — a protective phone cover built for those who move through life on their own terms.

Tailored to fit iPhones, Samsung Galaxy, OnePlus, Motorola, Realme, Vivo, OPPO and Google Pixel — a culturally resonant Android phone cover compatible across all major devices.

A deeply meaningful customized phone case for lovers of Bengali literature and a profoundly unique gift idea for independent souls who value designer phone covers rooted in poetic truth. Shop this Tagore-inspired quote phone case online and carry one of the greatest instructions ever written.

The road is long — but it has always been yours alone to walk."
92,Earth is Not For Me - Aesthetic Phone Case,https://black5creatives.in/product/,earth-is-not-for-me-aesthetic-phone-case,https://black5creatives.in/product/earth-is-not-for-me-aesthetic-phone-case,Quote Cover Collections,"Make a statement with the Earth is Not For Me Aesthetic Phone Case — available in Soft Silicone and Hybrid Metal variants. Compatible with iPhones and popular Android brands launched within the last 5 years — Samsung, OnePlus, Motorola, Realme, Vivo, OPPO, Google Pixel & more. Built for those who dare to be different.","Introducing the Earth is Not For Me Aesthetic Phone Case — the perfect blend of designer style and reliable protection for anyone who lives life on their own terms.

This unique space-themed phone case is available in two premium variants — Soft Silicone Phone Case, offering a slim, flexible, and shock-absorbing build for everyday protection, and a Hybrid Metal Phone Case, combining silicone and metal for a rugged yet premium finish.

Looking for a cool phone case for iPhone? Or a stylish Android phone cover? We've got you covered. This case is compatible with almost all smartphones launched in the last 5 years, including the latest iPhone, Samsung Galaxy, OnePlus, and more.

Whether you're searching for a customized phone case, a galaxy-themed phone cover, an aesthetic phone case for girls, or simply a unique gift idea — this is it.

Stand out. Stay protected. Shop the Earth is Not For Me Designer Phone Case online and let your phone say what words can't."
94,"Life is Short, Be Happy - Quote Phone Case",https://black5creatives.in/product/,life-is-short-be-happy-quote-phone-case,https://black5creatives.in/product/life-is-short-be-happy-quote-phone-case,Quote Cover Collections,"Sit on top of the auto and let the city blur past. The Life is Short, Be Happy - Quote Phone Case captures a sun-drenched Indian street scene in vivid yellow, green and teal — with a reminder that hits every time you pick up your phone — in Soft Silicone and Hybrid Metal. Compatible with iPhones, Samsung, OnePlus, Realme, Vivo, OPPO, Motorola and Google Pixel. Joy is always the right destination.","Some philosophies arrive in books — this one arrives on the roof of an auto-rickshaw.

The Life is Short, Be Happy - Quote Phone Case is a celebration of everyday Indian street joy, built around the iconic image of a figure perched carefree atop a classic green-and-yellow auto-rickshaw rolling down an open road. A warm sunflower yellow sky stretches overhead, scattered birds drift lazily past street lamps on the horizon, and bold zebra crossing lines anchor the composition below — all in a clean, graphic flat illustration style that feels as cheerful as the message it carries. ""Life is short"" sits lightly above while ""BE HAPPY"" lands below in full golden authority.

The Soft Silicone variant is a lightweight, flexible silicone phone case that absorbs daily bumps with ease — as easygoing and reliable as a good auto ride across town. For those who want more structure, the Hybrid Metal finish is a polished hybrid phone case combining rigid metal with silicone cushioning — a vibrant protective phone cover that carries the energy of this design all day long.

Perfectly fitted for iPhones, Samsung Galaxy, OnePlus, Motorola, Realme, Vivo, OPPO and Google Pixel — a street-culture inspired Android phone cover precision-cut for all major devices.

A genuinely uplifting customized phone case and a wonderfully unique gift idea for urban souls and lovers of quirky designer phone covers with real cultural warmth. Shop this auto-rickshaw quote phone case online and carry a little everyday happiness wherever the road leads.

The ride is short — make every metre count."
95,Endless Roads - Special Phone Case for Travel Lovers,https://black5creatives.in/product/,endless-roads-special-phone-case-for-travel-lovers,https://black5creatives.in/product/endless-roads-special-phone-case-for-travel-lovers,Travel Cover Collections,"The road stretches on — and so do you. Endless Roads - Special Phone Case for Travel Lovers puts you in the saddle behind a lone rider crossing a bridge into sun-drenched forested mountains in bold graphic detail — in Soft Silicone and Hybrid Metal. Compatible with iPhones, Samsung, OnePlus, Realme, Vivo, OPPO, Motorola and Google Pixel. Pack light. Ride far. Stop never.","Every great journey begins with a single lane disappearing into the horizon — this one never ends.

The Endless Roads - Special Phone Case for Travel Lovers drops you directly behind the handlebars through a masterfully composed rear-view perspective. A helmeted rider in a worn leather jacket, backpack strapped and tail lights glowing, rolls across a long bridge highway as telegraph poles and street lamps line both sides in perfect vanishing-point symmetry. Ahead, layers of deep forest green mountains rise beneath an amber sky split by a glowing white sun disc — a scene pulled directly from the pages of Japanese travel manga and rendered with graphic novel precision.

The Soft Silicone variant is a trail-ready flexible silicone phone case built for adventurers who need reliable protection without unnecessary weight. The Hybrid Metal finish is a rugged hybrid phone case that combines structural metal reinforcement with silicone cushioning — a road-tested protective phone cover that handles every kilometre as well as the rider in the design.

Precision-fitted for iPhones, Samsung Galaxy, OnePlus, Motorola, Realme, Vivo, OPPO and Google Pixel — a travel-themed Android phone cover engineered for all major devices.

The perfect customized phone case for motorcycle riders, solo travellers and anyone who finds themselves drawn to open roads — and an outstanding unique gift idea for adventure lovers seeking designer phone covers with genuine soul. Buy this biker travel phone case online and let the road know you are already on your way.

The destination changes — the need to keep moving never does."
96,Golden Kick - Football Phone Case,https://black5creatives.in/product/,golden-kick-football-phone-case,https://black5creatives.in/product/golden-kick-football-phone-case,Football Cover Collections,"Football has never looked this beautiful. The Golden Kick - Football Phone Case renders two dynamic footballers in luminous gold contour line-art against a deep midnight canvas of flowing cursive script — in Soft Silicone and Hybrid Metal. Compatible with iPhones, Samsung, OnePlus, Realme, Vivo, OPPO, Motorola and Google Pixel. For those who see poetry in every perfect strike.","Where sport meets sculpture — this is football elevated to fine art.

The Golden Kick - Football Phone Case transforms the beautiful game into a breathtaking visual through luminous gold contour line illustration. Two footballers — one mid-dribble, one unleashing a full-force kick — are constructed entirely from flowing fine lines that capture muscle, momentum and motion with an almost sculptural precision. Sweeping golden motion trails arc dynamically across the composition while glowing spherical footballs anchor each figure. Beneath it all, a faint layer of flowing cursive manuscript script covers the deep midnight background like the pages of an aged journal — adding intellectual depth to athletic grace.

The Soft Silicone variant is a sleek, flexible silicone phone case that preserves every luminous gold detail of this intricate print while absorbing daily impact quietly. The Hybrid Metal finish brings premium presence as a sophisticated hybrid phone case — combining rigid metal structure with silicone edge protection into a refined protective phone cover as elegant as the design it encases.

Precision-fitted for iPhones, Samsung Galaxy, OnePlus, Motorola, Realme, Vivo, OPPO and Google Pixel — a luxury sports-themed Android phone cover compatible with all major devices.

A stunning customized phone case for football lovers with an eye for design — and an exceptional unique gift idea for anyone who appreciates sport-inspired designer phone covers with genuine artistic ambition. Shop this football art phone case online and carry the beautiful game in its most beautiful form.

Some players score goals — others turn the game into gold.





"
97,Eternal Love - Romantic Couple Phone Case,https://black5creatives.in/product/,eternal-love-romantic-couple-phone-case,https://black5creatives.in/product/eternal-love-romantic-couple-phone-case,Valentines Day Cover Collections,"The moment just before forever. The Eternal Love - Romantic Couple Phone Case frames two silhouettes on the edge of a kiss within a golden misty forest — all in timeless black and antique gold — in Soft Silicone and Hybrid Metal. Compatible with iPhones, Samsung, OnePlus, Realme, Vivo, OPPO, Motorola and Google Pixel. Because some moments deserve to last forever.","Between one breath and the next — this is where love lives.

The Eternal Love - Romantic Couple Phone Case captures the most suspended, breathless moment in romance through a masterfully composed silhouette illustration. Two figures face each other in near-perfect stillness, framed by towering bare winter trees and full dark canopies on either side of a luminous golden forest clearing. A diagonal light divide splits the composition between warm antique gold and cool shadow, while scattered birds in flight and a single leafy branch breaking the skyline add delicate life to the stillness. The result is cinematic, painterly and achingly beautiful.

The Soft Silicone variant is a slim, flexible silicone phone case that wraps your device in everyday protection as quietly and dependably as the love this design portrays. For those who carry their sentiment with substance, the Hybrid Metal finish is an elegant hybrid phone case combining refined metal structure with silicone cushioning — a premium protective phone cover as enduring as the emotion it captures.

Perfectly fitted for iPhones, Samsung Galaxy, OnePlus, Motorola, Realme, Vivo, OPPO and Google Pixel — a romantic aesthetic Android phone cover precision-engineered for all major devices.

A deeply evocative customized phone case and an unforgettable unique gift idea for anyone who believes in timeless love and designer phone covers that tell a real story. Shop this silhouette romance phone case online and carry the most beautiful moment in any love story.

Some love stories need no colour — just the right light and each other."
98,Preet - Artistic Phone Case,https://black5creatives.in/product/,preet-artistic-phone-case,https://black5creatives.in/product/preet-artistic-phone-case,Aesthetic Cover Collections,"An epic carved into every panel. The Preet - Artistic Phone Case unfolds a divine Indian royal love story across three stunning triptych frames — monochrome black and white with gold accents and a warm terracotta border — in Soft Silicone and Hybrid Metal. Compatible with iPhones, Samsung, OnePlus, Realme, Vivo, OPPO, Motorola and Google Pixel. Mythology this beautiful belongs everywhere you go.","Not every love story fits on one canvas — this one required three.

The Preet - Artistic Phone Case unfolds like the pages of an illuminated manuscript, presenting a divine Indian royal narrative across a structured triptych composition. The upper panel captures a sacred royal couple in elegant profile, adorned in intricate jewellery and flowing white garments. The expansive centre panel opens into a grand forest court — crowned figures stand together beneath mandala motifs and architectural columns while lotus blooms, peacocks and hanging ornaments fill the space with ceremonial grace. The lower panel closes with a musician and an attendant in quiet devotion. Throughout, precise monochrome linework is lifted by selective antique gold and silver accents, while a warm terracotta orange leather-texture side panel frames the entire composition in earthen warmth.

The Soft Silicone variant is a slim, flexible silicone phone case that preserves every fine line and gold accent detail while protecting your device through everyday use. For those who wish to match the grandeur of this design, the Hybrid Metal finish delivers a premium hybrid phone case combining rigid metal structure with silicone cushioning — a distinguished protective phone cover worthy of the art it carries.

Precision-fitted for iPhones, Samsung Galaxy, OnePlus, Motorola, Realme, Vivo, OPPO and Google Pixel — a mythological art-inspired Android phone cover engineered for all major devices.

A breathtaking customized phone case for lovers of Indian classical art and an extraordinary unique gift idea for anyone drawn to mythological designer phone covers with genuine cultural depth. Shop this epic triptych phone case online and carry one of humanity's greatest love stories with you.

Some stories were never meant to be forgotten — only retold in new forms."
99,Raahi - Couple Phone Case,https://black5creatives.in/product/,raahi-couple-phone-case,https://black5creatives.in/product/raahi-couple-phone-case,Valentines Day Cover Collections,"Two windows. Two worlds. One ache in common. The Raahi - Couple Phone Case frames a book-reader and a dreaming traveller in warm amber and maroon tones across two cinematic panels on deep black — in Soft Silicone and Hybrid Metal. Compatible with iPhones, Samsung, OnePlus, Realme, Vivo, OPPO, Motorola and Google Pixel. For wanderers who feel everything deeply.","Sometimes two people are closest when they are furthest apart — this case knows exactly that feeling.

The Raahi - Couple Phone Case tells a quiet, aching love story through two cinematic panels framed in crisp white against a jet-black canvas. Above, a bespectacled figure in a deep red kurta sits absorbed in a book, evening light washing through the window behind. Below, a long-haired figure in a maroon saree leans toward a train window, watching a golden sunset melt over palm trees and open paddy fields — a small Bengali text detail adding a layer of cultural poetry to the scene. Both figures exist in their own world, yet the warm amber light that fills each panel binds them in the same golden hour.

The Soft Silicone variant is a sleek, flexible silicone phone case that keeps your device protected through every journey — long or short — without adding bulk. The Hybrid Metal finish delivers a refined hybrid phone case combining structured metal with silicone cushioning — a thoughtful protective phone cover as layered and considered as the design it carries.

Precision-fitted for iPhones, Samsung Galaxy, OnePlus, Motorola, Realme, Vivo, OPPO and Google Pixel — a story-driven Android phone cover engineered for all major devices.

A deeply personal customized phone case for readers, travellers and romantics alike — and a soulful unique gift idea for anyone who loves literary, designer phone covers with emotional narrative. Shop this dual-panel couple phone case online and carry the feeling of golden-hour longing wherever the road takes you.

Every journey has two passengers — even the ones taken alone."
100,Ignite - Motivational Phone Case,https://black5creatives.in/product/,ignite-motivational-phone-case,https://black5creatives.in/product/ignite-motivational-phone-case,Quote Cover Collections,"Rain harder. Run faster. Burn brighter. The Ignite - Motivational Phone Case puts a torch-bearing storm runner beneath a blazing three-word manifesto in explosive orange and crimson — in Soft Silicone and Hybrid Metal. Compatible with iPhones, Samsung, OnePlus, Realme, Vivo, OPPO, Motorola and Google Pixel. Built for those who treat every obstacle as fuel.","The storm is not the obstacle — it is the training ground.

The Ignite - Motivational Phone Case is a full-force cinematic declaration, built around a silhouetted figure sprinting through driving rain with a flaming torch raised against the darkness. Warm golden light radiates upward from the torch, cutting through storm clouds alive with swooping shadows above. Bold condensed orange typography commands the upper half — ""HARDWORK / WILLPOWER / DEDICATION"" stacked with the weight of a personal creed — while the subtitle below lands quietly but precisely: for a person with these qualities, the sky is the limit.

The Soft Silicone variant is a resilient, flexible silicone phone case built for those who move with purpose — absorbing daily impact as effortlessly as the runner in the design takes on the rain. Step up to the Hybrid Metal finish for a commanding hybrid phone case that fuses rigid metal reinforcement with silicone cushioning — a battle-ready protective phone cover that never quits either.

Precision-fitted for iPhones, Samsung Galaxy, OnePlus, Motorola, Realme, Vivo, OPPO and Google Pixel — a high-energy Android phone cover engineered for every major device.

The definitive customized phone case for athletes, hustlers and dream-chasers — and a powerfully motivating unique gift idea for anyone who needs their designer phone cover to hit as hard as their morning alarm. Buy this motivational quote phone case online and keep the fire burning every single day.

Storms don't stop the dedicated — they just light the way."
102,Soul Escape - Special Phone Case for Travel Lovers,https://black5creatives.in/product/,soul-escape-special-phone-case-for-travel-lovers,https://black5creatives.in/product/soul-escape-special-phone-case-for-travel-lovers,Travel Cover Collections,"Boots off. Sunflowers around you. Mountains ahead. The Soul Escape - Special Phone Case for Travel Lovers drops you into a vivid first-person alpine sunflower field through rich cobalt, emerald and golden illustration — in Soft Silicone and Hybrid Metal. Compatible with iPhones, Samsung, OnePlus, Realme, Vivo, OPPO, Motorola and Google Pixel. This is what freedom actually looks like.","You are already there — lying back, boots crossed, sunflowers swaying all around you.

The Soul Escape - Special Phone Case for Travel Lovers pulls you directly into the scene through a masterfully composed first-person POV illustration. Denim-clad legs stretch forward into a dense, sun-drenched sunflower field while worn tan hiking boots anchor the foreground. A backpack rests casually beside, and beyond the golden blooms an alpine valley opens up — emerald green hillsides channelling the eye toward glacial snow-capped peaks beneath a sky packed with dramatic billowing cumulus clouds. The hyper-vivid, anime-influenced painting style makes every colour feel more saturated than real life and twice as beautiful.

The Soft Silicone variant is a lightweight, flexible silicone phone case as easy to carry as the afternoon this design captures — reliable protection that never gets in the way of the moment. The Hybrid Metal finish delivers a premium hybrid phone case combining structured metal with silicone cushioning — a rugged yet refined protective phone cover built for those who take their adventures seriously.

Precision-fitted for iPhones, Samsung Galaxy, OnePlus, Motorola, Realme, Vivo, OPPO and Google Pixel — an immersive travel-themed Android phone cover engineered for all major devices.

An irresistible customized phone case for hikers, nature lovers and free spirits — and an exceptional unique gift idea for anyone drawn to vivid landscape designer phone covers that put you right inside the scene. Shop this alpine sunflower phone case online and carry your favourite escape wherever the day takes you.

The mountains are always calling — your phone just answered first."
103,Ek Cup Chai E Tomake Chai - Bengali Romantic Quote Phone Case,https://black5creatives.in/product/,ek-cup-chai-e-tomake-chai-bengali-romantic-quote-phone-case,https://black5creatives.in/product/ek-cup-chai-e-tomake-chai-bengali-romantic-quote-phone-case,Quote Cover Collections,"Rain outside. Chai in hand. Everything unsaid between two people. Ek Cup Chai E Tomake Chai - Bengali Romantic Quote Phone Case captures a monsoon Kolkata street kulhad toast in vivid cinematic detail with bold Bengali typography — in Soft Silicone and Hybrid Metal. Compatible with iPhones, Samsung, OnePlus, Realme, Vivo, OPPO, Motorola and Google Pixel. Some confessions taste better warm.","On a rain-soaked Kolkata afternoon, between two clay cups and one honest sentence — this is where the feeling lives.

The Ek Cup Chai E Tomake Chai - Bengali Romantic Quote Phone Case is a love letter to Bengal's most intimate ritual. Two hands extend kulhad cups toward each other against the cinematic depth of a monsoon-drenched city street — orange autos navigating rain, umbrella silhouettes disappearing into green-grey mist, canopied trees dripping overhead. Over this deeply atmospheric scene, bold Bengali typography cascades in golden yellow and white, the words landing with the quiet weight of something finally said out loud: over one cup of tea, I want you.

The Soft Silicone variant is a slim, flexible silicone phone case that fits your device like a second skin — warm, dependable and always present, just like the best kind of company on a rainy day. The Hybrid Metal finish is a premium hybrid phone case that combines rigid metal reinforcement with silicone cushioning — a refined protective phone cover as layered in character as this design.

Precision-fitted for iPhones, Samsung Galaxy, OnePlus, Motorola, Realme, Vivo, OPPO and Google Pixel — a culturally rich Android phone cover compatible across all major devices.

A profoundly personal customized phone case and an unforgettable unique gift idea for lovers of Bengali culture and romantic designer phone covers with real emotional soul. Shop this monsoon chai quote phone case online and wear the most Bengali feeling there is.

Some love stories begin with coffee — the best ones always start with chai."
104,City Lights - Romantic Couple Phone Case,https://black5creatives.in/product/,city-lights-romantic-couple-phone-case,https://black5creatives.in/product/city-lights-romantic-couple-phone-case,Valentines Day Cover Collections,"One umbrella. One city. One night neither of you will forget. City Lights - Romantic Couple Phone Case paints a Ghibli-worthy rain-soaked intersection in deep navy, amber and glowing yellow — in Soft Silicone and Hybrid Metal. Compatible with iPhones, Samsung, OnePlus, Realme, Vivo, OPPO, Motorola and Google Pixel. The best moments always happen in the rain.","Every city has a corner where the rain falls differently — this is that corner, and this is that night.

The City Lights - Romantic Couple Phone Case is a masterpiece of romantic urban atmosphere, painted in the luminous visual language of Studio Ghibli-inspired anime. A couple stands at the heart of a rain-drenched intersection, sheltered under a single bright yellow umbrella while the city glows warmly all around them. Amber traffic signals hang overhead, a vintage yellow taxi idles to the left, a city bus looms softly to the right — and below, the wet road mirrors every light source in shimmering golden reflection, doubling the magic of the entire scene. Rain streaks, telegraph wires and dramatic night clouds complete a composition of rare cinematic beauty.

The Soft Silicone variant is a featherlight, flexible silicone phone case that keeps your device protected through every season — rain included — without ever dimming the brilliance of this print. The Hybrid Metal finish is a premium hybrid phone case combining structural metal with silicone edge cushioning — a refined protective phone cover as atmospheric and layered as the design it carries.

Perfectly fitted for iPhones, Samsung Galaxy, OnePlus, Motorola, Realme, Vivo, OPPO and Google Pixel — a cinematic romantic Android phone cover precision-engineered for all major devices.

A breathtakingly beautiful customized phone case and a deeply meaningful unique gift idea for couples and lovers of anime-inspired designer phone covers with real emotional resonance. Shop this rainy city night phone case online and carry the warmth of that perfect moment everywhere you go.

Some nights the rain doesn't ruin anything — it makes everything perfect."
105,Golden Frame - Aesthetic Phone Case,https://black5creatives.in/product/,golden-frame-aesthetic-phone-case,https://black5creatives.in/product/golden-frame-aesthetic-phone-case,Travel Cover Collections,"Every field is a studio. Every moment is a frame. The Golden Frame - Aesthetic Phone Case puts a DSLR-wielding figure waist-deep in golden blooms beneath a vivid cerulean sky — in Soft Silicone and Hybrid Metal. Compatible with iPhones, Samsung, OnePlus, Realme, Vivo, OPPO, Motorola and Google Pixel. Made for those who never stop shooting.","The best photographers don't find the perfect shot — they grow right into it.

The Golden Frame - Aesthetic Phone Case celebrates the creative spirit through a boldly composed illustration of a figure rising from a dense sea of golden marigold blooms, DSLR pressed to eye, completely absorbed in the act of capturing something beautiful. A vivid cerulean sky stretches behind with billowing white clouds and distant farmhouse silhouettes, while scattered birds drift freely overhead — the entire scene humming with outdoor light and creative energy that feels as alive as the moment it depicts.

The Soft Silicone variant is a slim, flexible silicone phone case that travels as effortlessly as the photographer in this design — lightweight, grippy and built for long days outdoors. The Hybrid Metal finish is a premium hybrid phone case combining rigid metal structure with silicone cushioning — a reliable protective phone cover for those who move fast and shoot faster.

Precision-fitted for iPhones, Samsung Galaxy, OnePlus, Motorola, Realme, Vivo, OPPO and Google Pixel — a creatively vibrant Android phone cover compatible with all major devices.

A brilliantly personal customized phone case for photographers, creatives and visual storytellers — and an inspired unique gift idea for anyone who lives behind a lens and loves designer phone covers with genuine artistic identity. Shop this photography-themed phone case online and let your device reflect the creative world you see.

The world is full of golden frames — you just have to know where to stand."
106,Not Lazy - Motivational Quote Phone Case,https://black5creatives.in/product/,not-lazy-motivational-quote-phone-case,https://black5creatives.in/product/not-lazy-motivational-quote-phone-case,Quote Cover Collections,"Productivity is overrated — the astronaut said so. The Not Lazy - Motivational Quote Phone Case puts a chilled-out spaceman parked on a ringed planet against deep black with a perfectly timed punchline — in Soft Silicone and Hybrid Metal. Compatible with iPhones, Samsung, OnePlus, Realme, Vivo, OPPO, Motorola and Google Pixel. Rest is a strategy too.","Somewhere between Saturn and Sunday — this astronaut found the sweet spot.

The Not Lazy - Motivational Quote Phone Case leans hard into the art of doing nothing with complete cosmic confidence. A rounded, endearingly chubby astronaut sits cross-legged atop a monochrome ringed planet, a lazy wisp of smoke curling from one hand while star dots pepper the surrounding black void in companionable silence. Below, bold white typography delivers the punchline with deadpan precision — ""I'm not lazy, just on my energy saving mode"" — in a mixed-weight layout that makes the word ENERGY hit exactly as hard as it should.

The Soft Silicone variant is a lightweight, flexible silicone phone case that keeps your device safe through every low-effort afternoon — grippy, slim and reliably protective without demanding much in return. The Hybrid Metal finish is a premium hybrid phone case combining rigid metal construction with silicone cushioning — a sturdy protective phone cover for those who prefer their accessories to work harder than they do.

Precision-fitted for iPhones, Samsung Galaxy, OnePlus, Motorola, Realme, Vivo, OPPO and Google Pixel — a witty space-themed Android phone cover compatible with all major devices.

The ultimate customized phone case for overthinkers, introverts and professional resters — and a hilariously spot-on unique gift idea for anyone who appreciates designer phone covers with a sharp sense of humour. Shop this astronaut quote phone case online and wear your energy-saving philosophy with zero apology.

The universe is vast — there is plenty of room to do nothing in style."
108,Mystic Garden Cat - Special Phone Case for Pets Lover,https://black5creatives.in/product/,mystic-garden-cat-special-phone-case-for-pets-lover,https://black5creatives.in/product/mystic-garden-cat-special-phone-case-for-pets-lover,Pets Cover Collections,"The garden belongs to the cat — it always has. The Mystic Garden Cat - Special Phone Case for Pets Lover hides a piercing-eyed black cat within a lush tangle of teal peonies and golden blooms on white — in Soft Silicone and Hybrid Metal. Compatible with iPhones, Samsung, OnePlus, Realme, Vivo, OPPO, Motorola and Google Pixel. For those who know cats run everything.","Somewhere between the peonies and the petals, two ice-blue eyes are already watching you.

The Mystic Garden Cat - Special Phone Case for Pets Lover is a breathtakingly detailed botanical composition built around a long-haired black cat poised with absolute feline authority at its centre. Surrounding it in every direction — oversized teal and petrol blue peonies, warm antique gold marigold blooms, delicate daisy clusters and sprays of teal buds, all rendered in exquisite engraving-style cross-hatched linework against a clean white background. The contrast between the intricately illustrated florals and the flat velvet black of the cat creates a visual tension that is impossible to look away from.

The Soft Silicone variant is a slim, flexible silicone phone case that keeps every botanical detail and that piercing feline gaze crisp and vivid through daily wear. The Hybrid Metal finish is a premium hybrid phone case combining rigid metal construction with silicone cushioning — a refined protective phone cover as detailed and considered as the illustration it protects.
Precision-fitted for iPhones, Samsung Galaxy, OnePlus, Motorola, Realme, Vivo, OPPO and Google Pixel — a lush botanical Android phone cover compatible with all major devices.

An utterly captivating customized phone case for cat lovers and botanical art enthusiasts — and a wonderfully unique gift idea for anyone obsessed with animals and designer phone covers with genuine illustrative craft. Shop this mystic cat phone case online and let the most elegant resident of the garden travel with you.

Every garden has a keeper — yours just has better eyes than most."
109,Fight Against The Evil - Quote Phone Case,https://black5creatives.in/product/,fight-against-the-evil-quote-phone-case,https://black5creatives.in/product/fight-against-the-evil-quote-phone-case,Quote Cover Collections,"Some forces were born to destroy darkness — and they look exactly like this. The Fight Against The Evil - Quote Phone Case rises with a fierce blue goddess, glowing lotus and blood-red battle cry in bold graphic art — in Soft Silicone and Hybrid Metal. Compatible with iPhones, Samsung, OnePlus, Realme, Vivo, OPPO, Motorola and Google Pixel. Carry the power of the divine.","Before the battle ends, the goddess must rise — and on this case, she already has.

The Fight Against The Evil - Quote Phone Case is a visually arresting tribute to divine feminine power, rendered in bold contemporary Indian graphic art. A blue-skinned goddess — eyes fierce, bindi blazing, wild hair consuming the crimson background like sacred fire — stands with absolute authority, one hand holding aloft a softly glowing lotus that cuts through the darkness with quiet, devastating grace. Below, distressed block typography lands the declaration with the full weight of a war cry that has echoed through centuries of mythology.

The Soft Silicone variant is a flexible, form-fitting silicone phone case that keeps your device protected through every day — as steadfast and dependable as the divine force this design honours. The Hybrid Metal finish delivers a commanding hybrid phone case combining rigid metal reinforcement with silicone cushioning — a powerful protective phone cover as uncompromising as the goddess herself.

Precision-fitted for iPhones, Samsung Galaxy, OnePlus, Motorola, Realme, Vivo, OPPO and Google Pixel — a culturally fierce Android phone cover engineered for all major devices.

A deeply meaningful customized phone case for devotees of Indian mythology and a profoundly unique gift idea for anyone drawn to divine art and designer phone covers that carry real spiritual weight. Shop this goddess-themed quote phone case online and let sacred power travel with you everywhere.

Evil has always had an answer — she just doesn't always announce her arrival."
110,Devi - Women's Special Designer/Aesthetic Phone Case,https://black5creatives.in/product/,devi-womens-special-designeraesthetic-phone-case,https://black5creatives.in/product/devi-womens-special-designeraesthetic-phone-case,Aesthetic Cover Collections,"Grace that needs no introduction — only presence. The Devi - Women's Special Designer/Aesthetic Phone Case unfolds a sacred Bengali figure in white saree and lotus bloom across three luminous panels on a Sanskrit manuscript background — in Soft Silicone and Hybrid Metal. Compatible with iPhones, Samsung, OnePlus, Realme, Vivo, OPPO, Motorola and Google Pixel. Carry the divine within you.","Some figures don't demand attention — they simply hold it, effortlessly and completely.

The Devi - Women's Special Designer/Aesthetic Phone Case is a deeply considered celebration of Indian cultural grace, composed across three seamlessly layered panels. A serene figure in a pristine white Bengali saree with crimson and teal borders is shown first in intimate portrait — red bindi, golden earrings, eyes closed in still devotion — then in full meditative seat surrounded by blush pink water lilies, cradling a lotus in adorned golden hands, and finally in a close detail of those hands alone, the bloom resting like an offering. The entire composition breathes over a warm ivory background of flowing Sanskrit manuscript text, with terracotta red brick accents framing each panel with quiet architectural authority.

The Soft Silicone variant is a slim, flexible silicone phone case that carries every delicate detail of this design with reliable everyday protection — as understated and essential as the grace it depicts. The Hybrid Metal finish is a premium hybrid phone case combining structured metal reinforcement with silicone cushioning — a refined protective phone cover worthy of the artistry it holds.

Perfectly fitted for iPhones, Samsung Galaxy, OnePlus, Motorola, Realme, Vivo, OPPO and Google Pixel — a culturally rich Android phone cover precision-engineered for all major devices.

An extraordinarily beautiful customized phone case and a profoundly meaningful unique gift idea for admirers of Indian classical art and designer phone covers rooted in devotion and cultural identity. Shop this Sanskrit-inspired aesthetic phone case online and let the divine travel with you always.

True grace was never worn — it was simply lived."
113,Coffee Burst - Aesthetic Phone Case,https://black5creatives.in/product/,coffee-burst-aesthetic-phone-case,https://black5creatives.in/product/coffee-burst-aesthetic-phone-case,Aesthetic Cover Collections,"This is your brain on coffee — and it is magnificent. The Coffee Burst - Aesthetic Phone Case unleashes a chaotic explosion of tiny cartoon characters from a grinning black mug against vivid yellow — in Soft Silicone and Hybrid Metal. Compatible with iPhones, Samsung, OnePlus, Realme, Vivo, OPPO, Motorola and Google Pixel. Fuelled by caffeine. Powered by chaos.","Nobody warned the coffee it would end up like this — but honestly, no regrets.

The Coffee Burst - Aesthetic Phone Case is a gloriously chaotic celebration of coffee culture, built around a large, happily grinning black coffee mug erupting with dozens of tiny expressive cartoon characters. Surprised blobs, joyful bean-shaped figures, startled mini mugs and clouds of steam explode upward in every direction against a vivid cadmium yellow background — all rendered in loose, energetic doodle linework that rewards every look with a new tiny detail to discover. Below the cup, a miniature café scene plays out in quiet contrast — small figures seated at lamp-lit tables, completely oblivious to the magnificent chaos above them.

The Soft Silicone variant is a lightweight, flexible silicone phone case that keeps your device protected through every coffee-fuelled day — grippy, slim and always reliable. The Hybrid Metal finish is a premium hybrid phone case combining rigid metal structure with silicone cushioning — a bold protective phone cover with the same energy as the design it carries.

Perfectly fitted for iPhones, Samsung Galaxy, OnePlus, Motorola, Realme, Vivo, OPPO and Google Pixel — a fun-filled doodle art Android phone cover compatible with all major devices.

The ultimate customized phone case for coffee addicts and cartoon art lovers — and a brilliantly playful unique gift idea for anyone who needs their designer phone cover to match their morning mood. Shop this coffee-themed phone case online and carry the most caffeinated case in the room.

Life is short — make it loud, make it yellow, make it coffee."
114,Full Aesthetic Moon Phone Case Collection 01,https://black5creatives.in/product/,full-aesthetic-moon-phone-case-collection-01,https://black5creatives.in/product/full-aesthetic-moon-phone-case-collection-01,Moon Cover Collections,"The moon was full. The rider didn't stop. The Full Aesthetic Moon Phone Case Collection 01 frames a lone horseback silhouette against a luminous full moon over a perfectly still lake — in warm amber, cream and deep black — in Soft Silicone and Hybrid Metal. Compatible with iPhones, Samsung, OnePlus, Realme, Vivo, OPPO, Motorola and Google Pixel. Some journeys only happen at night.","Between the mountains and their reflection, between the rider and the horizon — the moon holds everything still.

The Full Aesthetic Moon Phone Case Collection 01 is a masterwork of atmospheric silhouette composition, drawing deeply from East Asian ink-wash landscape tradition and translating it into a bold contemporary graphic illustration. A solitary rider and horse are centred with absolute precision within a luminous cream-white full moon disc — its warm glow pushing back against jagged dark mountain peaks on either side and casting a shimmering golden reflection across a perfectly still lake below. Traditional pagoda-style structures flank the waterfront in quiet silhouette while distant birds drift across a star-scattered dark sky, completing a scene of rare cinematic grandeur.

The Soft Silicone variant is a slim, flexible silicone phone case that keeps your device protected day and night — as dependable and unassuming as the rider who keeps moving regardless. The Hybrid Metal finish is a premium hybrid phone case combining structured metal reinforcement with silicone cushioning — a refined protective phone cover as composed and striking as the landscape it carries.

Precision-fitted for iPhones, Samsung Galaxy, OnePlus, Motorola, Realme, Vivo, OPPO and Google Pixel — a cinematic moonlit Android phone cover engineered for all major devices.

A breathtaking customized phone case for lovers of landscape art and solitary adventure — and an exceptional unique gift idea for anyone drawn to atmospheric designer phone covers with genuine visual poetry. Shop this full moon silhouette phone case online and carry the most beautiful night ride ever painted.

The moon asks nothing of the rider — only that they keep going."
115,Wilderness Bond - Special Phone Case for Pets Lover [Dog],https://black5creatives.in/product/,wilderness-bond-special-phone-case-for-pets-lover-dog,https://black5creatives.in/product/wilderness-bond-special-phone-case-for-pets-lover-dog,Pets Cover Collections,"No words needed — just you, your dog and the rain. The Wilderness Bond - Special Phone Case for Pets Lover [Dog] captures a yellow-hooded figure and loyal dog sharing a rainy alpine boulder moment in vivid grey, amber and gold — in Soft Silicone and Hybrid Metal. Compatible with iPhones, Samsung, OnePlus, Realme, Vivo, OPPO, Motorola and Google Pixel. The best company always has four legs.
","Some bonds don't need sunshine to feel warm — they just need each other and the open wild.

The Wilderness Bond - Special Phone Case for Pets Lover [Dog] is a profoundly moving illustration of the purest kind of companionship. A figure in a vivid yellow rain hoodie sits on a rain-slicked boulder beside a dark-furred dog, both facing the same vast alpine valley in comfortable, wordless togetherness. Vertical rain streaks fall across the entire scene while a glacial lake reflects pale golden light from the horizon, snow-capped peaks rise dramatically on both sides and dense amber autumn pine forests line the valley floor — creating a landscape as expansive as the feeling between a person and their dog.

The Soft Silicone variant is a rugged yet lightweight flexible silicone phone case built for outdoors lovers — grippy, reliable and ready for every trail, rain shower and unexpected adventure. The Hybrid Metal finish is a premium hybrid phone case combining rigid metal structure with silicone cushioning — a dependable protective phone cover as steadfast as the bond this design celebrates.

Precision-fitted for iPhones, Samsung Galaxy, OnePlus, Motorola, Realme, Vivo, OPPO and Google Pixel — a nature and pet-themed Android phone cover compatible with all major devices.

The most heartfelt customized phone case for dog lovers and outdoor adventurers alike — and an incredibly meaningful unique gift idea for anyone whose best companion has a wagging tail. Shop this wilderness dog phone case online and carry the feeling of that perfect rainy day together wherever you go.

Loyalty never needed a leash — just a boulder and a view."
117,Faces - Aesthetic Phone Case,https://black5creatives.in/product/,faces-aesthetic-phone-case,https://black5creatives.in/product/faces-aesthetic-phone-case,Aesthetic Cover Collections,"Every face carries a story — this case carries all of them. The Faces - Aesthetic Phone Case packs a gallery of bold minimalist portrait linework in deep black on warm ivory — in Soft Silicone and Hybrid Metal. Compatible with iPhones, Samsung, OnePlus, Realme, Vivo, OPPO, Motorola and Google Pixel. For those who find art in every human expression.","Look long enough and every line starts to say something different.

The Faces - Aesthetic Phone Case is a quietly extraordinary piece of editorial line art, filling the entire canvas with a tightly composed crowd of stylised human portraits — each one distinct, each one alive. Elongated features, confident single-stroke linework and minimal internal detail give each face a bold graphic presence: one wears glasses, one carries a bindi, another bears earrings, another a headband — small details that transform abstract shapes into recognisable humanity. The warm ivory background keeps the composition clean and gallery-ready while the bold black ink lines command every glance without shouting for it.

The Soft Silicone variant is a slim, flexible silicone phone case that preserves every precise line of this artwork through everyday carry — lightweight, protective and always understated. The Hybrid Metal finish is a premium hybrid phone case combining rigid metal structure with silicone cushioning — a refined protective phone cover as considered and intentional as the illustration itself.

Precision-fitted for iPhones, Samsung Galaxy, OnePlus, Motorola, Realme, Vivo, OPPO and Google Pixel — a contemporary art-inspired Android phone cover compatible with all major devices.

A sophisticated customized phone case for admirers of modern line art and a genuinely unique gift idea for anyone who appreciates designer phone covers with intellectual depth and artistic restraint. Shop this portrait art phone case online and carry a crowd of quiet stories wherever you go.

In a world full of noise — sometimes the most powerful art says everything with a single line."
119,Bloomfield - Aesthetic Phone Case,https://black5creatives.in/product/,bloomfield-aesthetic-phone-case,https://black5creatives.in/product/bloomfield-aesthetic-phone-case,Aesthetic Cover Collections,"Sit down. Breathe. Let the daisies do the rest. The Bloomfield - Aesthetic Phone Case places a solitary figure in a breathtaking white daisy field under dramatic cumulus clouds in vivid cerulean and golden tones — in Soft Silicone and Hybrid Metal. Compatible with iPhones, Samsung, OnePlus, Realme, Vivo, OPPO, Motorola and Google Pixel. Some afternoons deserve to last forever.","There are places the mind returns to — fields like this one, afternoons like this one.

The Bloomfield - Aesthetic Phone Case is a deeply immersive anime-inspired landscape illustration that places a solitary figure at the centre of a sprawling daisy field in full, luminous bloom. Oversized white daisies with warm golden centres rise in the foreground with an almost painterly impressionist quality, framing a lone figure seated with quiet contentment as a golden amber wheat field stretches behind and dramatic billowing cumulus clouds command the cerulean sky above. Distant green tree lines and rural telegraph poles complete a scene that captures the effortless beauty of a countryside afternoon in the precise visual language of Studio Ghibli's most beloved moments.

The Soft Silicone variant is a featherlight, flexible silicone phone case that keeps your device protected through every season — as calm and dependable as the afternoon this design evokes. The Hybrid Metal finish delivers a premium hybrid phone case combining rigid metal structure with silicone cushioning — a refined protective phone cover as beautifully composed as the landscape it holds.

Precision-fitted for iPhones, Samsung Galaxy, OnePlus, Motorola, Realme, Vivo, OPPO and Google Pixel — a nature-themed aesthetic Android phone cover compatible with all major devices.

A deeply calming customized phone case for lovers of anime landscape art and a wonderfully unique gift idea for anyone who treasures designer phone covers with genuine emotional resonance. Shop this daisy field phone case online and carry the most peaceful afternoon you never want to leave.

Some places only exist in art — but your phone can take you there any time."
120,Race Line - Formula One Racing Car Phone Case,https://black5creatives.in/product/,race-line-formula-one-racing-car-phone-case,https://black5creatives.in/product/race-line-formula-one-racing-car-phone-case,F1 Phone Cover Collections,"Two cars. One line. Zero room for compromise. The Race Line - Formula One Racing Car Phone Case locks two papaya yellow F1 machines in a top-down aerial battle on a bold black circuit — in Soft Silicone and Hybrid Metal. Compatible with iPhones, Samsung, OnePlus, Realme, Vivo, OPPO, Motorola and Google Pixel. Built for those who live at full throttle.","At 300 kilometres per hour, millimetres become everything — this case lives in those millimetres.

The Race Line - Formula One Racing Car Phone Case delivers a pure shot of motorsport adrenaline through a masterfully composed top-down aerial illustration. Two papaya yellow Formula One cars run nose-to-tail down a black tarmac straight, their geometric forms rendered in precise flat graphic detail — front wings, diffusers, cockpits and yellow livery all captured with the clean visual confidence of contemporary F1 poster art. Bold yellow side barriers frame the composition from edge to edge while aerial camera pods at both ends of the track nod to the broadcast grandeur of a live race weekend. Every element vibrates with competitive tension.

The Soft Silicone variant is a slim, flexible silicone phone case that absorbs impact as efficiently as a modern F1 chassis absorbs corner forces — lightweight, dependable and built for pace. The Hybrid Metal finish is a premium hybrid phone case combining rigid metal construction with silicone cushioning — a precision-engineered protective phone cover as performance-driven as the machines it depicts.

Precision-fitted for iPhones, Samsung Galaxy, OnePlus, Motorola, Realme, Vivo, OPPO and Google Pixel — a motorsport-themed Android phone cover compatible with all major devices.

The ultimate customized phone case for Formula One fans and motorsport enthusiasts — and a thrillingly unique gift idea for anyone who lives for race day and demands designer phone covers with real speed DNA. Shop this F1 racing phone case online and take the fastest seat in the room.

Every race begins with one clean line — make sure yours is this good."
121,Shadowfire Castle Harry Potter Phone Case Collection 04,https://black5creatives.in/product/,shadowfire-castle-harry-potter-phone-case-collection-04,https://black5creatives.in/product/shadowfire-castle-harry-potter-phone-case-collection-04,Harry Potter Cover Collections,"The storm is here. The wizard is ready. The Shadowfire Castle Harry Potter Phone Case Collection 04 ignites a cloaked sorcerer and a lightning-struck gothic castle in explosive dark fantasy illustration — in Soft Silicone and Hybrid Metal. Compatible with iPhones, Samsung, OnePlus, Realme, Vivo, OPPO, Motorola and Google Pixel. For those who chose magic and never looked back.","Lightning tears the sky, fire consumes the towers — and the wizard standing at the edge holds the only light that matters.

The Shadowfire Castle Harry Potter Phone Case Collection 04 is a breathtaking dark fantasy composition unlike any in the collection. A cloaked sorcerer stands on a misty cliff with a billowing cape and a fireball raised in one hand — silhouetted against a colossal gothic castle whose every spire blazes with amber light and whose walls are being split apart by cascading lightning strikes. Layered storm clouds roil dramatically behind in deep charcoal and slate while rivers of molten orange fire erupt upward — a scene of pure cinematic magical confrontation rendered with painterly atmospheric depth and theatrical poster-art grandeur.

The Soft Silicone variant is a flexible, slim silicone phone case that keeps your device protected through every adventure — as reliable and steady as the wizard who never drops the spell. The Hybrid Metal finish is a commanding hybrid phone case combining rigid metal reinforcement with silicone cushioning — a truly formidable protective phone cover as epic as the battle it depicts.

Precision-fitted for iPhones, Samsung Galaxy, OnePlus, Motorola, Realme, Vivo, OPPO and Google Pixel — a dark fantasy Android phone cover engineered for all major devices.

A stunning customized phone case for fantasy and wizarding world lovers — and an unforgettable unique gift idea for anyone who lives for dark magic and designer phone covers with genuine cinematic power. Shop this Harry Potter inspired phone case online and carry the storm wherever the next chapter takes you.

The castle burns — but the magic in your hands never will."
123,Golden Ride - Women Special Aesthetic Phone Case,https://black5creatives.in/product/,golden-ride-women-special-aesthetic-phone-case,https://black5creatives.in/product/golden-ride-women-special-aesthetic-phone-case,Aesthetic Cover Collections,"Hair loose. Wind fierce. Flowers everywhere. The Golden Ride - Women Special Aesthetic Phone Case sends a yellow-clad cyclist streaming through a vivid wildflower meadow beneath a dramatic teal and cream cloud sky — in Soft Silicone and Hybrid Metal. Compatible with iPhones, Samsung, OnePlus, Realme, Vivo, OPPO, Motorola and Google Pixel. Ride like the world is watching — because it is.","Some rides are about the destination — this one is entirely about the feeling.

The Golden Ride - Women Special Aesthetic Phone Case is a composition that practically moves on its own. A figure in a flowing yellow outfit cycles through a sea of vivid golden wildflowers, scarf and hair streaming horizontally in a wind that seems to bend the entire world around them. Above, a monumental cloud formation rendered in bold teal and brushstroke cream swirls and billows with an almost Van Gogh-like expressive energy — dramatic, alive and impossible to ignore. The deep teal foliage below and the warm amber meadow horizon complete a palette that is simultaneously bold and completely harmonious.

The Soft Silicone variant is a lightweight, flexible silicone phone case that keeps pace with every day — as free-moving and dependable as a perfect afternoon ride. The Hybrid Metal finish delivers a premium hybrid phone case combining structured metal reinforcement with silicone cushioning — a refined protective phone cover as dynamic and spirited as the cyclist in the design.

Perfectly fitted for iPhones, Samsung Galaxy, OnePlus, Motorola, Realme, Vivo, OPPO and Google Pixel — a vibrant freedom-themed Android phone cover compatible with all major devices.

A beautifully expressive customized phone case for free spirits and outdoor lovers — and a truly inspired unique gift idea for anyone drawn to bold, movement-filled designer phone covers with genuine artistic energy. Shop this cycling aesthetic phone case online and carry the wind with you wherever you ride.

Freedom was never a destination — it was always the ride itself."
124,Serenity Sunset - Women Special Aesthetic Phone Case,https://black5creatives.in/product/,serenity-sunset-women-special-aesthetic-phone-case,https://black5creatives.in/product/serenity-sunset-women-special-aesthetic-phone-case,Aesthetic Cover Collections,"Still. Centred. Completely her own. The Serenity Sunset - Women Special Aesthetic Phone Case silhouettes a saree-clad figure before a glowing orange sun within a cool silver-blue nocturnal garden — in Soft Silicone and Hybrid Metal. Compatible with iPhones, Samsung, OnePlus, Realme, Vivo, OPPO, Motorola and Google Pixel. Peace looks exactly like this.","When the world goes quiet, this is where she sits — and nothing needs to be said.

The Serenity Sunset - Women Special Aesthetic Phone Case is a study in deliberate contrast and emotional precision. A saree-clad figure sits in perfect stillness at the centre of the composition, her silhouette set against a single warm burnt orange sun disc that glows like an ember in an otherwise cool, dark world. Surrounding her on all sides — overlapping tropical leaves, palm fronds and botanical clusters are rendered in cool silver-blue tones that fill the upper composition with quiet, breathing life. Star points pierce the deep charcoal sky above while a diagonal light divide adds architectural tension across the background, and a small terracotta pot with a plant anchors the lower left with intimate domestic warmth.

The Soft Silicone variant is a slim, flexible silicone phone case that protects your device as quietly and consistently as the stillness this design radiates — never intrusive, always dependable. The Hybrid Metal finish is a refined hybrid phone case combining structured metal reinforcement with silicone edge cushioning — a premium protective phone cover as composed and considered as the figure it carries.

Precision-fitted for iPhones, Samsung Galaxy, OnePlus, Motorola, Realme, Vivo, OPPO and Google Pixel — a meditative aesthetic Android phone cover compatible with all major devices.

A profoundly beautiful customized phone case for those who find strength in stillness — and an extraordinarily thoughtful unique gift idea for anyone who values designer phone covers rooted in inner calm and cultural grace. Shop this sunset meditation phone case online and carry the most grounding moment of any day with you always.

She does not chase the light — she simply becomes it."
125,Eternal Bond - Special Phone Case for Pets Lover [Dog],https://black5creatives.in/product/,eternal-bond-special-phone-case-for-pets-lover-dog,https://black5creatives.in/product/eternal-bond-special-phone-case-for-pets-lover-dog,Pets Cover Collections,"The view is perfect — but the company makes it everything. The Eternal Bond - Special Phone Case for Pets Lover [Dog] places a golden retriever and a rooftop companion before a breathtaking mountain valley sunset in vivid coral, amber and teal — in Soft Silicone and Hybrid Metal. Compatible with iPhones, Samsung, OnePlus, Realme, Vivo, OPPO, Motorola and Google Pixel. Because no sunset is complete alone.","Every great view deserves the right company — and no company has ever been more right than this.

The Eternal Bond - Special Phone Case for Pets Lover [Dog] is a luminously beautiful illustration of the bond that needs no words and no explanation. A golden retriever sits upright on a stone rooftop terrace, paw reaching naturally toward a figure in a soft pink hoodie as both look out together at a spectacular mountain valley sunset. Layers of coral pink and rose-magenta clouds blaze across a teal-blue sky above a glowing yellow sun disc, while a winding river catches the last light far below in the valley and a flock of birds traces a graceful arc across the horizon. The golden retriever's warm amber fur glows against the sunset palette — as much a part of this perfect moment as the landscape itself.

The Soft Silicone variant is a warm, flexible silicone phone case that protects your device through every day with the same quiet reliability as a golden retriever waiting by the door — always dependable, never demanding. The Hybrid Metal finish is a premium hybrid phone case combining rigid metal structure with silicone cushioning — a beautifully crafted protective phone cover as enduring as the bond this design honours.

Precision-fitted for iPhones, Samsung Galaxy, OnePlus, Motorola, Realme, Vivo, OPPO and Google Pixel — a heartwarming pet-themed Android phone cover engineered for all major devices.

The most emotionally resonant customized phone case for dog lovers and sunset chasers — and an unforgettable unique gift idea for anyone whose golden retriever is their favourite adventure partner. Shop this dog sunset phone case online and carry the warmest kind of love wherever the day takes you.

Sunsets fade — but this kind of bond simply never does."
127,Crimson Peaks - Special Phone Case for Travel Lovers,https://black5creatives.in/product/,crimson-peaks-special-phone-case-for-travel-lovers,https://black5creatives.in/product/crimson-peaks-special-phone-case-for-travel-lovers,Travel Cover Collections,"The peak doesn't care about excuses — only those who show up. Crimson Peaks - Special Phone Case for Travel Lovers delivers that summit-or-nothing energy in a bold, Japanese-inspired poster design. Available in Soft Silicone and Hybrid Metal for iPhones, Samsung, OnePlus, Motorola, Realme, Vivo, OPPO, and Google Pixel. Conquer every day.","There is only the mountain, the cold air, and the next step — everything else falls away up here.

The Crimson Peaks Special Phone Case is a striking alpine adventure piece built for those who measure life in elevation. A lone hiker with a red backpack stands on a jagged rocky ledge, trekking pole in hand, facing a monumental snow-capped mountain range rendered in sharp geometric facets of icy blue and grey. Behind it all, a massive crimson sun disc commands the cream sky like a Japanese travel poster reimagined for the modern adventurer — giving this mountain-themed phone case a graphic boldness that is impossible to ignore.

The Soft Silicone variant is a flexible, form-fitting silicone phone case that keeps every clean edge and colour block of the poster artwork perfectly intact through every trail and summit attempt. For maximum durability, the Hybrid Metal edition is a rugged hybrid phone case combining a solid metal structure with a tough protective phone cover built to handle the demands of an active lifestyle.

Precision-engineered for iPhones, Samsung Galaxy, OnePlus, Motorola, Realme, Vivo, OPPO, and Google Pixel — a bold adventure-themed Android phone cover and iPhone case made for those who never take the easy path.

Whether it's a customized phone case for the next expedition or a unique gift idea for the mountain obsessive in your life, this is the aesthetic phone case worth shopping online. Buy this designer phone case online and carry that summit mindset everywhere.

The crimson peak is waiting — start climbing."
129,Reflections,https://black5creatives.in/product/,reflections,https://black5creatives.in/product/reflections,Limited Editions,,
130,Dilemma,https://black5creatives.in/product/,dilemma,https://black5creatives.in/product/dilemma,Limited Editions,,
131,Bleu Paon,https://black5creatives.in/product/,bleu-paon,https://black5creatives.in/product/bleu-paon,modern artwork for living room,,
132,Melodious Strain,https://black5creatives.in/product/,melodious-strain,https://black5creatives.in/product/melodious-strain,modern artwork for living room,,
133,In My Thoughts,https://black5creatives.in/product/,in-my-thoughts,https://black5creatives.in/product/in-my-thoughts,modern artwork for living room,,
134,Echoes of Time,https://black5creatives.in/product/,echoes-of-time,https://black5creatives.in/product/echoes-of-time,modern artwork for living room,,
135,Saraswasti,https://black5creatives.in/product/,saraswasti,https://black5creatives.in/product/saraswasti,modern artwork for living room,,
136,The Golden Muse,https://black5creatives.in/product/,the-golden-muse,https://black5creatives.in/product/the-golden-muse,modern artwork for living room,,
137,You and Me,https://black5creatives.in/product/,you-and-me,https://black5creatives.in/product/you-and-me,Bedroom Artwork,,
138,Lotus Pond Serenity,https://black5creatives.in/product/,lotus-pond-serenity,https://black5creatives.in/product/lotus-pond-serenity,modern artwork for living room,,
139,Pustak Priya,https://black5creatives.in/product/,pustak-priya,https://black5creatives.in/product/pustak-priya,modern artwork for living room,,
140,Rimjhim,https://black5creatives.in/product/,rimjhim,https://black5creatives.in/product/rimjhim,modern artwork for living room,,
141,Sitar Sandhya,https://black5creatives.in/product/,sitar-sandhya,https://black5creatives.in/product/sitar-sandhya,modern artwork for living room,,
142,Khet Ki Rani,https://black5creatives.in/product/,khet-ki-rani,https://black5creatives.in/product/khet-ki-rani,modern artwork for living room,,
143,Vriksha Chhaon,https://black5creatives.in/product/,vriksha-chhaon,https://black5creatives.in/product/vriksha-chhaon,modern artwork for living room,,
144,Moonnight,https://black5creatives.in/product/,moonnight,https://black5creatives.in/product/moonnight,modern artwork for living room,,
145,Mitwa,https://black5creatives.in/product/,mitwa,https://black5creatives.in/product/mitwa,modern artwork for living room,,
146,Sunset With You,https://black5creatives.in/product/,sunset-with-you,https://black5creatives.in/product/sunset-with-you,modern artwork for living room,,
147,Midnight Muse,https://black5creatives.in/product/,midnight-muse,https://black5creatives.in/product/midnight-muse,modern artwork for living room,,
148,Neel Ratna,https://black5creatives.in/product/,neel-ratna,https://black5creatives.in/product/neel-ratna,modern artwork for living room,,
149,Taal,https://black5creatives.in/product/,taal,https://black5creatives.in/product/taal,modern artwork for living room,,
150,Alta,https://black5creatives.in/product/,alta,https://black5creatives.in/product/alta,modern artwork for living room,,
151,Barandaye,https://black5creatives.in/product/,barandaye,https://black5creatives.in/product/barandaye,modern artwork for living room,,
152,Bansuri,https://black5creatives.in/product/,bansuri,https://black5creatives.in/product/bansuri,modern artwork for living room,,
153,Sindoor Khela,https://black5creatives.in/product/,sindoor-khela,https://black5creatives.in/product/sindoor-khela,modern artwork for living room,,
154,Adda,https://black5creatives.in/product/,adda,https://black5creatives.in/product/adda,modern artwork for living room,,
155,Brishti Bhalobasa,https://black5creatives.in/product/,brishti-bhalobasa,https://black5creatives.in/product/brishti-bhalobasa,modern artwork for living room,,
156,Rikshaw,https://black5creatives.in/product/,rikshaw,https://black5creatives.in/product/rikshaw,modern artwork for living room,,
157,Sakhi,https://black5creatives.in/product/,sakhi,https://black5creatives.in/product/sakhi,modern artwork for living room,,
158,Padma Griha,https://black5creatives.in/product/,padma-griha,https://black5creatives.in/product/padma-griha,modern artwork for living room,,
159,Pink Water,https://black5creatives.in/product/,pink-water,https://black5creatives.in/product/pink-water,modern artwork for living room,,
160,Red Bird,https://black5creatives.in/product/,red-bird,https://black5creatives.in/product/red-bird,modern artwork for living room,,
161,Kesha Sushama,https://black5creatives.in/product/,kesha-sushama,https://black5creatives.in/product/kesha-sushama,modern artwork for living room,,
162,Home,https://black5creatives.in/product/,home,https://black5creatives.in/product/home,modern artwork for living room,,
163,Walk,https://black5creatives.in/product/,walk,https://black5creatives.in/product/walk,modern artwork for living room,,
164,Her Greens,https://black5creatives.in/product/,her-greens,https://black5creatives.in/product/her-greens,modern artwork for living room,,
165,Mayura,https://black5creatives.in/product/,mayura,https://black5creatives.in/product/mayura,Premium Editions,,
166,Raag,https://black5creatives.in/product/,raag,https://black5creatives.in/product/raag,Premium Editions,,
167,Blue City,https://black5creatives.in/product/,blue-city,https://black5creatives.in/product/blue-city,Premium Editions,,
168,Fish Pond,https://black5creatives.in/product/,fish-pond,https://black5creatives.in/product/fish-pond,Premium Editions,,
169,Noshtoneer,https://black5creatives.in/product/,noshtoneer,https://black5creatives.in/product/noshtoneer,Premium Editions,,
170,Kabuliwala,https://black5creatives.in/product/,kabuliwala,https://black5creatives.in/product/kabuliwala,Premium Editions,,
171,Chokher Bali,https://black5creatives.in/product/,chokher-bali,https://black5creatives.in/product/chokher-bali,Premium Editions,,
172,Ekla,https://black5creatives.in/product/,ekla-1,https://black5creatives.in/product/ekla-1,Premium Editions,,
173,Neela Padma,https://black5creatives.in/product/,neela-padma,https://black5creatives.in/product/neela-padma,Premium Editions,,
174,Neel Nauka,https://black5creatives.in/product/,neel-nauka,https://black5creatives.in/product/neel-nauka,Premium Editions,,
175,Dhobi Ghat,https://black5creatives.in/product/,dhobi-ghat,https://black5creatives.in/product/dhobi-ghat,Premium Editions,,
176,Jal Vahini,https://black5creatives.in/product/,jal-vahini,https://black5creatives.in/product/jal-vahini,Premium Editions,,
177,Chaand Raat,https://black5creatives.in/product/,chaand-raat,https://black5creatives.in/product/chaand-raat,Premium Editions,,
178,Neel Drishti,https://black5creatives.in/product/,neel-drishti,https://black5creatives.in/product/neel-drishti,Premium Editions,,
179,Jal Kanya,https://black5creatives.in/product/,jal-kanya,https://black5creatives.in/product/jal-kanya,Premium Editions,,
180,Shanti Naav,https://black5creatives.in/product/,shanti-naav,https://black5creatives.in/product/shanti-naav,Premium Editions,,
181,Sangeet Saathi,https://black5creatives.in/product/,sangeet-saathi,https://black5creatives.in/product/sangeet-saathi,Premium Editions,,
182,Blue City Part 2,https://black5creatives.in/product/,blue-city-part-2,https://black5creatives.in/product/blue-city-part-2,Premium Editions,,
183,Rani - Women's Special Designer/Aesthetic Phone Case,https://black5creatives.in/product/,rani-womens-special-designeraesthetic-phone-case,https://black5creatives.in/product/rani-womens-special-designeraesthetic-phone-case,Aesthetic Cover Collections,"Grace, music, and the grandeur of a golden era — all on your phone. Rani - Women's Special Designer/Aesthetic Phone Case is a breathtaking tribute to Indian classical artistry set against Mughal splendour. Available in Soft Silicone and Hybrid Metal for iPhones, Samsung, OnePlus, Motorola, Realme, Vivo, OPPO, and Google Pixel. Wear the legacy.","Where marble meets music and the palace walls hold centuries of melody — this is that world.

The Rani Designer Aesthetic Phone Case is a visually magnificent celebration of Indian classical artistry and Mughal architectural glory. A figure draped in a flowing crimson saree sits beside a grand reflecting pool, playing a veena with serene devotion as a golden-domed palace rises in the background and a white swan glides across the still water. The design unfolds across layered panels — a detailed upper vignette echoing the main scene, ornate geometric border bands, and soft birds drifting through a warm cream sky — creating a vintage Indian travel poster aesthetic with the richness of a royal miniature painting.

The Soft Silicone variant is a precise, featherlight silicone phone case that renders every architectural detail and warm sandstone tone of this intricate artwork with complete fidelity. For a more commanding presence, the Hybrid Metal edition delivers a premium hybrid phone case combining a solid metal frame with a refined protective phone cover as stately as the palace it mirrors.

Perfectly fitted for iPhones, Samsung Galaxy, OnePlus, Motorola, Realme, Vivo, OPPO, and Google Pixel — a heritage-inspired Android phone cover and iPhone case that carries the weight of culture beautifully.

This richly crafted customized phone case is an exceptional unique gift idea for lovers of Indian art, classical music, and heritage design. Shop this exquisite designer phone case online and let your phone carry the grandeur of a golden era.

The court is set — pick up your phone like a queen."
185,Goku Dragon Ball - Anime Phone Case Collection 01,https://black5creatives.in/product/,goku-dragon-ball-anime-phone-case-collection-01,https://black5creatives.in/product/goku-dragon-ball-anime-phone-case-collection-01,Anime Cover Collections,"This is the moment limits break and power takes over. Goku Dragon Ball - Anime Phone Case Collection 01 captures that legendary Super Saiyan roar in striking manga ink and crimson energy. Available in Soft Silicone and Hybrid Metal for iPhones, Samsung, OnePlus, Motorola, Realme, Vivo, OPPO, and Google Pixel. Go beyond your limits.","The ground shakes. The air tears. And then — he roars.

The Goku Dragon Ball Anime Phone Case Collection 01 is a pure adrenaline hit for every Dragon Ball fan, rendered in a breathtaking manga ink style that feels ripped straight from the most iconic panel in the series. Super Saiyan Goku mid-transformation — muscles tensed, fists clenched, white spiky hair blazing — explodes from a deep crimson backdrop of radiating speed lines that bleed upward into hypnotic topographic swirl patterns. The stark black, white, and blood-red palette gives this Dragon Ball-themed phone case a raw, print-quality intensity that screams off the back of any phone.

The Soft Silicone variant is a grippy, shock-absorbing silicone phone case that keeps every ink detail and energy line razor-sharp through daily use. For those who want their fandom protected at the highest level, the Hybrid Metal edition is a battle-ready hybrid phone case combining solid metal reinforcement with a tough protective phone cover built to match Goku's own durability.

Compatible with iPhones, Samsung Galaxy, OnePlus, Motorola, Realme, Vivo, OPPO, and Google Pixel — a powerful anime-themed Android phone cover and iPhone case for every DBZ fan out there.

This legendary customized phone case is the ultimate unique gift idea for Dragon Ball lovers, manga collectors, and anime enthusiasts. Shop this iconic designer phone case online and carry Saiyan energy everywhere you go.

Power up — your phone deserves a transformation too."
186,Spiderman Phone Case Collection 02,https://black5creatives.in/product/,spiderman-phone-case-collection-02,https://black5creatives.in/product/spiderman-phone-case-collection-02,Spiderman Cover Collections,"He doesn't follow the rules — he rewrites them mid-swing. Spiderman Phone Case Collection 02 captures Miles Morales in full explosive glory with paint-splattered street energy. Available in Soft Silicone and Hybrid Metal for iPhones, Samsung, OnePlus, Motorola, Realme, Vivo, OPPO, and Google Pixel. Swing different.","Not every Spider-Man swings the same way — and this one hits different from every angle.

The Spiderman Phone Case Collection 02 brings Miles Morales to life in a breathtaking explosion of street-art energy and superhero power. The black and red suit lunges straight at you in a dynamic crouched leap, while massive radial bursts of crimson and electric blue paint splatter outward like the city itself is breaking apart behind him. Glowing white lenses, the iconic spider emblem, and razor-sharp web lines complete a composition that gives this Spider-Man-themed phone case the feel of a live-action graffiti mural frozen mid-explosion.

The Soft Silicone variant is a flexible, impact-absorbing silicone phone case that keeps every paint stroke and vivid colour burst looking bold and sharp through every drop and daily grind. For fans who want their protection as fierce as their fandom, the Hybrid Metal edition is a premium hybrid phone case built with solid metal reinforcement and a rugged protective phone cover that handles impact the way Miles handles a fall — with total control.

Engineered for iPhones, Samsung Galaxy, OnePlus, Motorola, Realme, Vivo, OPPO, and Google Pixel — a fan-favourite anime and superhero Android phone cover and iPhone case for everyone who sides with the underdog.

This electrifying customized phone case is the perfect unique gift idea for Spider-Man fans, comic art lovers, and anyone who believes the best heroes make their own rules. Shop this bold designer phone case online and carry that Miles energy everywhere.

Your city needs a hero — your phone needs this case.
"
187,Monkey D. Luffy One Piece - Anime Phone Case Collection 01,https://black5creatives.in/product/,monkey-d-luffy-one-piece-anime-phone-case-collection-01,https://black5creatives.in/product/monkey-d-luffy-one-piece-anime-phone-case-collection-01,Anime Cover Collections,"The sea doesn't scare him — nothing does. Monkey D. Luffy One Piece - Anime Phone Case Collection 01 packs an entire manga legacy into one iconic colour-pop portrait. Available in Soft Silicone and Hybrid Metal for iPhones, Samsung, OnePlus, Motorola, Realme, Vivo, OPPO, and Google Pixel. Set sail.","Every great journey starts with one unshakeable dream — and his has never wavered for a single chapter.

The Monkey D. Luffy One Piece Anime Phone Case Collection 01 is a manga lover's dream rendered in a stunning selective-colour collage style. Luffy's determined close-up — warm skin tones, iconic red vest, scar beneath the eye, straw hat pushed back — emerges from a richly layered background of black and white manga panels packed with Wanted posters, Gear Four moments, battle scenes, and Japanese sound effects. The contrast between the vivid colour-pop foreground and the dense monochrome manga collage gives this One Piece-themed phone case the depth of a collector's art print and the energy of the Grand Line itself.

The Soft Silicone variant is a lightweight, precise silicone phone case that preserves the fine panel details and colour contrast of the collage artwork with complete clarity. For fans who want their devotion built into something tougher, the Hybrid Metal edition delivers a bold hybrid phone case with solid metal reinforcement and a durable protective phone cover that sails through daily use without a scratch.

Designed for iPhones, Samsung Galaxy, OnePlus, Motorola, Realme, Vivo, OPPO, and Google Pixel — a flagship anime-themed Android phone cover and iPhone case for every One Piece fan from East Blue to the New World.

This iconic customized phone case is the ultimate unique gift idea for One Piece enthusiasts, manga collectors, and anime fans everywhere. Shop this legendary designer phone case online and carry the will of the D. with you always.

The Grand Line calls — answer it."
188,Gojo Satoru Jujutsu Kaisen - Anime Phone Case Collection 01,https://black5creatives.in/product/,gojo-satoru-jujutsu-kaisen-anime-phone-case-collection-01,https://black5creatives.in/product/gojo-satoru-jujutsu-kaisen-anime-phone-case-collection-01,Anime Cover Collections,"Blindfolded and still the strongest in the room. Gojo Satoru Jujutsu Kaisen - Anime Phone Case Collection 01 delivers that signature untouchable energy in a neon-dark manga collage that hits hard. Available in Soft Silicone and Hybrid Metal for iPhones, Samsung, OnePlus, Motorola, Realme, Vivo, OPPO, and Google Pixel. Limitless.","He doesn't need to see you to know he's already won.

The Gojo Satoru Jujutsu Kaisen Anime Phone Case Collection 01 is a stunning dark-neon tribute to the most powerful sorcerer in the JJK universe. Gojo commands the foreground in full colour — signature black blindfold, white hair bleeding into hot pink and purple, dark high-collar coat — while a dense grid of moody manga-style panels fills the background with other cursed figures, glowing pink eyes, Japanese kanji, and fragmented text overlays. The deep black and electric magenta palette gives this Jujutsu Kaisen-themed phone case a cyberpunk edge that feels as dangerous and precise as Infinity itself.

The Soft Silicone variant is a slim, flexible silicone phone case that keeps the neon colour contrasts and fine panel details razor-sharp through every daily encounter. For those who protect their fandom as seriously as Gojo protects the students, the Hybrid Metal edition is a formidable hybrid phone case with solid metal reinforcement and a tough protective phone cover built to outlast any cursed technique thrown at it.

Engineered for iPhones, Samsung Galaxy, OnePlus, Motorola, Realme, Vivo, OPPO, and Google Pixel — a premium anime-themed Android phone cover and iPhone case for every JJK fan who chose the right side.

This striking customized phone case is the perfect unique gift idea for Jujutsu Kaisen fans, dark anime collectors, and anyone who lives by the Gojo philosophy. Shop this exclusive designer phone case online and carry the strongest energy wherever you go.

Infinity activated — your phone just got untouchable."
189,Goku Dragon Ball - Anime Phone Case Collection 02,https://black5creatives.in/product/,goku-dragon-ball-anime-phone-case-collection-02,https://black5creatives.in/product/goku-dragon-ball-anime-phone-case-collection-02,Anime Cover Collections,"Even off the battlefield, he owns every room. Goku Dragon Ball - Anime Phone Case Collection 02 reimagines the legendary Saiyan as a full-on streetwear icon against a dripping teal graffiti wall. Available in Soft Silicone and Hybrid Metal for iPhones, Samsung, OnePlus, Motorola, Realme, Vivo, OPPO, and Google Pixel. Stay cool. Stay powerful.","No power-ups needed — sometimes the most dangerous energy walks in with arms folded and sunglasses on.

The Goku Dragon Ball Anime Phone Case Collection 02 flips the script entirely on the classic Saiyan image. This version of Goku trades the battlefield for the block — rocking a quilted orange bomber over a teal hoodie, orange track pants, and red-tinted shades, posed against a concrete wall dripping with bold turquoise graffiti tags and coral pink paint streaks. The hyper-realistic urban art style gives this Dragon Ball street-art phone case a completely different visual identity from Collection 01 — cooler, more grounded, and unmistakably fresh.

The Soft Silicone variant is a flexible, everyday silicone phone case that wraps your device in clean protection while keeping Goku's streetwear palette looking vivid and sharp. For a build that matches the character's quiet power, the Hybrid Metal edition delivers a premium hybrid phone case combining solid metal reinforcement with a sleek protective phone cover — tough enough for the streets, refined enough for everywhere else.

Compatible with iPhones, Samsung Galaxy, OnePlus, Motorola, Realme, Vivo, OPPO, and Google Pixel — a street-culture anime Android phone cover and iPhone case for Dragon Ball fans who appreciate Goku beyond the fight.

This uniquely styled customized phone case is a standout unique gift idea for Dragon Ball enthusiasts, streetwear lovers, and anime art collectors. Shop this bold designer phone case online and rep the Saiyan spirit in a whole new way.

Power level: street certified."
190,Itachi Uchiha - Anime Phone Case Collection 01,https://black5creatives.in/product/,itachi-uchiha-anime-phone-case-collection-01,https://black5creatives.in/product/itachi-uchiha-anime-phone-case-collection-01,Anime Cover Collections,"He carried the weight of an entire village and never let it show. Itachi Uchiha - Anime Phone Case Collection 01 layers every dimension of the most complex soul in anime into one stunning dark-crimson portrait. Available in Soft Silicone and Hybrid Metal for iPhones, Samsung, OnePlus, Motorola, Realme, Vivo, OPPO, and Google Pixel. Honour the sacrifice","He was never the villain — he was the story behind the story, and this case tells all of it at once.

The Itachi Uchiha Anime Phone Case Collection 01 is a deeply layered tribute to the most tragically brilliant character in the Naruto universe. Three versions of Itachi coexist across the composition — cold and distant at the top, sharp-eyed in profile draped in the Akatsuki cloak through the centre, and a quieter, younger face at the bottom carrying the full sorrow of what he chose to become. Black crows tear through the frame, glowing Sharingan eyes burn through the darkness, and explosive crimson ink splashes give this Naruto-themed phone case a raw, cinematic weight that no ordinary anime phone cover can match.

The Soft Silicone variant is a precise, lightweight silicone phone case that captures every layered detail and blood-red contrast of this intricate artwork exactly as intended. For fans who want protection as absolute as Itachi's resolve, the Hybrid Metal edition delivers a powerful hybrid phone case combining solid metal reinforcement with a resilient protective phone cover built to endure anything.

Designed for iPhones, Samsung Galaxy, OnePlus, Motorola, Realme, Vivo, OPPO, and Google Pixel — a deeply expressive anime-themed Android phone cover and iPhone case for every Naruto fan who truly understood Itachi's story.

This emotionally resonant customized phone case is the ultimate unique gift idea for Naruto enthusiasts, Itachi devotees, and dark anime art collectors. Shop this powerful designer phone case online and carry the weight of the greatest sacrifice in anime history.

For the village. For Sasuke. Forever Itachi."
191,Dragon Ball Z Vegeta - Anime Phone Case Collection 01,https://black5creatives.in/product/,dragon-ball-z-vegeta-anime-phone-case-collection-01,https://black5creatives.in/product/dragon-ball-z-vegeta-anime-phone-case-collection-01,Anime Cover Collections,"Royalty doesn't ask for respect — it commands it. Dragon Ball Z Vegeta - Anime Phone Case Collection 01 crowns the Prince of all Saiyans in full street-king glory with gold chains, graffiti walls, and zero apologies. Available in Soft Silicone and Hybrid Metal for iPhones, Samsung, OnePlus, Motorola, Realme, Vivo, OPPO, and Google Pixel. Own every room.","The crown was never up for debate — it was always his.

The Dragon Ball Z Vegeta Anime Phone Case Collection 01 is a jaw-dropping urban reinvention of the Prince of all Saiyans, rendered in a hyper-realistic street-art style that hits as hard as a Final Flash. Vegeta commands the frame in a studded blue leather biker jacket bearing his ""PRINCE"" patch, thick gold chain hanging low, signature spiky blue hair blazing upward, and a jewelled crown floating above him like a birthright — all set against a purple-magenta graffiti wall tagged with ""PRINCE"" and ""KING"" in dripping block letters. The rich teal, deep purple, and gold palette gives this Dragon Ball street-art phone case an energy that is equal parts Saiyan pride and street royalty swagger.

The Soft Silicone variant is a grip-friendly, shock-absorbing silicone phone case that keeps every vivid colour and urban detail of this artwork sharp and protected through daily use. For those who carry themselves like royalty, the Hybrid Metal edition is a premium hybrid phone case with solid metal reinforcement and a commanding protective phone cover that demands the same respect the design does.

Built for iPhones, Samsung Galaxy, OnePlus, Motorola, Realme, Vivo, OPPO, and Google Pixel — a street-culture anime Android phone cover and iPhone case worthy of Saiyan royalty.

This bold customized phone case is the perfect unique gift idea for Dragon Ball fans, streetwear enthusiasts, and anyone who has always sided with Vegeta. Shop this exclusive designer phone case online and carry the energy of the Prince wherever you go.

It's not a phase — it's a birthright."
194,Goku Dragon Ball - Anime Phone Case Collection 03,https://black5creatives.in/product/,goku-dragon-ball-anime-phone-case-collection-03,https://black5creatives.in/product/goku-dragon-ball-anime-phone-case-collection-03,Anime Cover Collections,"Before the transformation. Before the roar. This is the silence that breaks worlds. Goku Dragon Ball - Anime Phone Case Collection 03 captures that dark, pre-storm energy in a cinematic crimson masterpiece. Available in Soft Silicone and Hybrid Metal for iPhones, Samsung, OnePlus, Motorola, Realme, Vivo, OPPO, and Google Pixel. Feel the power.","The most dangerous moment isn't the explosion — it's the second before it, when everything goes completely still.

The Goku Dragon Ball Anime Phone Case Collection 03 is a cinematic dark-fantasy portrait unlike anything in the Dragon Ball collection. Base-form Goku stands in absolute stillness against a shattered volcanic landscape, arms crossed and fists glowing with a blinding white-core energy that burns outward through layers of crimson particle storms, electric lightning arcs, and floating rock debris. The deep space-black sky, molten red atmosphere, and dramatic rim-lighting give this Dragon Ball-themed phone case the visual weight of an end-of-universe moment — raw, primal, and completely unlike the manga-ink style of Collection 01 or the street-cool energy of Collection 02.

The Soft Silicone variant is a precisely fitted silicone phone case that lets the deep blacks and crimson glow of this cinematic artwork hit with full visual impact through every daily carry. For those who want their device as battle-hardened as Goku himself, the Hybrid Metal edition delivers a formidable hybrid phone case with solid metal reinforcement and a tough protective phone cover engineered to absorb whatever the day throws at it.

Precision-built for iPhones, Samsung Galaxy, OnePlus, Motorola, Realme, Vivo, OPPO, and Google Pixel — a dark, cinematic anime Android phone cover and iPhone case for Dragon Ball fans who appreciate the full spectrum of Goku's power.

This intense customized phone case is a must-have unique gift idea for Dragon Ball collectors, dark anime enthusiasts, and anyone who understands that true power needs no transformation. Shop this cinematic designer phone case online and carry that pre-storm stillness everywhere.

Arms crossed. Energy charged. Universe — on notice."
196,Ash and Pikachu - Pokemon Special Phone Case Collection 02,https://black5creatives.in/product/,ash-and-pikachu-pokemon-special-phone-case-collection-02,https://black5creatives.in/product/ash-and-pikachu-pokemon-special-phone-case-collection-02,Anime Cover Collections,"Every great journey starts with one step and the right partner on your shoulder. Ash and Pikachu - Pokemon Special Phone Case Collection 02 brings that legendary bond to life in stunning cinematic detail. Available in Soft Silicone and Hybrid Metal for iPhones, Samsung, OnePlus, Motorola, Realme, Vivo, OPPO, and Google Pixel. Gotta carry them all.","A rainbow breaks through the storm, the forest stretches endlessly ahead, and neither of them blinks — because this is exactly where they belong.

The Ash and Pikachu Pokemon Special Phone Case Collection 02 is a breathtaking cinematic tribute to the most iconic partnership in anime history. Rendered in hyper-realistic painterly detail, Ash looks upward with quiet resolve — red cap, blue hoodie, backpack strapped — while Pikachu rests on his shoulder with wide eyes fixed on the horizon ahead. A dramatic golden-storm sky parts around a sweeping full rainbow, with lush pine forests stretching deep into the background, giving this Pokémon-themed phone case the epic visual scale of a feature film poster.

The Soft Silicone variant is a vibrant, flexible silicone phone case that keeps every glowing gold cloud and rich forest green of this cinematic artwork looking vivid and sharp through every daily adventure. For the ultimate fan build, the Hybrid Metal edition delivers a premium hybrid phone case with solid metal reinforcement and a robust protective phone cover that protects your device as faithfully as Pikachu protects Ash.

Designed to fit iPhones, Samsung Galaxy, OnePlus, Motorola, Realme, Vivo, OPPO, and Google Pixel — a beloved anime-themed Android phone cover and iPhone case for every Pokémon trainer at heart.

This stunning customized phone case is the perfect unique gift idea for Pokémon fans, anime collectors, and anyone whose childhood was shaped by this legendary duo. Shop this iconic designer phone case online and carry that first-day-of-the-journey feeling everywhere you go.

The world is wide, the path is yours — step forward."
197,Ash and Pikachu - Pokemon Special Phone Case Collection 01,https://black5creatives.in/product/,ash-and-pikachu-pokemon-special-phone-case-collection-01,https://black5creatives.in/product/ash-and-pikachu-pokemon-special-phone-case-collection-01,Anime Cover Collections,"Storm overhead. Ground cracking. Poké Ball raised. Ash and Pikachu - Pokemon Special Phone Case Collection 01 captures that legendary battle-ready moment in explosive cinematic detail. Available in Soft Silicone and Hybrid Metal for iPhones, Samsung, OnePlus, Motorola, Realme, Vivo, OPPO, and Google Pixel. The battle never stops.","Lightning splits the sky, the ground burns beneath them, and neither one takes a single step back — this is what unbreakable looks like.

The Ash and Pikachu Pokemon Special Phone Case Collection 01 is a full-voltage cinematic battle scene that captures the iconic trainer-partner duo at their most ferociously determined. Ash crouches with a glowing Poké Ball raised high in a storm-lit arena while Pikachu stands beside him, electric cheeks blazing with golden energy, tail raised and ready. Massive lightning arcs tear through a churning dark sky, cracked lava-glow ground reflects the chaos below, and the entire composition pulses with the kind of high-stakes energy that defines the greatest battles in Pokémon history.

Completely distinct from Collection 02's hopeful rainbow journey, this Pokémon-themed phone case is pure battle thunder — darker, more intense, and built for those who live for the fight.

The Soft Silicone variant is a shock-absorbing, grip-friendly silicone phone case that keeps the deep storm blacks, electric whites, and golden Pikachu glow razor-vivid through every daily carry. For the ultimate protection, the Hybrid Metal edition is a battle-hardened hybrid phone case with solid metal reinforcement and a tough protective phone cover that handles every drop like Ash handles every loss — by coming back stronger.

Built for iPhones, Samsung Galaxy, OnePlus, Motorola, Realme, Vivo, OPPO, and Google Pixel — a high-energy anime Android phone cover and iPhone case for every trainer who plays to win.

This electrifying customized phone case is an unmissable unique gift idea for Pokémon fans, anime collectors, and everyone who grew up believing in the power of one perfect partnership. Shop this legendary designer phone case online and carry that battle energy everywhere.

Poké Ball raised. Lightning ready. Let's go."
198,Red Clouds - Samurai Special Phone Case,https://black5creatives.in/product/,red-clouds-samurai-special-phone-case,https://black5creatives.in/product/red-clouds-samurai-special-phone-case,Anime Cover Collections,"The battle is over. The sky is red. And he sits — unbothered, unbroken. Red Clouds - Samurai Special Phone Case captures that haunting warrior stillness in a bold blood-red silhouette masterpiece. Available in Soft Silicone and Hybrid Metal for iPhones, Samsung, OnePlus, Motorola, Realme, Vivo, OPPO, and Google Pixel. Still standing.","When the crows circle and the sky bleeds red, only the truly fearless sit in silence and watch it all unfold.

The Red Clouds Samurai Special Phone Case is a striking dark-art tribute to the lone warrior aesthetic — rendered in a bold two-tone silhouette style that feels carved from the finest Japanese woodblock tradition. A solitary samurai sits perched on a jagged cliff edge, katana resting quietly across the lap, as hundreds of birds tear chaotically through a churning blood-crimson sky above. Swirling ink-wash cloud formations, a bare winter branch beside the figure, and scattered glowing red petals falling into the dark gorge below compose one of the most atmospherically powerful samurai-themed phone cases in this collection.

The Soft Silicone variant is a slim, precise silicone phone case that honours every sharp silhouette edge and ink-wash sweep of this two-tone artwork without compromise. For those who carry themselves with the same deliberate presence as the warrior in the design, the Hybrid Metal edition delivers a commanding hybrid phone case with solid metal reinforcement and a refined protective phone cover built to endure as steadfastly as the samurai himself.

Engineered for iPhones, Samsung Galaxy, OnePlus, Motorola, Realme, Vivo, OPPO, and Google Pixel — a bold warrior-themed Android phone cover and iPhone case for those who move through the world with intention and quiet power.

This intensely atmospheric customized phone case is a compelling unique gift idea for samurai art admirers, dark aesthetic collectors, and fans of Japanese warrior culture. Shop this distinctive designer phone case online and carry the energy of the lone warrior everywhere you go.

The clouds are red. The sword is still. The choice is yours."
199,Me Time - Aesthetic Phone Case Collection 02,https://black5creatives.in/product/,me-time-aesthetic-phone-case-collection-02,https://black5creatives.in/product/me-time-aesthetic-phone-case-collection-02,Aesthetic Cover Collections,"Just a bicycle, a backpack, and the most beautiful sky you've ever stood beneath. Me Time - Aesthetic Phone Case Collection 02 captures that perfect, unrepeatable beachside sunset in a dreamy violet and coral palette. Available in Soft Silicone and Hybrid Metal for iPhones, Samsung, OnePlus, Motorola, Realme, Vivo, OPPO, and Google Pixel. This moment is yours.","No plans, no notifications, no one else — just you, the tide, and a sky that looks like it was painted specifically for this moment.

The Me Time Aesthetic Phone Case Collection 02 steps into an entirely different kind of solitude from Collection 01 — trading the warm indoor reading corner for the wide-open freedom of a beachside sunset that stops time completely. A figure stands beside a basket bicycle on a mirror-flat shoreline as a glowing white sun sinks below the horizon, surrounded by sweeping violet-purple clouds erupting into coral and magenta above. Seabirds dot the shoreline and scatter through the sky, while the entire breathtaking scene reflects perfectly in the wet sand below — doubling the beauty of every colour in this lofi beach-sunset phone case.

The Soft Silicone variant is a vibrant, flexible silicone phone case that preserves the full depth of the violet-to-gold colour gradient with exceptional clarity through every carry. For a finish as polished as the reflective shoreline it depicts, the Hybrid Metal edition offers a premium hybrid phone case with a sleek metal frame and a refined protective phone cover that elevates the artwork to gallery-quality presence.

A perfect fit for iPhones, Samsung Galaxy, OnePlus, Motorola, Realme, Vivo, OPPO, and Google Pixel — a dreamy lofi-inspired Android phone cover and iPhone case for everyone who treasures their own company most at golden hour.

This luminous customized phone case makes a deeply personal unique gift idea for beach lovers, sunset chasers, and anyone who understands the sacred value of time spent entirely alone. Shop this stunning aesthetic designer phone case online and carry that golden-hour stillness with you always.

Sunset claimed. Moment kept. This one's all yours."
200,Be Mad - Albert Einstein Swag Aesthetic Phone Case,https://black5creatives.in/product/,be-mad-albert-einstein-swag-aesthetic-phone-case,https://black5creatives.in/product/be-mad-albert-einstein-swag-aesthetic-phone-case,Aesthetic Cover Collections,"Genius never followed the rules — it rewrote them with pixel shades on. Be Mad - Albert Einstein Swag Aesthetic Phone Case smashes pop-art chaos and legendary intellect into one gloriously unhinged design. Available in Soft Silicone and Hybrid Metal for iPhones, Samsung, OnePlus, Motorola, Realme, Vivo, OPPO, and Google Pixel. Stay mad. Stay brilliant.","Imagination is more important than knowledge — and this case has both, with pixel sunglasses and zero apologies.

The Be Mad Albert Einstein Swag Aesthetic Phone Case is a gloriously irreverent pop-art explosion that puts the world's most iconic genius squarely in the middle of internet culture chaos. Einstein dominates in stark black and white illustration — pixel shades firmly on, cigarette hanging cool — against a wildly layered backdrop of torn street posters bursting in bold reds and golden yellows, fragmented typography in every direction, scattered emoji stickers, and graffiti tags that read like the inside of the most chaotic brilliant mind ever recorded. The contrast between the monochrome Einstein and the explosive collage background gives this swag-aesthetic phone case a visual tension that is impossible to look away from.

The Soft Silicone variant is a flexible, lightweight silicone phone case that keeps every torn-poster texture and colour-pop detail of this chaotic artwork sharp and vivid through daily use. For those who carry their genius with extra reinforcement, the Hybrid Metal edition offers a bold hybrid phone case with solid metal structure and a premium protective phone cover that is as unconventional and durable as the design it holds.

Precision-fitted for iPhones, Samsung Galaxy, OnePlus, Motorola, Realme, Vivo, OPPO, and Google Pixel — a pop-culture Android phone cover and iPhone case for every brilliant mind that refuses to be ordinary.

This wildly original customized phone case is the ultimate unique gift idea for science enthusiasts, pop-art lovers, and everyone who lives by the philosophy that rules exist to be questioned. Shop this one-of-a-kind designer phone case online and wear your madness like the badge of honour it truly is.

The formula is simple — be brilliant, be bold, be mad."
201,David - Aesthetic Phone Case,https://black5creatives.in/product/,david-aesthetic-phone-case,https://black5creatives.in/product/david-aesthetic-phone-case,Aesthetic Cover Collections,"Five hundred years old and still the coolest thing in the room. David - Aesthetic Phone Case drops Michelangelo's masterpiece into a neon-pink cyberpunk collage that hits like nothing else. Available in Soft Silicone and Hybrid Metal for iPhones, Samsung, OnePlus, Motorola, Realme, Vivo, OPPO, and Google Pixel. Timeless just got a makeover.","Classical art walked so vaporwave could run — and this case is where they finally meet.

The David Aesthetic Phone Case is a darkly brilliant collision of Renaissance genius and digital underground culture. Michelangelo's iconic David bust is rendered in stark black and white with electric hot pink shutter shades resting on the bridge of that perfectly sculpted nose, one hand raised in quiet contemplation — or perhaps just unbothered indifference. A neon magenta glow outlines the entire figure against a dense, wall-to-wall black background packed with cryptic white typography grids, numbers, symbols, and fragmented graphic elements that create a relentless visual noise only the statue seems completely immune to. The result is a cyberpunk-vaporwave phone case unlike anything in the classical or streetwear worlds.

The Soft Silicone variant is a slim, precise silicone phone case that lets the stark contrast between the neon pink highlights and deep black typography grid hit with full visual intensity. For those who want their phone to carry the same commanding presence as the sculpture itself, the Hybrid Metal edition delivers a premium hybrid phone case with a solid metal frame and a sleek protective phone cover as refined and structured as its Renaissance muse.

Engineered for iPhones, Samsung Galaxy, OnePlus, Motorola, Realme, Vivo, OPPO, and Google Pixel — a culturally layered Android phone cover and iPhone case for creative minds, art history rebels, and digital aesthetes everywhere.

This strikingly original customized phone case is a perfect unique gift idea for design lovers, pop-culture collectors, and anyone who appreciates the joke of putting shutter shades on a masterpiece. Shop this bold designer phone case online and carry five centuries of cool on your back.

The Renaissance is over. The vibe lives on."
202,Garden of Sun Flowers at Starry Night - Aesthetic Phone Case,https://black5creatives.in/product/,garden-of-sun-flowers-at-starry-night-aesthetic-phone-case,https://black5creatives.in/product/garden-of-sun-flowers-at-starry-night-aesthetic-phone-case,Aesthetic Cover Collections,"Two masterpieces. One phone. Infinite feeling. Garden of Sun Flowers at Starry Night - Aesthetic Phone Case merges Van Gogh's most iconic worlds into a breathtaking painted universe. Available in Soft Silicone and Hybrid Metal for iPhones, Samsung, OnePlus, Motorola, Realme, Vivo, OPPO, and Google Pixel. Carry a masterpiece.","What if the sunflowers had always been there, turning their faces toward those swirling stars all along?

The Garden of Sun Flowers at Starry Night Aesthetic Phone Case is a love letter to the greatest artistic mind in history — a seamless, breathtaking fusion of Van Gogh's two most iconic works rendered in full post-impressionist glory. A vast sunflower field sweeps from the foreground into the distance, with towering blooms reaching upward as their golden petals catch the light of a swirling cobalt night sky alive with spiralling stars, twin glowing orbs, and the unmistakable rhythmic brushstroke energy that defined an entire movement in art history. A distant village silhouette and dark tree anchor the horizon, completing a composition that feels less like a phone case and more like a window into another dimension of beauty.

The Soft Silicone variant is a richly detailed silicone phone case with a smooth finish that preserves every swirling brushstroke and luminous colour gradient of this painterly artwork with museum-quality fidelity. For those who want their masterpiece mounted in something truly worthy, the Hybrid Metal edition delivers a sophisticated hybrid phone case with a solid metal frame and a premium protective phone cover that frames the artwork like a gallery wall.

Precision-fitted for iPhones, Samsung Galaxy, OnePlus, Motorola, Realme, Vivo, OPPO, and Google Pixel — a fine-art-inspired Android phone cover and iPhone case for everyone who believes beauty belongs everywhere, including your back pocket.

This extraordinary customized phone case is an inspired unique gift idea for art lovers, Van Gogh admirers, and anyone who finds the world more beautiful through a painter's eyes. 
Shop this stunning designer phone case online and carry two centuries of genius in the palm of your hand.

The stars are swirling. The sunflowers are waiting. Make it yours."
204,Boo - Cute Ghost Aesthetic Phone Case,https://black5creatives.in/product/,boo-cute-ghost-aesthetic-phone-case,https://black5creatives.in/product/boo-cute-ghost-aesthetic-phone-case,Cute Aesthetic Cover Collections,"Too cute to spook, too charming to ignore. Boo - Cute Ghost Aesthetic Phone Case floats a smiley little ghost through a dreamy red blossom sky in the most adorable Halloween-kawaii design around. Available in Soft Silicone and Hybrid Metal for iPhones, Samsung, OnePlus, Motorola, Realme, Vivo, OPPO, and Google Pixel. Hauntingly good vibes only.","Not all ghosts are scary — some just drift through cherry blossom clouds with a smile and absolutely no intention of frightening anyone.

The Boo Cute Ghost Aesthetic Phone Case is a perfectly balanced blend of kawaii charm and spooky-season atmosphere that works every single day of the year. A round, gleefully smiling white ghost floats through layers of soft peach and grey billowing clouds against a deep burgundy night sky dusted with tiny stars. Behind it, a vivid red cherry blossom tree bursts with small scattered flowers, and the hand-lettered ""Boo"" floats above in playful white script — making this ghost-themed phone case feel like it was lifted straight from the most heartwarming frame of a Studio Ghibli Halloween short.

The Soft Silicone variant is a snug, lightweight silicone phone case with a smooth matte feel that lets the rich crimson tones and soft cloud gradients glow through beautifully on every device. For those who want their cute aesthetic backed by serious protection, the Hybrid Metal edition delivers a premium hybrid phone case combining a solid metal frame with a durable protective phone cover that is as dependable as the ghost is delightful.

A perfect fit for iPhones, Samsung Galaxy, OnePlus, Motorola, Realme, Vivo, OPPO, and Google Pixel — an irresistibly charming kawaii Android phone cover and iPhone case for every spooky-cute aesthetic lover out there.

This delightfully customized phone case is a wonderfully unique gift idea for Halloween enthusiasts, kawaii art collectors, and anyone whose aesthetic lives at the intersection of adorable and eerie. Shop this one-of-a-kind designer phone case online and let your phone float through the day on good vibes alone.

Say Boo — and mean it sweetly."
205,Chaos of Skull - Aesthetic Phone Case,https://black5creatives.in/product/,chaos-of-skull-aesthetic-phone-case,https://black5creatives.in/product/chaos-of-skull-aesthetic-phone-case,Aesthetic Cover Collections,"No rules. No space. No apologies — just wall-to-wall skull mayhem in every colour imaginable. Chaos of Skull - Aesthetic Phone Case is the most unhinged, gloriously chaotic doodle-art design you'll ever carry. Available in Soft Silicone and Hybrid Metal for iPhones, Samsung, OnePlus, Motorola, Realme, Vivo, OPPO, and Google Pixel. Embrace the chaos.","Some designs ask you to look. This one dares you to stop.

The Chaos of Skull Aesthetic Phone Case is a full-throttle explosion of street doodle art that packs more personality into one phone case than most galleries fit in an entire show. Dozens of wildly distinct skull and monster characters jostle for space across every millimetre of the design — a dripping teal skull with star-shaped eyes, a red fuzzy snarling monster, an orange bug-eyed creature, a robotic skull rocking a cap, melting zombie faces, spray-can characters, goggled skulls, and skate-culture elements all coexisting in magnificent neon-saturated anarchy. The electric teal, neon pink, acid orange, and hot red palette gives this skull-art phone case an energy level that simply cannot be contained.

The Soft Silicone variant is a flexible, vibrant silicone phone case that preserves the full neon colour intensity and intricate doodle detail of this densely packed artwork without losing a single character in the crowd. For those who want their chaos housed in something seriously tough, the Hybrid Metal edition delivers a bold hybrid phone case with solid metal reinforcement and a durable protective phone cover that holds the madness together with absolute structural authority.

Built for iPhones, Samsung Galaxy, OnePlus, Motorola, Realme, Vivo, OPPO, and Google Pixel — a high-energy street-art Android phone cover and iPhone case for every doodle-art devotee and urban culture enthusiast.

This wildly original customized phone case is an unmissable unique gift idea for graffiti art lovers, skull aesthetic collectors, and anyone whose personality is simply too big for a plain phone case. Shop this explosive designer phone case online and let every glance at your phone be a completely different experience.

Total chaos. Totally intentional. Totally yours."
207,Kawaii Kitty - Cute Aesthetic Women Special Phone Case,https://black5creatives.in/product/,kawaii-kitty-cute-aesthetic-women-special-phone-case,https://black5creatives.in/product/kawaii-kitty-cute-aesthetic-women-special-phone-case,Pets Cover Collections,"One cat is never enough — so we put the whole squad on your phone. Kawaii Kitty - Cute Aesthetic Women Special Phone Case packs endless rows of the most adorable chibi cats into a warm, pastel checker design. Available in Soft Silicone and Hybrid Metal for iPhones, Samsung, OnePlus, Motorola, Realme, Vivo, OPPO, and Google Pixel. Cuteness, fully loaded.","Every row a new favourite, every square a different tiny soul — this case is basically a cat café for your phone.

The Kawaii Kitty Cute Aesthetic Phone Case is a warmly obsessive celebration of everything that makes cats the undisputed rulers of the internet and everyone's heart. Dozens of chibi-style kawaii cats fill the entire case in a structured checker grid — white fluffballs, orange tabbies, soft grey stripes, calicos, and dark chocolate kitties — each one with the same round face, dot eyes, tiny whiskers, and an expression that sits somewhere between sleepy and utterly content. The warm peach, blush pink, creamy ivory, and muted orange tile palette gives this cat-themed phone case a cosy, pastel warmth that makes it impossible to put down.

The Soft Silicone variant is a snug, lightweight silicone phone case with a smooth finish that lets every pastel tile and tiny whisker of the kawaii artwork glow softly in all its adorable detail. For a sturdier build that protects what matters most, the Hybrid Metal edition delivers a premium hybrid phone case with a solid metal frame and a refined protective phone cover — because even the cutest things deserve the strongest protection.

Designed to fit iPhones, Samsung Galaxy, OnePlus, Motorola, Realme, Vivo, OPPO, and Google Pixel — an irresistibly soft kawaii Android phone cover and iPhone case made for every devoted cat lover out there.

This heartwarming customized phone case is a truly perfect unique gift idea for cat enthusiasts, kawaii art collectors, and anyone whose phone deserves a daily dose of unconditional cuteness. Shop this charming designer phone case online and let the whole kitty squad ride along wherever you go.

The cats have claimed your phone — and honestly, you're fine with that."
208,Fresh Blooms - Floral Phone Case,https://black5creatives.in/product/,fresh-blooms-floral-phone-case,https://black5creatives.in/product/fresh-blooms-floral-phone-case,Floral Cover Collections,"Fresh. Simple. Impossibly cheerful. Fresh Blooms - Floral Phone Case covers your phone in a crisp white daisy scatter on a vivid teal canvas that brightens every single day. Available in Soft Silicone and Hybrid Metal for iPhones, Samsung, OnePlus, Motorola, Realme, Vivo, OPPO, and Google Pixel. Bloom wherever you go.","Some designs don't need a story — they just need to make you smile the moment you pick up your phone.

The Fresh Blooms Floral Phone Case is a clean, joyful celebration of the simplest and most universally loved flower — the daisy — scattered freely across a bold, sun-warmed teal canvas in a pattern that feels both effortlessly casual and deliberately beautiful. White blooms of varying sizes float across the surface — from statement-making large daisies down to the tiniest scattered buds — each with a warm cream or earthy brown centre that adds a natural, organic warmth to the crisp botanical composition. The result is a daisy-pattern phone case with the kind of clean, timeless energy that works with every outfit, every season, and every mood.

The Soft Silicone variant is a smooth, lightweight silicone phone case that keeps the vivid teal background and bright white daisy contrast sharp and vibrant through every daily carry. For a more premium feel, the Hybrid Metal edition offers a sophisticated hybrid phone case with a solid metal frame and a polished protective phone cover that gives this cheerful floral design a refined, structured edge.

Available for iPhones, Samsung Galaxy, OnePlus, Motorola, Realme, Vivo, OPPO, and Google Pixel — a fresh, versatile floral Android phone cover and iPhone case that suits every style and every occasion.

A beautifully simple customized phone case like this makes a wonderfully thoughtful unique gift idea for floral lovers, minimalist aesthetic fans, and anyone who believes a little bloom goes a long way. Shop this delightful designer phone case online and carry that fresh-field feeling everywhere you go.

Pick it up. Feel the sunshine. Bloom on."
209,Mew & Me - Woman Special Cute Aesthetic Pet Phone Case [Cat],https://black5creatives.in/product/,mew-me-woman-special-cute-aesthetic-pet-phone-case-cat,https://black5creatives.in/product/mew-me-woman-special-cute-aesthetic-pet-phone-case-cat,Pets Cover Collections,"Eyes closed. Cat held. World completely perfect. Mew & Me - Woman Special Cute Aesthetic Pet Phone Case [Cat] captures that golden, nothing-else-matters moment in a stunning floral storybook design. Available in Soft Silicone and Hybrid Metal for iPhones, Samsung, OnePlus, Motorola, Realme, Vivo, OPPO, and Google Pixel. Hold what you love.","There is a specific kind of happiness that only exists when your cat is in your arms, your eyes are closed, and the whole world can simply wait.

The Mew & Me Cute Aesthetic Pet Phone Case is a radiant storybook celebration of that exact feeling. A long-haired figure in a golden striped dress stands with eyes peacefully closed and rosy cheeks glowing, cradling a plump, blissfully happy white cat against their chest — while an explosion of golden marigold blooms, white daisies, teal botanical sprigs, tiny bees, and delicate butterflies fills every inch of the background in a richly layered Scandinavian folk-art floral tapestry. The warm amber, sunshine yellow, and deep teal palette gives this cat-lover phone case the feeling of the most perfect golden afternoon that ever existed.

The Soft Silicone variant is a snug, lightweight silicone phone case with a smooth finish that preserves every intricate botanical detail and warm colour gradient of this illustrated artwork beautifully. For a more substantial feel, the Hybrid Metal edition offers a refined hybrid phone case with a solid metal frame and a premium protective phone cover as warm and considered as the design it holds.

Perfectly fitted for iPhones, Samsung Galaxy, OnePlus, Motorola, Realme, Vivo, OPPO, and Google Pixel — a tenderly expressive floral and pet-themed Android phone cover and iPhone case for every devoted cat lover and cottagecore aesthetic enthusiast.

This heartwarming customized phone case is an absolutely perfect unique gift idea for cat parents, storybook art lovers, and anyone whose cat is their entire personality. Shop this enchanting designer phone case online and carry that golden, cat-in-arms feeling wherever the day takes you.

Your cat can't fit in your pocket — but this case is the next best thing."
211,Night Garden - Cute Aesthetic Butterfly Phone Case Collection 02,https://black5creatives.in/product/,night-garden-cute-aesthetic-butterfly-phone-case-collection-02,https://black5creatives.in/product/night-garden-cute-aesthetic-butterfly-phone-case-collection-02,Cute Aesthetic Cover Collections,"A midnight garden in full flutter — delicate, dark, and endlessly beautiful. Night Garden - Cute Aesthetic Butterfly Phone Case Collection 02 scatters white butterfly silhouettes across deep black in a pattern that is pure effortless elegance. Available in Soft Silicone and Hybrid Metal for iPhones, Samsung, OnePlus, Motorola, Realme, Vivo, OPPO, and Google Pixel. Let beauty land on you.","In the dark, the butterflies are still flying — and somehow that is the most beautiful thing.

The Night Garden Cute Aesthetic Butterfly Phone Case Collection 02 is a quietly stunning monochrome pattern that turns the back of your phone into a moonlit garden frozen in perfect stillness. Dozens of white butterfly silhouettes in a rich variety of shapes and wing spans — monarchs, swallowtails, rounded and delicate forms — scatter freely across a deep jet black canvas, accompanied by small botanical leaf sprigs, floating micro hearts, and fine dot details that fill every space with gentle, considered charm. The pure two-tone contrast of this butterfly-pattern phone case gives it a timeless graphic quality that reads equally as dark aesthetic, romantic cottagecore, or minimal art print — effortlessly versatile and deeply beautiful.

The Soft Silicone variant is a slim, smooth silicone phone case that honours the crisp white-on-black contrast of the pattern with exceptional clarity, letting every wing detail and botanical sprig read cleanly against the deep black ground. For a more refined carry, the Hybrid Metal edition offers a sophisticated hybrid phone case with a solid metal frame and an elegant protective phone cover that gives this understated design the gallery-quality presence it deserves.

Designed to fit iPhones, Samsung Galaxy, OnePlus, Motorola, Realme, Vivo, OPPO, and Google Pixel — a beautifully versatile butterfly-themed Android phone cover and iPhone case that complements every personal style.

This elegantly crafted customized phone case is a wonderfully thoughtful unique gift idea for butterfly lovers, dark aesthetic admirers, and anyone drawn to beauty in its most minimal form. Shop this stunning designer phone case online and let the midnight garden follow you everywhere.

The garden never sleeps — and neither does great design."
212,Groovy Daisy - Floral Phone Case,https://black5creatives.in/product/,groovy-daisy-floral-phone-case,https://black5creatives.in/product/groovy-daisy-floral-phone-case,Floral Cover Collections,"Groovy was never gone — it just needed the right phone case to come back. Groovy Daisy - Floral Phone Case brings bold 70s checker-daisy energy to your phone in golden amber and crisp white. Available in Soft Silicone and Hybrid Metal for iPhones, Samsung, OnePlus, Motorola, Realme, Vivo, OPPO, and Google Pixel. Stay retro. Stay bold.","Some patterns are so perfectly designed they transcend every era — and this one walked straight out of the 1970s looking better than ever.

The Groovy Daisy Floral Phone Case is a bold retro-revival pattern that fills the entire case with a hypnotic checker grid of oversized flat daisies alternating between golden amber and deep olive-black squares. White daisies pop against the dark tiles, golden daisies burst from the lighter squares, and every bloom fills its tile edge-to-edge with the kind of maximalist confidence that only the grooviest decades ever truly committed to. The rich mustard yellow, stark white, and deep black palette gives this retro daisy phone case the graphic punch of a vintage concert poster — instantly recognisable, completely timeless, and impossible to ignore.

The Soft Silicone variant is a vibrant, flexible silicone phone case that keeps the bold checker contrast and crisp daisy outlines sharp and vivid through every carry without softening a single edge. For those who want their retro statement backed by serious structure, the Hybrid Metal edition delivers a premium hybrid phone case with a solid metal frame and a refined 

protective phone cover that gives this graphic pattern the presence it commands.
Available for iPhones, Samsung Galaxy, OnePlus, Motorola, Realme, Vivo, OPPO, and Google Pixel — a retro-inspired floral Android phone cover and iPhone case that suits every bold, design-conscious personality out there.

This strikingly original customized phone case is a perfect unique gift idea for vintage aesthetic lovers, floral design enthusiasts, and anyone who believes the best eras never truly end. Shop this distinctive designer phone case online and bring that groovy golden energy into every single day.

The checker is set. The daisies are ready. Get groovy."
213,You Are Enough Just As You Are - Aesthetic Phone Case,https://black5creatives.in/product/,you-are-enough-just-as-you-are-aesthetic-phone-case,https://black5creatives.in/product/you-are-enough-just-as-you-are-aesthetic-phone-case,Aesthetic Cover Collections,"Some messages deserve to be seen every single day. You Are Enough Just As You Are - Aesthetic Phone Case wraps the most important reminder in a stunning hand-drawn heart pattern on deep burgundy. Available in Soft Silicone and Hybrid Metal for iPhones, Samsung, OnePlus, Motorola, Realme, Vivo, OPPO, and Google Pixel. Carry your worth with you.","Every time you reach for your phone, this is the first thing you see — and some days, that makes all the difference.

The You Are Enough Just As You Are Aesthetic Phone Case is a deeply personal affirmation design built for those who believe in the power of the right words at the right moment. A richly detailed background of hand-drawn hearts in every imaginable doodle style — cross-hatched, striped, outlined, filled — covers the deep burgundy canvas alongside delicate botanical sprigs and arrow motifs, while a central torn white brushstroke panel holds the affirmation in elegant mixed typography: flowing cursive paired with bold serif lettering that gives the message exactly the weight it deserves. The result is a self-love-themed phone case that functions as both a beautiful design and a daily emotional anchor.

The Soft Silicone variant is a lightweight, precisely fitted silicone phone case that keeps every hand-drawn doodle detail and the crisp white quote panel looking sharp and grounded through everyday use. For those who want to carry this message in something that feels as solid as what it says, the Hybrid Metal edition offers a structured hybrid phone case with a robust metal frame and a premium protective phone cover built to last.

Compatible with iPhones, Samsung Galaxy, OnePlus, Motorola, Realme, Vivo, OPPO, and Google Pixel — a deeply meaningful Android phone cover and iPhone case for every person who needs this reminder on the hard days and the good ones equally.

This warmly crafted customized phone case is one of the most genuinely heartfelt unique gift ideas for someone who needs a little extra love — or simply wants to give that love to themselves. Shop this affirmation designer phone case online and make the most important message impossible to miss.

You are enough. Now your phone knows it too."
214,Cute Panda Phone Case Collection 03,https://black5creatives.in/product/,cute-panda-phone-case-collection-03,https://black5creatives.in/product/cute-panda-phone-case-collection-03,Panda Cover Collections,"Too many bears. Zero complaints. Cute Panda Phone Case Collection 03 packs the most irresistible crowd of chibi bears and pandas — honey orange, polar white, chocolate brown and more — into one endlessly warm design. Available in Soft Silicone and Hybrid Metal for iPhones, Samsung, OnePlus, Motorola, Realme, Vivo, OPPO, and Google Pixel. Hug your phone.","There is no empty space here — just bears, more bears, and the specific serotonin that only comes from too many round faces in one place.

The Cute Panda Phone Case Collection 03 is a maximalist kawaii masterpiece that fills every single millimetre of the case with the most irresistibly chubby, round-faced bear and panda characters imaginable. Honey orange bears, crisp white polar bears, warm cream cubs, deep chocolate brown pandas, and calico-patterned varieties are all squished together in a warm, cosy pile — each one with rosy blush cheeks, tiny dot eyes, and an expression hovering somewhere between sleepy contentment and quiet curiosity. The rich warm palette of orange, white, brown, and cream gives this kawaii bear phone case the feeling of diving headfirst into a pile of the world's most premium stuffed toys.

Completely distinct from other collections in the Cute Panda series, Collection 03 focuses entirely on the crowd — no backgrounds, no space, just pure bear-to-bear warmth filling the frame from corner to corner.

The Soft Silicone variant is a snug, lightweight silicone phone case with a smooth finish that keeps every rosy cheek and round face rendered with soft, clean clarity. For those who want their kawaii addiction protected at the highest level, the Hybrid Metal edition offers a premium hybrid phone case with a solid metal frame and a cosy-meets-tough protective phone cover built to outlast even the most enthusiastic daily squeezes.

A perfect fit for iPhones, Samsung Galaxy, OnePlus, Motorola, Realme, Vivo, OPPO, and Google Pixel — an irresistibly warm kawaii Android phone cover and iPhone case for every bear lover and panda enthusiast out there.

This heartwarming customized phone case is the ultimate unique gift idea for kawaii collectors, animal lovers, and anyone who believes there is no such thing as too much cute. Shop this adorable designer phone case online and let the bear pile take over your day.

Warning: may cause uncontrollable smiling every time you check your phone."
215,Night Garden - Cute Aesthetic Butterfly Phone Case Collection 01,https://black5creatives.in/product/,night-garden-cute-aesthetic-butterfly-phone-case-collection-01,https://black5creatives.in/product/night-garden-cute-aesthetic-butterfly-phone-case-collection-01,Cute Aesthetic Cover Collections,"Dark, romantic, and covered in wings. Night Garden - Cute Aesthetic Butterfly Phone Case Collection 01 scatters intricate white butterflies and tiny hearts across a deep wine-plum canvas in a design that is pure romantic enchantment. Available in Soft Silicone and Hybrid Metal for iPhones, Samsung, OnePlus, Motorola, Realme, Vivo, OPPO, and Google Pixel. Wear the magic.","Where the wine-dark garden blooms after sunset, the butterflies never stop dancing.

The Night Garden Cute Aesthetic Butterfly Phone Case Collection 01 is a warmly romantic pattern that wraps your phone in a richly detailed scatter of white butterfly silhouettes across a deep plum-burgundy canvas — and it tells an entirely different visual story from Collection 02. Where Collection 02 leans into stark jet-black contrast and graphic minimalism, Collection 01 brings depth and romance through its warm wine background and more intimately detailed butterfly wing markings. Large swallowtails with intricate dot and vein patterns, medium morpho-style wings, and tiny delicate flutterers drift freely between floating mini hearts, star-dot clusters, and small four-petal flower motifs — creating a butterfly-pattern phone case that feels genuinely handcrafted and deeply personal.

The Soft Silicone variant is a smooth, form-fitting silicone phone case that lets the rich plum-burgundy warmth and crisp white butterfly details glow through beautifully on every device. For a more refined carry, the Hybrid Metal edition offers a sophisticated hybrid phone case with a solid metal frame and an elegant protective phone cover that elevates this romantic pattern to something truly special.

Designed to fit iPhones, Samsung Galaxy, OnePlus, Motorola, Realme, Vivo, OPPO, and Google Pixel — a romantically expressive butterfly-themed Android phone cover and iPhone case that pairs effortlessly with every mood and style.

This beautifully crafted customized phone case is a deeply thoughtful unique gift idea for butterfly lovers, dark romantic aesthetic fans, and anyone who finds magic in the quiet things. Shop this enchanting designer phone case online and let the garden follow you into the night.

The butterflies chose you — now choose them back."
216,Cute Cartoon Avocado Phone Case,https://black5creatives.in/product/,cute-cartoon-avocado-phone-case,https://black5creatives.in/product/cute-cartoon-avocado-phone-case,Cute Aesthetic Cover Collections,"This avocado lifts, bakes, dances and somehow still has better energy than everyone. Cute Cartoon Avocado Phone Case packs a whole personality-packed avocado life onto your phone in an adorable kawaii sticker-sheet design. Available in Soft Silicone and Hybrid Metal for iPhones, Samsung, OnePlus, Motorola, Realme, Vivo, OPPO, and Google Pixel. Stay green. Stay iconic.","Fitness goals, baking dreams, dance breaks, and still managing to look this good — honestly, this avocado is an inspiration.

The Cute Cartoon Avocado Phone Case is a delightfully chaotic kawaii sticker-sheet design that follows one very busy little avocado through a full day of life on a soft sage-green gingham canvas. Each character scene is its own tiny moment of joy — pumping dumbbells with a focused smirk, donning a chef hat to bake chocolate chip cookies, waltzing with a milk bottle, sitting in satisfied relaxation, stirring a bowl of fellow avocados, and striking a triumphant cheerful pose. The vivid avocado green, warm brown pit tones, and crisp white accessories against the classic gingham background give this food-themed phone case a fresh, cottagecore-kawaii energy that is completely irresistible from every angle.

The Soft Silicone variant is a lightweight, snug silicone phone case with a smooth finish that keeps every tiny facial expression and activity detail of this illustrated sticker-sheet perfectly crisp through daily use. For those who want their adorable avocado protected with maximum seriousness, the Hybrid Metal edition delivers a premium hybrid phone case with a solid metal frame and a durable protective phone cover — as dependable as guacamole at a party.

Fits iPhones, Samsung Galaxy, OnePlus, Motorola, Realme, Vivo, OPPO, and Google Pixel — a fresh, fun kawaii Android phone cover and iPhone case for every avocado enthusiast and food-lover out there.

This irresistibly fun customized phone case makes a wonderfully unique gift idea for foodies, kawaii art lovers, and anyone whose entire personality is built around loving avocados. Shop this charming designer phone case online and let the world's most overachieving avocado live on your phone.

Ripe, ready, and reporting for duty."
217,Spiderman Phone Case Collection 01,https://black5creatives.in/product/,spiderman-phone-case-collection-01,https://black5creatives.in/product/spiderman-phone-case-collection-01,Spiderman Cover Collections,"Hoodie up. Mask half-on. Red Jordans laced. Spiderman Phone Case Collection 01 captures the most street-cool Spider-Man moment ever drawn — where the hero and the neighbourhood kid are the same person. Available in Soft Silicone and Hybrid Metal for iPhones, Samsung, OnePlus, Motorola, Realme, Vivo, OPPO, and Google Pixel. Your friendly neighbourhood case.","Before the web swings and the city calls — there's this moment. Hoodie on, backpack strapped, crouching on the pavement like nobody knows.

The Spiderman Phone Case Collection 01 is a masterfully layered street-art comic portrait that captures Spider-Man's dual identity at its most compelling. A white-hoodie-clad Spider-Man crouches in the foreground — mask visible beneath the hood, red web-shooter gloves pressed to the ground, a bold red backpack across the shoulders, grey cargos, and red-laced Nike Air Jordans completing the most iconic streetwear superhero look ever rendered. Behind the figure, a massive monochrome black-suit Spider-Man looms from a dense comic panel collage packed with halftone dots, web patterns, and fragmented text — creating a stunning visual contrast between the street kid and the symbol he becomes.

Completely distinct from Collection 02's explosive Miles Morales paint-splatter energy, this Spider-Man-themed phone case is quieter, more cinematic, and built entirely around the tension of the double life.

The Soft Silicone variant is a flexible, impact-absorbing silicone phone case that keeps the stark red-on-black-and-white contrast of this comic artwork razor-sharp through every daily carry. For fans who protect their collection seriously, the Hybrid Metal edition is a premium hybrid phone case with solid metal reinforcement and a rugged protective phone cover that handles the streets as well as the hero does.

Built for iPhones, Samsung Galaxy, OnePlus, Motorola, Realme, Vivo, OPPO, and Google Pixel — a definitive superhero Android phone cover and iPhone case for every Spider-Man devotee who has always rooted for the person behind the mask.

This iconic customized phone case is the ultimate unique gift idea for comic art lovers, sneakerheads, and Spider-Man fans who understand that the real power was always the ordinary kid underneath. Shop this standout designer phone case online and rep the double life everywhere you go.

Mask on. City waiting. Let's swing."
218,Spiderman Phone Case Collection 03,https://black5creatives.in/product/,spiderman-phone-case-collection-03,https://black5creatives.in/product/spiderman-phone-case-collection-03,Spiderman Cover Collections,"Not a reboot. Not a reimagining. Just the original, swinging straight off the page and into your hands. Spiderman Phone Case Collection 03 brings classic comic book Spider-Man to life in bold crimson with a glowing neon edge. Available in Soft Silicone and Hybrid Metal for iPhones, Samsung, OnePlus, Motorola, Realme, Vivo, OPPO, and Google Pixel. With great power comes this case.","Sixty years of legacy. One iconic swing. Still the greatest.

The Spiderman Phone Case Collection 03 is a definitive tribute to the original web-slinger — classic red-and-black suit, golden lenses blazing, web-shooter firing forward in a full-power lunge that breaks clean through the comic page and straight into reality. A glowing crimson neon aura outlines the entire figure against a richly detailed monochrome background of densely layered comic panels — city skylines, mid-swing action sequences, halftone dot textures, speech bubbles, and smaller Spider-Man silhouettes woven throughout. The selective colour treatment — vivid red and gold against greyscale — gives this classic Spider-Man phone case a visual punch that honours the original comic art while delivering something entirely contemporary.

Completely distinct from the street-hoodie intimacy of Collection 01 and the Miles Morales paint-splatter explosion of Collection 02, Collection 03 is the collection for those who want the legend in its purest, most iconic form — no reinvention needed.

The Soft Silicone variant is a flexible, precise silicone phone case that keeps the crimson suit, golden lenses and glowing neon outline looking sharp and vivid through every daily use. For fans who demand the strongest build for their most iconic case, the Hybrid Metal edition delivers a battle-ready hybrid phone case with solid metal reinforcement and a tough protective phone cover as enduring as Spider-Man's legacy itself.

Engineered for iPhones, Samsung Galaxy, OnePlus, Motorola, Realme, Vivo, OPPO, and Google Pixel — the definitive superhero Android phone cover and iPhone case for every Spider-Man fan who started at the very beginning.

This legendary customized phone case is the ultimate unique gift idea for Marvel collectors, comic art devotees, and every fan who still gets chills at the sight of that original red suit. Shop this iconic designer phone case online and carry six decades of greatness in your pocket.

The web never breaks. Neither does this case."
219,Spiderman Marvel Phone Case Collection 04,https://black5creatives.in/product/,spiderman-marvel-phone-case-collection-04,https://black5creatives.in/product/spiderman-marvel-phone-case-collection-04,Spiderman Cover Collections,"The logo. The suit. The legacy. Spiderman Marvel Phone Case Collection 04 puts Spider-Man front and centre against the entire Marvel comics universe in the most officially iconic design in the collection. Available in Soft Silicone and Hybrid Metal for iPhones, Samsung, OnePlus, Motorola, Realme, Vivo, OPPO, and Google Pixel. True believer approved.","Some designs don't need to shout — the Marvel logo does the talking, and Spider-Man does everything else.

The Spiderman Marvel Phone Case Collection 04 is the most brand-authentic and editorially composed entry in the entire Spider-Man series. Spider-Man fills the lower frame in a confident, relaxed pose — richly detailed crimson suit with sharp black web-pattern, spider emblem centred on the chest, one hand raised in a casual peace-meets-web-shooter gesture — while the iconic red Marvel logo box commands the centre above him. The entire background is a dense, layered collage of monochrome Marvel comic panels packed with hero battles, villain confrontations, action sound effects and panel dialogue, with selective red accents keeping the energy alive throughout.

Where Collection 01 explored street-identity, Collection 02 unleashed paint-splatter Miles energy, and Collection 03 delivered a classic neon-glow swing, Collection 04 is the definitive Marvel collector's statement — confident, clean, and unapologetically official.

The Soft Silicone variant is a precise, lightweight silicone phone case that keeps the bold red suit and crisp Marvel logo looking as sharp as a freshly printed first edition through every daily carry. For the ultimate fan build, the Hybrid Metal edition delivers a premium hybrid phone case with solid metal reinforcement and a refined protective phone cover worthy of a Marvel collection.

Engineered for iPhones, Samsung Galaxy, OnePlus, Motorola, Realme, Vivo, OPPO, and Google Pixel — the definitive Marvel-themed Android phone cover and iPhone case for every Spider-Man fan from issue one to today.

This collector-grade customized phone case is the perfect unique gift idea for Marvel enthusiasts, Spider-Man completists, and anyone who grew up believing every word Stan Lee ever wrote. Shop this iconic designer phone case online and carry the full weight of Marvel history with you.

Face front, true believer — this one's for the fans."
220,Batman Phone Case Collection 01,https://black5creatives.in/product/,batman-phone-case-collection-01,https://black5creatives.in/product/batman-phone-case-collection-01,Batman Cover Collections,"Gotham meets Tokyo in the most electric collision imaginable. The Batman Phone Case Collection 01 layers three Dark Knight renditions across a distressed Japanese newspaper canvas of blood red, aged cream and deep black — in Soft Silicone and Hybrid Metal. Compatible with iPhones, Samsung, OnePlus, Realme, Vivo, OPPO, Motorola and Google Pixel. The Dark Knight deserves an equally legendary case.","Every city has a guardian — this one speaks in kanji and shadows.

The Batman Phone Case Collection 01 is a strikingly original tribute to the Dark Knight, constructed as a layered mixed-media collage where comic book mythology crashes headlong into Japanese street art culture. Three Batman figures occupy the composition at different scales and angles — a sharp profile dominating the foreground, a commanding three-quarter stance in the middle ground and a full frontal presence anchoring the upper panel — all rendered in bold black comic illustration and set against a richly distressed background of torn Japanese newspaper columns, bold kanji characters, aggressive blood red circular ink bursts and raw paint drip streaks that bleed downward like the city itself is coming apart.

The Soft Silicone variant is a flexible, impact-absorbing silicone phone case that keeps your device protected through every day — as dependable and unassuming as the Dark Knight watching from the rooftops. The Hybrid Metal finish is a commanding hybrid phone case combining rigid metal reinforcement with silicone cushioning — a formidable protective phone cover as layered and powerful as the design it carries.

Precision-fitted for iPhones, Samsung Galaxy, OnePlus, Motorola, Realme, Vivo, OPPO and Google Pixel — a dark superhero Android phone cover engineered for all major devices.

An electrifying customized phone case for Batman fans and comic art lovers — and an unforgettable unique gift idea for anyone who demands designer phone covers with genuine artistic fearlessness. Shop this Batman collage phone case online and carry the legend of Gotham wherever the night takes you.

The bat signal was never subtle — and neither is this."
221,Batman Phone Case Collection 02,https://black5creatives.in/product/,batman-phone-case-collection-02,https://black5creatives.in/product/batman-phone-case-collection-02,Batman Cover Collections,"No cape. No car. Just a warhorse, a full moon and the Dark Knight at full charge. The Batman Phone Case Collection 02 renders an armoured Batman on a rearing black stallion surging through golden waves beneath a stormy Gotham sky — in Soft Silicone and Hybrid Metal. Compatible with iPhones, Samsung, OnePlus, Realme, Vivo, OPPO, Motorola and Google Pixel. Legends don't arrive quietly.","When the Batmobile isn't enough — the Dark Knight rides something far more ancient.

The Batman Phone Case Collection 02 reimagines Gotham's guardian as a timeless mythological force, set in a breathtaking cinematic scene that no other case in the collection approaches. A fully armoured Batman astride a rearing black warhorse surges through crashing golden-lit waves as his cape catches the wind in a blazing amber arc. Behind them, a colossal full moon dominates the storm-shredded sky, its molten gold light pouring across the churning water while swarms of bats spiral dramatically on both sides and Gotham's Gothic spires burn and crumble on the dark horizon. Every element is painted with the obsessive detail of dark fantasy at its absolute peak.

The Soft Silicone variant is a flexible, dependable silicone phone case that protects your device with the same quiet resolve Batman brings to every mission — reliable, low-profile and always ready. The Hybrid Metal finish is a premium hybrid phone case combining rigid metal construction with silicone cushioning — a battle-grade protective phone cover as relentlessly built as the warrior it carries.

Precision-fitted for iPhones, Samsung Galaxy, OnePlus, Motorola, Realme, Vivo, OPPO and Google Pixel — a dark fantasy superhero Android phone cover engineered for all major devices.

A breathtaking customized phone case for Batman devotees and dark fantasy art lovers alike — and a genuinely legendary unique gift idea for anyone who demands designer phone covers with cinematic grandeur. Shop this Batman moonrise phone case online and carry the most mythic version of the Dark Knight wherever the night leads.

Some heroes wear capes — this one commands the storm."
222,Batman Phone Case Collection 03,https://black5creatives.in/product/,batman-phone-case-collection-03,https://black5creatives.in/product/batman-phone-case-collection-03,Batman Cover Collections,"Gotham was never big enough for this version. Batman Phone Case Collection 03 pulls the Dark Knight into a swirling neon-cosmic dimension in the most visually stunning Batman design in the collection. Available in Soft Silicone and Hybrid Metal for iPhones, Samsung, OnePlus, Motorola, Realme, Vivo, OPPO, and Google Pixel. The night goes cosmic.","Beyond the city. Beyond the darkness. Beyond every version of Batman you have ever seen before.

The Batman Phone Case Collection 03 is a breathtaking psychedelic reimagining of the Dark Knight that leaves Gotham entirely behind. Batman's chrome-metallic suit commands the foreground — sharp cowl ears catching the light, teal-blue armour plating rendered in hyper-realistic 3D detail, glowing white eyes locked in that signature unflinching focus — while behind him, the entire universe dissolves into hypnotic swirling waves of electric violet, hot magenta, and deep cosmic blue. The liquid marbling energy radiates outward like a neon nebula torn open at the exact moment Batman steps through it, giving this Batman-themed phone case a visual intensity unlike anything in the conventional superhero design space.

The Soft Silicone variant is a vibrant, flexible silicone phone case that preserves the full psychedelic colour spectrum and chrome metallic suit detail with exceptional clarity through every daily carry. For those who want their cosmic Dark Knight protected at the absolute highest level, the Hybrid Metal edition delivers a premium hybrid phone case with solid metal reinforcement and a sleek protective phone cover as formidable and refined as the armour it frames.

Precision-engineered for iPhones, Samsung Galaxy, OnePlus, Motorola, Realme, Vivo, OPPO, and Google Pixel — a visually spectacular superhero Android phone cover and iPhone case for every Batman fan who has always believed the Dark Knight belongs on a bigger stage.

This breathtaking customized phone case is the ultimate unique gift idea for Batman collectors, cosmic art enthusiasts, and DC fans who want something genuinely extraordinary. Shop this stunning designer phone case online and carry the most powerful version of the Dark Knight with you.

The cowl is on. The cosmos trembles. The night is infinite."
223,Banalata - Women's Special Designer/Aesthetic Phone Case,https://black5creatives.in/product/,banalata-womens-special-designeraesthetic-phone-case,https://black5creatives.in/product/banalata-womens-special-designeraesthetic-phone-case,Aesthetic Cover Collections,"Grace that needs no stage — only still water and open lotuses. Banalata - Women's Special Designer/Aesthetic Phone Case is a masterpiece of Indian classical art rendered in burnished gold, deep black, and lotus white. Available in Soft Silicone and Hybrid Metal for iPhones, Samsung, OnePlus, Motorola, Realme, Vivo, OPPO, and Google Pixel. Carry the poetry.","Where the lotus blooms and the gold leaf catches the light, some presences simply do not need words.

The Banalata Women's Special Designer Aesthetic Phone Case is a deeply evocative tribute to the timeless grace of Indian classical art. A serene figure draped in a richly detailed dark saree sits in quiet contemplation beneath an ornate circular arch, surrounded by golden and ivory lotus blooms in full flower, sweeping lily pad leaves, and dark sculptural buds reaching upward. The two-panel composition — an upper botanical study and a lower portrait scene — is framed by intricate floral border bands running the full perimeter of the case, giving this lotus-themed phone case the quality of an illuminated manuscript page or a temple mural detail, preserved under burnished gold and deep forest green.

The Soft Silicone variant is a precise, featherlight silicone phone case that honours every fine border detail and warm gold-leaf texture of this intricately crafted artwork with complete fidelity. For a presence as commanding as the figure it depicts, the Hybrid Metal edition offers a premium hybrid phone case with a solid metal frame and a refined protective phone cover as stately and enduring as classical Indian art itself.

Perfectly fitted for iPhones, Samsung Galaxy, OnePlus, Motorola, Realme, Vivo, OPPO, and Google Pixel — a heritage-inspired Android phone cover and iPhone case that carries centuries of artistic tradition on a single surface.

This exquisitely crafted customized phone case is a profoundly meaningful unique gift idea for lovers of Indian art, classical poetry, and heritage design. Shop this exceptional designer phone case online and let your phone carry the quiet magnificence of a golden age.

Still waters. Golden light. Timeless grace — yours to hold."
224,Dariya - Romantic Couple Phone Case,https://black5creatives.in/product/,dariya-romantic-couple-phone-case,https://black5creatives.in/product/dariya-romantic-couple-phone-case,Valentines Day Cover Collections,"Some love stories belong to the river — written in Bengali ink and lived under the Howrah Bridge. Dariya - Romantic Couple Phone Case is a breathtaking confluence of poetry, art, and Kolkata's soul. Available in Soft Silicone and Hybrid Metal for iPhones, Samsung, OnePlus, Motorola, Realme, Vivo, OPPO, and Google Pixel. Hold the river close.","Every great city has a love story — and Kolkata writes hers in ink, monsoon clouds, and the slow drift of a boat on the Hooghly.

The Dariya Romantic Couple Phone Case is one of the most culturally layered and emotionally resonant designs in the entire collection. A couple sits close in a narrow wooden boat, the crimson-red saree trailing like a brushstroke into still, reflective water, as the iconic steel lattice of the Howrah Bridge rises through gathering storm clouds behind them. Birds take flight across a grey monsoon sky, a small sailboat drifts in the distance, and the entire background — from sky to river — is overlaid with densely handwritten Bengali script that transforms the scene into a living love letter, a poem inseparable from the painting it holds. The restrained grey-and-white palette broken only by that single bolt of crimson gives this Kolkata-themed couple phone case a cinematic, literary quality unlike any other romantic design in the collection.

The Soft Silicone variant is a lightweight, precise silicone phone case that preserves the delicate manuscript texture and subtle ink-wash tones of this artwork with exceptional clarity. For a finish as considered as the design itself, the Hybrid Metal edition delivers a sophisticated hybrid phone case with a solid metal frame and a premium protective phone cover — as enduring as the bridge that frames the story.

Compatible with iPhones, Samsung Galaxy, OnePlus, Motorola, Realme, Vivo, OPPO, and Google Pixel — a deeply expressive cultural Android phone cover and iPhone case for every soul who has ever loved Kolkata or been loved beside a river.

This extraordinarily crafted customized phone case is a profoundly personal unique gift idea for couples, Bengali literature lovers, and everyone who believes the most beautiful love stories are the ones a city remembers. Shop this one-of-a-kind designer phone case online and carry the Hooghly's oldest love story in your hands.

The river remembers everything — and so will you."
226,Cute Red Bows Phone Case Collection 01,https://black5creatives.in/product/,cute-red-bows-phone-case-collection-01,https://black5creatives.in/product/cute-red-bows-phone-case-collection-01,Bow Cover Collections,"Soft ribbons, dreamy blooms — the Cute Red Bows Phone Case Collection 01 wraps your phone in blush-pink watercolor charm. Available in Soft Silicone and Hybrid Metal variants, compatible with iPhones, Samsung, OnePlus, Motorola, Realme, Vivo, OPPO, and Google Pixel. Because your phone deserves to look as pretty as you feel.","Bows never go out of style — and neither does a phone case that turns heads.

This pink bow-themed phone case features a lush all-over pattern of satin ribbon bows nestled among delicate watercolor botanicals, rendered in romantic rose and blush tones. The soft, painterly art style gives this design a dreamy, whimsical identity that stands apart from anything generic or mass-produced.

Choose the Soft Silicone variant for a lightweight, flexible silicone phone case with a cushioned grip, or go bold with the Hybrid Metal variant — a sturdy hybrid phone case that fuses a metal frame with a protective silicone core, making it a true hybrid metal phone cover built for everyday use.

Precision-cut for iPhones, Samsung Galaxy, OnePlus, Motorola, Realme, Vivo, OPPO, and Google Pixel models, this aesthetic phone case fits seamlessly across all popular Android phone cover sizes and iPhone case formats.

A thoughtful, customized phone case like this doubles as a unique gift idea for any phone lover who lives for soft, romantic aesthetics. Shop this designer phone case online and carry the charm of blooms and bows everywhere you go.

Tie your look together — one bow at a time."
227,Cute Bows Phone Case Collection 02,https://black5creatives.in/product/,cute-bows-phone-case-collection-02,https://black5creatives.in/product/cute-bows-phone-case-collection-02,Bow Cover Collections,"Bunnies, bows, and all things adorable — the Cute Bows Phone Case Collection 02 brings kawaii charm to your everyday carry. Available in Soft Silicone and Hybrid Metal variants, compatible with iPhones, Samsung, OnePlus, Motorola, Realme, Vivo, OPPO, and Google Pixel. Carry cuteness wherever life takes you.","When kawaii meets cottagecore, your phone gets the cutest upgrade of its life.

This bunny and bow phone case is packed with chibi-style rabbit faces, bold red gingham ribbon bows, scattered hearts, and tiny floral sprigs — all arranged across a warm cream grid-textured background. The hand-drawn sticker aesthetic gives this design a playful, nostalgic energy that feels fresh, personal, and completely irresistible.

Pick the Soft Silicone variant for a snug, flexible silicone phone case that absorbs everyday bumps with ease, or level up with the Hybrid Metal variant — a tough yet stylish hybrid phone case that pairs a protective silicone layer with a sturdy metal frame, creating a reliable hybrid metal phone cover for daily use.

Built for iPhones, Samsung Galaxy, OnePlus, Motorola, Realme, Vivo, OPPO, and Google Pixel — this kawaii phone cover delivers a precision fit across a wide range of iPhone case and Android phone cover models.

Whether you're treating yourself or hunting for a unique gift idea, this customized phone case is the kind of cool phone cover that sparks instant joy. Buy this aesthetic phone case online and let your phone do the talking.

Life's too short for boring phone cases — go full kawaii."
228,Floral Phone Case Collection 01,https://black5creatives.in/product/,floral-phone-case-collection-01,https://black5creatives.in/product/floral-phone-case-collection-01,Floral Cover Collections,"Bold blooms on midnight blue — the Floral Phone Case Collection 01 makes every glance count. Available in Soft Silicone and Hybrid Metal variants, compatible with iPhones, Samsung, OnePlus, Motorola, Realme, Vivo, OPPO, and Google Pixel. For those who wear their love of nature with confidence.","Some florals whisper — this one commands the room.

The Floral Phone Case Collection 01 features oversized white daisies with golden yellow centres blooming across a deep midnight navy canvas, layered with sage-green botanical sprigs for a look that's equal parts wild and refined. The semi-realistic painterly illustration style gives this design a premium, art-print quality that elevates it far beyond a typical floral phone cover.

Opt for the Soft Silicone variant for a slim, shock-absorbing silicone phone case with a smooth matte grip, or choose the Hybrid Metal variant — a precision-engineered hybrid phone case combining a reinforced metal frame with a protective silicone interior, delivering a hybrid metal phone cover built for both style and durability.

Designed to fit iPhones, Samsung Galaxy, OnePlus, Motorola, Realme, Vivo, OPPO, and Google Pixel — this botanical Android phone cover and iPhone case is precision-cut for a seamless, button-perfect fit across all major models.

A stunning customized phone case that works just as well as a unique gift idea for nature lovers as it does for anyone seeking a designer phone case online. Shop this aesthetic phone cover and bring bold botanical art to your everyday carry.

Nature never looked this sharp — make it yours."
229,Moon Aesthetic Phone Case Collection 02,https://black5creatives.in/product/,moon-aesthetic-phone-case-collection-02,https://black5creatives.in/product/moon-aesthetic-phone-case-collection-02,Aesthetic Cover Collections,"Poetic, moody, and unapologetically lunar — the Moon Aesthetic Phone Case Collection 02 is a whole vibe. Available in Soft Silicone and Hybrid Metal variants, compatible with iPhones, Samsung, OnePlus, Motorola, Realme, Vivo, OPPO, and Google Pixel. For every soul that finds home in the night sky.","The moon doesn't explain itself — and neither does this case.

The Moon Aesthetic Phone Case Collection 02 is a richly layered design featuring a luminous crescent moon glowing through rolling violet clouds, set against a deep indigo plaid-bordered sky scattered with white botanicals and floating hearts. What makes this case truly one of a kind is its collage of moon-themed quotes — raw, poetic, and emotionally resonant — layered across the surface like pages torn from a midnight journal.

The Soft Silicone variant delivers a lightweight, flexible silicone phone case with excellent grip and everyday shock protection. For those who want more, the Hybrid Metal variant is a bold hybrid phone case merging a reinforced metal frame with a cushioned silicone core — a protective phone cover engineered to handle real life without sacrificing an ounce of aesthetic.

Precision-fitted for iPhones, Samsung Galaxy, OnePlus, Motorola, Realme, Vivo, OPPO, and Google Pixel — this moon-themed Android phone cover and iPhone case slots in perfectly across all major models.

An ideal customized phone case for deep thinkers and dreamers, this designer phone case online doubles as a unique gift idea for anyone obsessed with lunar aesthetics. Buy this cool phone cover and wear your inner world on the outside.

Stay wild, moon child — your case just caught up."
230,Purple Haze Marble Print Phone Case Collection 04,https://black5creatives.in/product/,purple-haze-marble-print-phone-case-collection-04,https://black5creatives.in/product/purple-haze-marble-print-phone-case-collection-04,Marble Cover Collections,"Swirling violet, molten pink, pure liquid luxury — the Purple Haze Marble Print Phone Case Collection 04 turns your phone into wearable art. Available in Soft Silicone and Hybrid Metal variants, compatible with iPhones, Samsung, OnePlus, Motorola, Realme, Vivo, OPPO, and Google Pixel. Because ordinary is never an option.","Some designs stop you mid-scroll — this is one of them.

The Purple Haze Marble Print Phone Case Collection 04 showcases a stunning fluid marble pattern where deep violet and rich purple swirls roll seamlessly into soft blush pink and cool lavender-grey waves. Inspired by luxury paint-pour art, every curve and channel of this design creates a sense of motion frozen in time — bold, hypnotic, and impossible to ignore.

The Soft Silicone variant wraps your device in a flexible, lightweight silicone phone case with a smooth finish that lets the artwork speak for itself. The Hybrid Metal variant takes it further — a premium hybrid phone case pairing a reinforced metal frame with a shock-absorbing silicone core, offering a protective phone cover that matches its striking exterior with serious build quality.

A perfect fit for iPhones, Samsung Galaxy, OnePlus, Motorola, Realme, Vivo, OPPO, and Google Pixel — this marble-print Android phone cover and iPhone case is precision-engineered for seamless compatibility across all recent models.

Whether you're looking to shop a designer phone case online or searching for a unique gift idea for someone with bold taste, this aesthetic phone case delivers instant visual impact. Buy this customized phone case online and carry liquid art in your pocket.

Molten, magnetic, unmistakably yours — own the swirl."
231,Red Kisses Phone Case Collection 01,https://black5creatives.in/product/,red-kisses-phone-case-collection-01,https://black5creatives.in/product/red-kisses-phone-case-collection-01,Lips Cover Collections,"Red kisses, bold words, pure self-love energy — the Red Kisses Phone Case Collection 01 is a daily reminder you carry in your pocket. Available in Soft Silicone and Hybrid Metal variants, compatible with iPhones, Samsung, OnePlus, Motorola, Realme, Vivo, OPPO, and Google Pixel. This is your year — own it.","Your phone case should hype you up every single time you reach for it.

The Red Kisses Phone Case Collection 01 features an all-over pattern of deep crimson lipstick kiss prints scattered boldly across a clean white canvas, anchored by an elegant cursive affirmation at its heart — Dear Me, I Love You! This is your year of dreams coming true. The sharp contrast between the graphic red kiss marks and the editorial typography creates a design that feels equal parts fashion-forward and deeply personal.

The Soft Silicone variant offers a slim, grippy silicone phone case with reliable everyday protection, while the Hybrid Metal variant delivers a premium hybrid phone case — combining a tough metal frame with a cushioned silicone interior for a protective phone cover that handles drops without dulling the drama.

Engineered to fit iPhones, Samsung Galaxy, OnePlus, Motorola, Realme, Vivo, OPPO, and Google Pixel — this statement Android phone cover and iPhone case is precision-cut for a flawless fit across all popular models.

Looking for a unique gift idea that actually means something, or searching for a customized phone case with real attitude? This designer phone case online is the cool phone cover that doubles as a daily affirmation. Shop this aesthetic phone case and start every day with intention.

Kiss ordinary goodbye — your era starts now."
232,Leopard Print Phone Case Collection 01,https://black5creatives.in/product/,leopard-print-phone-case-collection-01,https://black5creatives.in/product/leopard-print-phone-case-collection-01,Leopard Print Cover Collections,"Fierce, golden, and untamed — the Leopard Print Phone Case Collection 01 is a classic that never asks for permission. Available in Soft Silicone and Hybrid Metal variants, compatible with iPhones, Samsung, OnePlus, Motorola, Realme, Vivo, OPPO, and Google Pixel. Wild looks good on you.","Some prints are trends. Leopard is a lifestyle.

The Leopard Print Phone Case Collection 01 brings the raw energy of the wild to your everyday carry, featuring a dense, full-bleed pattern of authentic leopard rosettes rendered in deep black and rich burnt brown across a warm golden amber base. Every spot varies naturally in shape and cluster size, giving this design a texture-rich, true-to-nature quality that feels premium from every angle.

The Soft Silicone variant delivers a slim, flexible silicone phone case with a confident grip and reliable shock absorption for daily use. For those who demand more, the Hybrid Metal variant is a rugged yet refined hybrid phone case — merging a reinforced metal frame with a protective silicone core to create a hybrid metal phone cover that's as tough as the print it carries.

Precision-fitted for iPhones, Samsung Galaxy, OnePlus, Motorola, Realme, Vivo, OPPO, and Google Pixel — this animal print Android phone cover and iPhone case is engineered for a seamless, gap-free fit across all major recent models.

Whether you're searching for a bold customized phone case for yourself or hunting for a unique gift idea with real personality, this designer phone case online is the cool phone cover that never needs an occasion. Shop this iconic aesthetic phone case and let your phone make the first impression.

The wild ones always stand out — be one of them."
233,Evil Eye Phone Case Collection 01,https://black5creatives.in/product/,evil-eye-phone-case-collection-01,https://black5creatives.in/product/evil-eye-phone-case-collection-01,Evil Eye Cover Collections,"Good vibes, ancient protection, modern style — the Evil Eye Phone Case Collection 01 wards off bad energy in the most aesthetic way possible. Available in Soft Silicone and Hybrid Metal variants, compatible with iPhones, Samsung, OnePlus, Motorola, Realme, Vivo, OPPO, and Google Pixel. Protection never looked this beautiful.","Carry your shield everywhere — and make it stunning.

The Evil Eye Phone Case Collection 01 is a beautifully crafted nazar-themed phone case featuring an all-over scatter of ornamental evil eye amulets in varying sizes and decorative styles, set against a calming sky blue backdrop. Cobalt, navy, and teal eye motifs are interspersed with delicate white and teal botanical sprigs, tiny star accents, and swirling folk-art flourishes — creating a design that feels both spiritually grounded and visually captivating.

The Soft Silicone variant offers a lightweight, flexible silicone phone case with a smooth grip and dependable everyday protection. The Hybrid Metal variant steps it up as a structurally superior hybrid phone case — pairing a reinforced metal frame with a shock-absorbing silicone core for a protective phone cover that guards your device as powerfully as the evil eye guards your energy.

Fitted precisely for iPhones, Samsung Galaxy, OnePlus, Motorola, Realme, Vivo, OPPO, and Google Pixel — this spiritual Android phone cover and iPhone case delivers a perfect, button-accurate fit across all major current models.

A deeply meaningful customized phone case and a standout unique gift idea for anyone drawn to spiritual symbols and aesthetic design. Shop this designer phone case online — a cool phone cover that blends ancient symbolism with contemporary style beautifully.

Evil eye on. Bad vibes out. Style always in."
234,Tujhko Mirchi Lagi Toh Main Kya Karoon - Quote Phone Case,https://black5creatives.in/product/,tujhko-mirchi-lagi-toh-main-kya-karoon-quote-phone-case,https://black5creatives.in/product/tujhko-mirchi-lagi-toh-main-kya-karoon-quote-phone-case,Quote Cover Collections,"Desi attitude, Bollywood soul, zero apologies — the Tujhko Mirchi Lagi Toh Main Kya Karoon Quote Phone Case says exactly what needs to be said. Available in Soft Silicone and Hybrid Metal variants, compatible with iPhones, Samsung, OnePlus, Motorola, Realme, Vivo, OPPO, and Google Pixel. Wear the vibe, own the line.","Some quotes live in your head rent-free — now they live on your phone too.

The Tujhko Mirchi Lagi Toh Main Kya Karoon Quote Phone Case is a bold, culture-packed design bursting with the unmistakable energy of Indian truck art and Bollywood poster typography. Set against a vivid marigold yellow background rich with paisley and mehndi textures, the iconic quote takes centre stage in layered multicolour lettering, flanked by ornately patterned red chillies and blooming pink lotus flowers. Every element of this design radiates desi pride, wit, and unapologetic attitude.

The Soft Silicone variant delivers a flexible, snug-fitting silicone phone case that absorbs everyday knocks while keeping every detail of the artwork crisp and vivid. The Hybrid Metal variant is a bold step up — a heavy-duty hybrid phone case combining a reinforced metal frame with a cushioned silicone core, creating a protective phone cover as fierce as the quote it wears.

Compatible with iPhones, Samsung Galaxy, OnePlus, Motorola, Realme, Vivo, OPPO, and Google Pixel — this desi-themed Android phone cover and iPhone case is precision-cut for a flawless fit across all major recent models.

The ultimate customized phone case for anyone who lives by their own rules, this unique phone cover also makes a hilarious and heartfelt unique gift idea for every desi at heart. Buy this cool designer phone case online and let your phone do the talking — loudly.

Mirchi lagi? Not your problem. Not your case."
235,Harry Potter Phone Case Collection 01,https://black5creatives.in/product/,harry-potter-phone-case-collection-01,https://black5creatives.in/product/harry-potter-phone-case-collection-01,Harry Potter Cover Collections,"Hogwarts calls and your phone answers — the Harry Potter Phone Case Collection 01 brings the wizarding world to life in stunning cinematic detail. Available in Soft Silicone and Hybrid Metal variants, compatible with iPhones, Samsung, OnePlus, Motorola, Realme, Vivo, OPPO, and Google Pixel. For those who never stopped believing in magic.","Every Potterhead deserves a phone case worthy of the wizarding world.

The Harry Potter Phone Case Collection 01 features a dramatic, high-detail digital painting of the iconic young wizard rendered in rich amber, burnt orange, and deep shadow tones — his piercing gaze and round glasses commanding the foreground while the towering silhouette of Hogwarts castle rises through a swirling fiery sky behind him. The bold golden ""Harry Potter"" typography anchors the design with unmistakable movie-poster energy, making this a true collector-worthy piece for fans of the franchise.

The Soft Silicone variant offers a lightweight, flexible silicone phone case that preserves every brushstroke of the artwork with a snug, shock-absorbing fit. The Hybrid Metal variant delivers a premium hybrid phone case — a reinforced metal frame fused with a protective silicone core — creating a hybrid metal phone cover as durable as it is visually striking.

Precision-engineered for iPhones, Samsung Galaxy, OnePlus, Motorola, Realme, Vivo, OPPO, and Google Pixel — this wizard-themed Android phone cover and iPhone case fits seamlessly across all major current models.

Whether you're treating yourself or searching for a unique gift idea for a devoted fan, this Harry Potter themed phone case is the ultimate customized phone case for anyone who grew up with the books and films. Shop this designer phone case online and carry a piece of Hogwarts wherever you go.

The magic was always real — now it fits in your pocket."
237,Shinchan Phone Case Collection 01,https://black5creatives.in/product/,shinchan-phone-case-collection-01,https://black5creatives.in/product/shinchan-phone-case-collection-01,Shinchan Cover Collections,"Shinchan said stay cool — and we listened. The Shinchan Phone Case Collection 01 packs maximum anime chaos into one seriously fun design. Available in Soft Silicone and Hybrid Metal variants, compatible with iPhones, Samsung, OnePlus, Motorola, Realme, Vivo, OPPO, and Google Pixel. Because adulting hits different with Shinchan on your side.","No rules, no stress, full Shinchan energy — always.

The Shinchan Phone Case Collection 01 is an explosion of colour and personality, featuring everyone's favourite anime troublemaker in four dynamic poses across a vivid electric blue comic-cloud backdrop. Whether he's rocking blue headphones centre stage, chatting on the phone, pulling a shocked face, or flexing in a cap, every version of Shinchan here radiates the same unstoppable carefree attitude. Bold graffiti-style yellow ""Stay Cool"" lettering commands the centre, tying the whole design together with undeniable street-art swagger.

The Soft Silicone variant wraps your phone in a flexible, grippy silicone phone case that handles everyday bumps while keeping the vivid artwork looking razor sharp. The Hybrid Metal variant is a tougher upgrade — a dynamic hybrid phone case fusing a reinforced metal frame with a shock-absorbing silicone interior, delivering a protective phone cover built for life on the move.

A perfect fit for iPhones, Samsung Galaxy, OnePlus, Motorola, Realme, Vivo, OPPO, and Google Pixel — this anime Android phone cover and iPhone case is precision-cut for seamless compatibility across all popular current models.

The go-to customized phone case for anime lovers and 90s cartoon fans alike, this cool phone cover doubles as a unique gift idea that guarantees an instant smile. Shop this designer phone case online and bring that Shinchan spirit to everything you do.

Stay cool. Stay chaotic. Stay Shinchan."
238,Leher - Couple Phone Case,https://black5creatives.in/product/,leher-couple-phone-case,https://black5creatives.in/product/leher-couple-phone-case,Valentines Day Cover Collections,"Where the waves meet silence and two souls find each other — the Leher Couple Phone Case captures love in its most honest, unhurried form. Available in Soft Silicone and Hybrid Metal variants, compatible with iPhones, Samsung, OnePlus, Motorola, Realme, Vivo, OPPO, and Google Pixel. For those who feel love deeply.","Some moments don't need words — just the sound of the sea and someone beside you.

The Leher Couple Phone Case is a breathtakingly detailed watercolour-style illustration of two figures in traditional Indian attire — a flowing grey saree and a warm rust-orange kurta — seated together at the shoreline as gentle teal waves wash softly over their feet. A golden amber sky stretches above silhouetted coconut palms and a distant thatched hut, giving this design the soul of a classic South Asian romantic narrative — intimate, timeless, and deeply evocative.

The Soft Silicone variant delivers a slim, flexible silicone phone case that wraps your device in quiet elegance with reliable everyday protection. The Hybrid Metal variant offers a structurally superior hybrid phone case — a reinforced metal frame paired with a cushioned silicone core — creating a premium protective phone cover as enduring as the bond it illustrates.

Designed to fit iPhones, Samsung Galaxy, OnePlus, Motorola, Realme, Vivo, OPPO, and Google Pixel — this romantic Android phone cover and iPhone case is precision-cut for a seamless fit across all major current models.

A deeply personal customized phone case and an exceptional unique gift idea for couples, anniversaries, or anyone who carries love as their identity. Buy this aesthetic designer phone case online and wear your story on your sleeve — or rather, in your hand.

Let the waves carry the feeling — your case holds the memory."
239,Blue Waves - Women's Special Designer/Aesthetic Phone Case,https://black5creatives.in/product/,blue-waves-womens-special-designeraesthetic-phone-case,https://black5creatives.in/product/blue-waves-womens-special-designeraesthetic-phone-case,Aesthetic Cover Collections,"Wild at heart, blooming in blue — the Blue Waves Women's Special Designer Aesthetic Phone Case is art that speaks before you do. Available in Soft Silicone and Hybrid Metal variants, compatible with iPhones, Samsung, OnePlus, Motorola, Realme, Vivo, OPPO, and Google Pixel. Carry your inner world on the outside.","Some art doesn't hang on walls — it travels with you everywhere.

The Blue Waves Women's Special Designer Aesthetic Phone Case is a striking mixed-media illustration featuring a bold black silhouette in side profile, its form alive with white and blue botanical blooms, flowing feathered sprigs, and a rich leopard-spot texture running through the body. A soft cornflower blue background layered with painted leaves and foliage deepens the composition, creating a design that feels simultaneously wild, poetic, and deeply personal.

The Soft Silicone variant offers a lightweight, flexible silicone phone case with a smooth finish that lets every intricate detail of this artwork shine through. The Hybrid Metal variant delivers a bold upgrade — a precision-built hybrid phone case combining a reinforced metal frame with a shock-absorbing silicone core, making it a protective phone cover that matches its artistic depth with serious structural strength.

Fitted for iPhones, Samsung Galaxy, OnePlus, Motorola, Realme, Vivo, OPPO, and Google Pixel — this botanical-themed Android phone cover and iPhone case is engineered for a flawless, button-perfect fit across all major current models.

A standout customized phone case for those who lead with art and identity, this aesthetic phone cover also makes a deeply thoughtful unique gift idea for anyone who appreciates design that goes beyond the surface. Shop this designer phone case online and let your phone tell your story.

Rooted in nature, wild by design — this one's unapologetically yours."
240,Ful Bahar - Romantic Couple Phone Case,https://black5creatives.in/product/,ful-bahar-romantic-couple-phone-case,https://black5creatives.in/product/ful-bahar-romantic-couple-phone-case,Valentines Day Cover Collections,"Flowers in the hair, love in the air — the Ful Bahar Romantic Couple Phone Case captures a tender desi moment frozen in stunning detail. Available in Soft Silicone and Hybrid Metal variants, compatible with iPhones, Samsung, OnePlus, Motorola, Realme, Vivo, OPPO, and Google Pixel. Because love deserves to be carried close.","In a world full of noise, this is a moment worth holding onto.

The Ful Bahar Romantic Couple Phone Case is an exquisitely detailed fine-line illustration set inside a vibrant Indian flower market, where cascading marigold garlands and colourful blooms form a living canopy above two figures lost in a quiet, tender exchange. Dressed in a deep blue saree and mustard yellow kurta, the couple share an unhurried moment — one gently placing flowers into the other's hair — as rose petals drift mid-air and overflowing wicker baskets of marigolds, tulips, and wildflowers frame the scene. It is romantic, cultural, and achingly beautiful all at once.

The Soft Silicone variant wraps your phone in a flexible, lightweight silicone phone case that preserves every intricate line of this artwork with snug, reliable protection. The Hybrid Metal variant elevates the experience — a refined hybrid phone case pairing a reinforced metal frame with a cushioned silicone core, delivering a protective phone cover as layered and thoughtful as the design it carries.

Precision-fitted for iPhones, Samsung Galaxy, OnePlus, Motorola, Realme, Vivo, OPPO, and Google Pixel — this romantic Indian art Android phone cover and iPhone case is engineered for a seamless fit across all major current models.

A truly meaningful customized phone case and an unforgettable unique gift idea for couples, anniversaries, or anyone who finds poetry in everyday love. Shop this aesthetic designer phone case online and carry a moment that feels like it belongs in a song.

Phool bhi, pyaar bhi — sab kuch ek case mein."
241,Prem Ghat - Couple Phone Case,https://black5creatives.in/product/,prem-ghat-couple-phone-case,https://black5creatives.in/product/prem-ghat-couple-phone-case,Valentines Day Cover Collections,"Two souls, one boat, the eternal ghats of Varanasi — the Prem Ghat Couple Phone Case holds a story as old as the river itself. Available in Soft Silicone and Hybrid Metal variants, compatible with iPhones, Samsung, OnePlus, Motorola, Realme, Vivo, OPPO, and Google Pixel. For those who find romance in sacred places","Some love stories don't need a backdrop — until they find Varanasi.

The Prem Ghat Couple Phone Case is a breathtaking graphic novel-style illustration of two figures seated together in a wooden rowing boat, drifting across the calm Ganges as the magnificent temple-studded ghats of Varanasi rise before them in vivid terracotta, rose pink, and burnished gold. Billowing white clouds crown the ancient skyline while tiny figures line the stone steps below, grounding the scene in the living, breathing soul of India's most sacred city. The cool steel-blue of the river against the warm, luminous architecture creates a visual tension that is nothing short of cinematic.

The Soft Silicone variant delivers a slim, flexible silicone phone case with dependable everyday protection that keeps every intricate detail of this artwork crisp and vivid. The Hybrid Metal variant offers a premium hybrid phone case — a reinforced metal frame fused with a shock-absorbing silicone core — creating a protective phone cover as enduring as the city it captures.

Precision-fitted for iPhones, Samsung Galaxy, OnePlus, Motorola, Realme, Vivo, OPPO, and Google Pixel — this cultural Indian art Android phone cover and iPhone case is engineered for a flawless, seamless fit across all major current models.

A profoundly meaningful customized phone case and an extraordinary unique gift idea for couples, travel lovers, and anyone deeply connected to Indian heritage. Shop this aesthetic designer phone case online and carry the magic of the ghats wherever life takes you.

Where the river meets eternity — and love finds its shore."
242,Cute Bows Phone Case Collection 03,https://black5creatives.in/product/,cute-bows-phone-case-collection-03,https://black5creatives.in/product/cute-bows-phone-case-collection-03,Bow Cover Collections,"Dark romance, pink bows, gingham hearts — the Cute Bows Phone Case Collection 03 is coquette energy turned all the way up. Available in Soft Silicone and Hybrid Metal variants, compatible with iPhones, Samsung, OnePlus, Motorola, Realme, Vivo, OPPO, and Google Pixel. Sweet on the surface, deeply mysterious underneath.","Not all pink is soft — some pink bites back.

The Cute Bows Phone Case Collection 03 is a boldly moody design that sets dusty rose ribbon bows and gingham check-patterned hearts against a deep, rich burgundy background — creating a visual tension that feels equal parts coquette and dark romance. The stitched-edge detailing on each heart and the varying bow sizes scattered across the surface give this pattern a deliberate, curated quality that sets it far apart from anything ordinarily sweet or pastel.

The Soft Silicone variant offers a snug, flexible silicone phone case with cushioned protection that keeps the artwork's sharp contrast and detail looking flawless every day. The Hybrid Metal variant steps up as a structurally robust hybrid phone case — a reinforced metal frame paired with a shock-absorbing silicone core — delivering a hybrid metal phone cover that brings the same bold energy to its build as the design brings to its aesthetic.

Engineered for iPhones, Samsung Galaxy, OnePlus, Motorola, Realme, Vivo, OPPO, and Google Pixel — this dark coquette Android phone cover and iPhone case delivers precision compatibility across all major current models.

The ideal customized phone case for those who live in the space between sweet and moody, this unique phone cover doubles as a standout unique gift idea for anyone obsessed with dark romantic aesthetics. Buy this cool designer phone case online and let your phone match your whole vibe.

Bows, hearts, and zero apologies — wear the dark side beautifully."
243,Cute Blue Bows Phone Case Collection 04,https://black5creatives.in/product/,cute-blue-bows-phone-case-collection-04,https://black5creatives.in/product/cute-blue-bows-phone-case-collection-04,Bow Cover Collections,"Midnight navy, icy blue bows, and a quiet kind of magic — the Cute Blue Bows Phone Case Collection 04 is effortlessly stunning. Available in Soft Silicone and Hybrid Metal variants, compatible with iPhones, Samsung, OnePlus, Motorola, Realme, Vivo, OPPO, and Google Pixel. For those whose aesthetic speaks louder than words.","When the night sky wore a bow, it looked exactly like this.

The Cute Blue Bows Phone Case Collection 04 features oversized watercolour ribbon bows in luminous periwinkle and cornflower blue, their translucent painterly layers catching soft white highlights that mimic the sheen of real satin fabric. Set against a deep midnight navy background scattered with tiny floating hearts, the large-scale bow composition fills the entire surface with a dreamy, cool-toned elegance that feels unlike anything in the typical bow-print space — more editorial, more intentional, more midnight.

The Soft Silicone variant provides a flexible, lightweight silicone phone case with a smooth tactile finish, keeping every watercolour nuance of this design vivid and protected through daily use. For maximum durability, the Hybrid Metal variant is a premium hybrid phone case that pairs a reinforced metal frame with a shock-absorbing silicone core — a hybrid metal phone cover built as beautifully as it performs.

Precision-engineered for iPhones, Samsung Galaxy, OnePlus, Motorola, Realme, Vivo, OPPO, and Google Pixel — this midnight blue Android phone cover and iPhone case delivers a flawless, gap-free fit across all major current models.

A deeply covetable customized phone case and a show-stopping unique gift idea for anyone drawn to cool-toned, dreamy aesthetics. Shop this aesthetic designer phone case online and bring a touch of midnight elegance to everything you carry.

Blue never looked this bold — or this beautiful."
244,Floral Phone Case Collection 02,https://black5creatives.in/product/,floral-phone-case-collection-02,https://black5creatives.in/product/floral-phone-case-collection-02,Floral Cover Collections,"Golden days, white blooms, zero complaints. The Floral Phone Case Collection 02 wraps your device in an all-over pattern of oversized white daisies and dark botanical sprigs on rich mustard gold — in Soft Silicone and Hybrid Metal. Compatible with iPhones, Samsung, OnePlus, Realme, Vivo, OPPO, Motorola and Google Pixel. Because some days deserve to feel this bright.","Not every garden fits in a pot — this one lives on your phone.

The Floral Phone Case Collection 02 is a warmly exuberant botanical composition that covers every centimetre of the canvas in oversized white daisy blooms and deeply detailed dark botanical sprigs. Each daisy is painted with loose, confident brushwork — petals catching light unevenly, warm amber stamens glowing at every centre — while winding near-black stems and oval leaf clusters weave naturally between the blooms, adding depth and botanical authenticity to what could easily be mistaken for a panel of vintage English garden wallpaper. Tiny scattered micro-florals fill every remaining gap, ensuring the richly saturated mustard gold background peeks through only in deliberate, sun-warmed glimpses.

The Soft Silicone variant is a lightweight, flexible silicone phone case that keeps your device cushioned and protected through every season — as reliably cheerful as the flowers it carries. The Hybrid Metal finish is a premium hybrid phone case combining rigid metal structure with silicone edge cushioning — a refined protective phone cover as considered and detailed as the botanical print it holds.

Perfectly fitted for iPhones, Samsung Galaxy, OnePlus, Motorola, Realme, Vivo, OPPO and Google Pixel — a cottagecore botanical Android phone cover compatible with all major devices.

A beautifully warm customized phone case for floral art enthusiasts and a wonderfully uplifting unique gift idea for anyone who loves nature-inspired designer phone covers with genuine vintage charm. Shop this daisy floral phone case online and let every golden afternoon travel with you.

Some patterns make you smile before you even know why — this is one of them."
245,Floral Phone Case Collection 03,https://black5creatives.in/product/,floral-phone-case-collection-03,https://black5creatives.in/product/floral-phone-case-collection-03,Floral Cover Collections,"Loose lines. Warm peach. The kind of florals that look sketched by someone brilliant. The Floral Phone Case Collection 03 brings a hand-drawn white daisy and terracotta wildflower meadow to life on a fresh coral canvas — in Soft Silicone and Hybrid Metal. Compatible with iPhones, Samsung, OnePlus, Realme, Vivo, OPPO, Motorola and Google Pixel. Effortless art for every day.","Not every garden is planted — some are drawn, and those are always the most alive.

The Floral Phone Case Collection 03 is a breath of contemporary botanical freshness, built entirely from loose, expressive hand-drawn ink linework on a warm peach-coral background. White daisy blooms rise at varying heights on fine, gestural black stems — petals rendered with the confident imprecision of a skilled illustrator working quickly and well. Terracotta-red accent flowers and bold rust-coloured daisy centres punctuate the composition with warmth and contrast, while ink grass blades, seed pods and scattered dot details root the scene in a meadow that feels genuinely alive. The upper half of the design opens into pure clean coral — giving the whole piece a lightness and breathing room that makes it feel completely distinct from every other floral in the collection.

The Soft Silicone variant is a slim, flexible silicone phone case that wraps your device in everyday protection with the same effortless ease this design carries — lightweight, tactile and always present. The Hybrid Metal finish is a premium hybrid phone case combining rigid metal structure with silicone cushioning — a sleek protective phone cover as clean-lined and considered as the botanical art it frames.

Precision-fitted for iPhones, Samsung Galaxy, OnePlus, Motorola, Realme, Vivo, OPPO and Google Pixel — a contemporary floral Android phone cover compatible with all major devices.

A strikingly original customized phone case for lovers of hand-drawn art and a wonderfully fresh unique gift idea for anyone who appreciates designer phone covers that feel genuinely artisanal. Shop this sketch floral phone case online and carry the most effortlessly cool wildflower meadow on the market.

Some art looks like it took forever — this one looks like it always existed."
246,Floral Phone Case Collection 04,https://black5creatives.in/product/,floral-phone-case-collection-04,https://black5creatives.in/product/floral-phone-case-collection-04,Floral Cover Collections,"When the garden blooms at midnight, it looks exactly like this. The Floral Phone Case Collection 04 layers folk-style violet and lavender blooms with vivid saffron-gold mandala centres across a deep dark ground — in Soft Silicone and Hybrid Metal. Compatible with iPhones, Samsung, OnePlus, Realme, Vivo, OPPO, Motorola and Google Pixel. For those who bloom best after dark.","Some gardens only reveal their full beauty when everything else goes dark.

The Floral Phone Case Collection 04 is a maximalist folk art celebration rendered in the most jewel-toned palette in the collection. A dense, breathing pattern of folk-style flowers fills every centimetre of a deep near-black ground — large multi-layered blooms with ornate saffron-gold mandala centres, soft lavender and violet petals in varying tones, crisp white star-shaped flowers and compact round daisy forms all coexisting in structured, rhythmic abundance. Golden dot accents and small leaf clusters weave between each bloom, giving the composition the rich, decorative density of Eastern European folk textile design translated into a thoroughly contemporary graphic language.

The Soft Silicone variant is a slim, flexible silicone phone case that keeps every vivid gold and violet detail protected through daily carry — as quietly dependable as the dark ground that makes every bloom in this design shine brighter. The Hybrid Metal finish is a premium hybrid phone case combining rigid metal reinforcement with silicone cushioning — a bold protective phone cover as richly layered as the pattern it carries.

Precision-fitted for iPhones, Samsung Galaxy, OnePlus, Motorola, Realme, Vivo, OPPO and Google Pixel — a jewel-toned folk floral Android phone cover compatible with all major devices.

A strikingly distinctive customized phone case for lovers of bold botanical art — and a deeply memorable unique gift idea for anyone drawn to maximalist designer phone covers with genuine folk-art heritage. Shop this nocturnal violet floral phone case online and let the most vibrant garden in the room travel with you.

Darkness was never the absence of beauty — sometimes it is the very thing that makes it bloom."
247,Full Moon Aesthetic Phone Case Collection 03,https://black5creatives.in/product/,full-moon-aesthetic-phone-case-collection-03,https://black5creatives.in/product/full-moon-aesthetic-phone-case-collection-03,Moon Cover Collections,"The moon was always the most romantic address. The Full Moon Aesthetic Phone Case Collection 03 frames a luminous full moon over dark tulip silhouettes with a flowing cursive love letter to the cosmos — in Soft Silicone and Hybrid Metal. Compatible with iPhones, Samsung, OnePlus, Realme, Vivo, OPPO, Motorola and Google Pixel. For dreamers who look up and feel everything.","Some nights the moon says everything that words have been trying to say for years.

The Full Moon Aesthetic Phone Case Collection 03 is a hauntingly composed nocturnal illustration that layers three distinct visual worlds into one seamlessly poetic whole. A photorealistic full moon — crater-textured and luminously white — rises through a painted night sky of gestural charcoal brushstrokes and scattered star points, casting a warm cream glow across the horizon. Against that glow, a dense field of dark tulip silhouettes and wild grass stems rises with quiet drama, a single white bud breaking the silhouette line like a whisper. Below, an elegant flowing cursive quote completes the composition with the weight of a love letter: the moon as the single most romantic place within the cosmos.

The Soft Silicone variant is a slim, flexible silicone phone case that carries this nocturnal beauty through every day — as quietly present and dependable as the moon itself. The Hybrid Metal finish is a premium hybrid phone case combining structured metal reinforcement with silicone cushioning — a refined protective phone cover as layered and considered as the artwork it holds.

Precision-fitted for iPhones, Samsung Galaxy, OnePlus, Motorola, Realme, Vivo, OPPO and Google Pixel — a romantic lunar aesthetic Android phone cover compatible with all major devices.

A deeply evocative customized phone case for moon lovers and literary romantics alike — and an extraordinarily thoughtful unique gift idea for anyone drawn to poetic designer phone covers with genuine emotional resonance. Shop this full moon tulip phone case online and carry the night's most beautiful sentence with you always.

The cosmos has many wonders — but only one of them makes the whole world look up at the same time."
249,Magical Cat in Full Moon Night - Special Phone Case for Pets Lover,https://black5creatives.in/product/,magical-cat-in-full-moon-night-special-phone-case-for-pets-lover,https://black5creatives.in/product/magical-cat-in-full-moon-night-special-phone-case-for-pets-lover,Pets Cover Collections,"Small cat. Big moon. Absolutely zero rules. The Magical Cat in Full Moon Night - Special Phone Case for Pets Lover sends an adorable witch-hat kitten soaring on a broomstick across a glowing pink moon above a spooky village — in Soft Silicone and Hybrid Metal. Compatible with iPhones, Samsung, OnePlus, Realme, Vivo, OPPO, Motorola and Google Pixel. Magic looks better with a cat in charge.","Somewhere above the rooftops, on a broomstick that is frankly too large for such a small cat — the night officially belongs to her.

The Magical Cat in Full Moon Night - Special Phone Case for Pets Lover is an irresistibly enchanting illustration that wraps gothic whimsy in the softest, most charming colour palette imaginable. A round-faced black kitten in a buckled purple witch hat sits with absolute self-possessed confidence on a broomstick, curly tail dangling, wide bright eyes surveying the world below. Behind her, an oversized glowing pink full moon fills the centre of a deep purple sky scattered with white sparkle stars, while cotton-candy pink cloud wisps drift on either side. Below, a silhouetted gothic village stretches across the lower frame — pointed rooftops, glowing windows and bare trees completing a scene straight from the most charming Halloween storybook ever written.

The Soft Silicone variant is a lightweight, flexible silicone phone case that keeps your device protected with the same effortless magic the kitten applies to everything — quietly dependable and always delightful. The Hybrid Metal finish is a premium hybrid phone case combining rigid metal structure with silicone cushioning — a protective phone cover as enchanting and well-crafted as the illustration it carries.

Perfectly fitted for iPhones, Samsung Galaxy, OnePlus, Motorola, Realme, Vivo, OPPO and Google Pixel — a whimsical cat-themed Android phone cover compatible with all major devices.

The most enchanting customized phone case for cat lovers and magic enthusiasts alike — and an utterly unique gift idea for anyone drawn to playful designer phone covers with genuine storybook personality. Shop this witch cat moon phone case online and let the most magical kitten in the sky ride along with you.

Every night needs a little magic — luckily, this one comes fully equipped."
250,Full Moon Phone Cover Collection 04,https://black5creatives.in/product/,full-moon-phone-cover-collection-04,https://black5creatives.in/product/full-moon-phone-cover-collection-04,Moon Cover Collections,"Moonlight. Cherry blossoms. Words that never quite got sent. The Full Moon Phone Cover Collection 04 blooms with a solitary pink blossom tree against a luminous crescent moon on a deep violet cursive-script night — in Soft Silicone and Hybrid Metal. Compatible with iPhones, Samsung, OnePlus, Realme, Vivo, OPPO, Motorola and Google Pixel. Romance was always this beautiful.","Some nights the moon leans closer — and the blossoms open just for that.

The Full Moon Phone Cover Collection 04 is a hauntingly romantic nocturnal composition that layers three elements of rare poetic beauty into one breathtaking design. A luminous crescent-facing moon glows with warm gold at its edge, casting a soft radiance across the right half of a deep indigo-purple sky. Against that glow, a solitary bare-branched tree erupts in cascading hot pink and magenta cherry blossoms — petals falling in loose, painterly strokes that catch the moonlight. Throughout every inch of the background, flowing silver cursive manuscript text drifts across the composition like the pages of an unfinished love letter, binding the celestial and botanical elements in quiet literary intimacy.

The Soft Silicone variant is a slim, flexible silicone phone case that carries every luminous detail of this design through daily wear — as quietly present and poetic as the moonlight it depicts. The Hybrid Metal finish is a premium hybrid phone case combining structured metal reinforcement with silicone cushioning — a refined protective phone cover as romantically composed as the scene it holds.

Precision-fitted for iPhones, Samsung Galaxy, OnePlus, Motorola, Realme, Vivo, OPPO and Google Pixel — a lunar romantic aesthetic Android phone cover compatible with all major devices.

A breathtakingly beautiful customized phone case for romantics, poets and cherry blossom dreamers — and an unforgettable unique gift idea for anyone who treasures designer phone covers that read like a verse. Shop this moon blossom phone case online and carry the most beautiful night ever written with you always.

The tree blooms once — but the right moon makes it last forever."
251,Kisses Phone Case Collection 01,https://black5creatives.in/product/,kisses-phone-case-collection-01,https://black5creatives.in/product/kisses-phone-case-collection-01,Lips Cover Collections,"Bold. Gold. Absolutely unforgettable. The Kisses Phone Case Collection 01 covers every surface in vivid burnt-gold lip prints on a deep dark background — in Soft Silicone and Hybrid Metal. Compatible with iPhones, Samsung, OnePlus, Realme, Vivo, OPPO, Motorola and Google Pixel. For those who always leave a mark.","Some statements need no words — just the right impression, left in the right place.

The Kisses Phone Case Collection 01 is a fearlessly glamorous all-over print that covers every centimetre of the canvas in vivid burnt amber-gold lip marks. Each kiss print is rendered with visible texture detail — lip lines, natural form and a woodblock-stamp quality that gives the pattern a tactile, almost physical presence. Scattered at varying scales and rotation angles across a deep near-black background layered with subtle dark script watermarks, the composition achieves the confident visual density of a luxury fashion textile translated onto a phone case that owns every room it enters.

The Soft Silicone variant is a slim, flexible silicone phone case that carries this bold print through daily life — lightweight, grippy and protective without ever dimming the glamour of the design. The Hybrid Metal finish is a premium hybrid phone case combining rigid metal structure with silicone cushioning — a high-impact protective phone cover as bold and uncompromising as the pattern itself.

Precision-fitted for iPhones, Samsung Galaxy, OnePlus, Motorola, Realme, Vivo, OPPO and Google Pixel — a fashion-forward aesthetic Android phone cover compatible with all major devices.

A strikingly confident customized phone case for those with a taste for bold, luxury-inspired design — and a memorably unique gift idea for anyone who loves designer phone covers that make a statement before a single word is spoken. Shop this gold lips phone case online and let your phone announce your presence from across the room.

You were never going to blend in — so why start now."
252,Batman Phone Case Collection 04,https://black5creatives.in/product/,batman-phone-case-collection-04,https://black5creatives.in/product/batman-phone-case-collection-04,Batman Cover Collections,"Every era. Every cowl. One legendary case. The Batman Phone Case Collection 04 explodes with photorealistic Dark Knight portraiture, comic panels, Gotham headlines and yellow paint splashes across a densely layered collage — in Soft Silicone and Hybrid Metal. Compatible with iPhones, Samsung, OnePlus, Realme, Vivo, OPPO, Motorola and Google Pixel. Gotham's greatest story — all in one place.","From the animated series to the silver screen — this case refuses to choose a favourite era and is better for it.

The Batman Phone Case Collection 04 is the ultimate fan tribute, constructed as a riotously dense mixed-media collage that layers every dimension of Batman's cultural legacy into one composition that simply refuses to stop giving. A photorealistic armoured Dark Knight dominates the lower foreground, the iconic yellow bat symbol blazing on his chest, while a classic animated-style cowled face commands the upper panel with glowing white eyes. Between and beyond them — yellow paint explosion splashes, ""BANG!"" comic onomatopoeia, Gotham Times newspaper fragments, wanted posters, bat silhouettes, sticker-style badge elements and dozens of comic panel snippets fill every remaining space with the obsessive energy of a lifelong fan who collected everything and kept it all.

The Soft Silicone variant is a flexible, impact-absorbing silicone phone case that keeps every layered detail of this legendary design intact through daily carry — dependable and always present, just like the Dark Knight himself. The Hybrid Metal finish is a commanding hybrid phone case combining rigid metal reinforcement with silicone cushioning — a robust protective phone cover as multi-layered and enduring as Batman's legacy across decades.

Precision-fitted for iPhones, Samsung Galaxy, OnePlus, Motorola, Realme, Vivo, OPPO and Google Pixel — a pop culture Android phone cover engineered for all major devices.

The definitive customized phone case for Batman fans across every generation — and an electrifying unique gift idea for comic art lovers who want designer phone covers that celebrate the full spectrum of an icon. Shop this Batman collage phone case online and carry every version of the legend at once.

Gotham has many stories — this case tells all of them simultaneously."
253,Leo - Leopard Print Phone Case Collection 04,https://black5creatives.in/product/,leo-leopard-print-phone-case-collection-04,https://black5creatives.in/product/leo-leopard-print-phone-case-collection-04,Leopard Print Cover Collections,"Wild prints. Playful hearts. Zero apologies. The Leo - Leopard Print Phone Case Collection 04 fills every inch with leopard, tiger and cow print hearts on a deep espresso background — in Soft Silicone and Hybrid Metal. Compatible with iPhones, Samsung, OnePlus, Realme, Vivo, OPPO, Motorola and Google Pixel. Because untamed and adorable is always the best combination.","Why choose one wild print when three are clearly better?

The Leo - Leopard Print Phone Case Collection 04 turns the fashion world's most iconic animal prints into a joyful, heart-shaped celebration scattered across a rich espresso brown canvas. Each oversized heart carries its own distinct identity — golden amber leopard spots, vivid burnt orange tiger stripes or bold black-and-white cow print patches — all outlined with a playful dashed stitch-effect border that gives the design a crafted, patchwork-fabric quality. The varying scales and scattered placement of the hearts create a composition that feels spontaneous and fashionably alive in equal measure.

The Soft Silicone variant is a lightweight, flexible silicone phone case that keeps your device protected through daily carry with the same effortless ease this design wears its prints — always comfortable, always on point. The Hybrid Metal finish is a premium hybrid phone case combining rigid metal construction with silicone cushioning — a bold protective phone cover as untamed and considered as the pattern it carries.

Precision-fitted for iPhones, Samsung Galaxy, OnePlus, Motorola, Realme, Vivo, OPPO and Google Pixel — a fashion-forward animal print Android phone cover compatible with all major devices.

A brilliantly fun customized phone case for animal print lovers and bold fashion enthusiasts — and a wonderfully unique gift idea for anyone who deserves designer phone covers with genuine personality and playful energy. Shop this leopard heart phone case online and let your wild side speak for itself.

Tame was never really your style anyway — and this case already knew that."
254,Leopard Print Phone Case Collection 02,https://black5creatives.in/product/,leopard-print-phone-case-collection-02,https://black5creatives.in/product/leopard-print-phone-case-collection-02,Leopard Print Cover Collections,"Pink never played safe — and neither does this. The Leopard Print Phone Case Collection 02 reimagines the classic leopard spot in deep burgundy across a bold bubblegum pink canvas — in Soft Silicone and Hybrid Metal. Compatible with iPhones, Samsung, OnePlus, Realme, Vivo, OPPO, Motorola and Google Pixel. Wild, refined and entirely on your own terms.","The leopard print has always been a statement — this one just turned up the pink.

The Leopard Print Phone Case Collection 02 takes the most iconic pattern in fashion history and reinvents it with a colour combination that is equal parts luxurious and fearless. Deep burgundy-crimson leopard rosettes scatter across a soft bubblegum pink background in the classic organic leopard distribution — each spot rendered at a bold, oversized graphic scale with subtle tonal depth beneath each cluster. The result is a pattern that reads immediately as luxe and contemporary, with the kind of visual confidence that needs absolutely no explanation.

The Soft Silicone variant is a slim, flexible silicone phone case that keeps your device protected through every day — as sleek and effortlessly stylish as the print it carries. The Hybrid Metal finish is a premium hybrid phone case combining rigid metal construction with silicone cushioning — a refined protective phone cover as bold and fashion-conscious as the design it holds.

Precision-fitted for iPhones, Samsung Galaxy, OnePlus, Motorola, Realme, Vivo, OPPO and Google Pixel — a fashion-forward aesthetic Android phone cover compatible with all major devices.

A strikingly confident customized phone case for animal print enthusiasts and fashion lovers alike — and a memorably chic unique gift idea for anyone who deserves designer phone covers that own the room. Shop this pink leopard print phone case online and let the most unapologetically bold pattern in the collection speak for itself.

Subtle was never the plan — and the results have always been better for it."
255,Leopard Print Phone Case Collection 03,https://black5creatives.in/product/,leopard-print-phone-case-collection-03,https://black5creatives.in/product/leopard-print-phone-case-collection-03,Leopard Print Cover Collections,"The print that never goes out of style — stripped to its sharpest form. The Leopard Print Phone Case Collection 03 delivers a classic two-tone black and grey leopard pattern on crisp white — in Soft Silicone and Hybrid Metal. Compatible with iPhones, Samsung, OnePlus, Realme, Vivo, OPPO, Motorola and Google Pixel. Timeless, precise and always right.","Some patterns become trends — this one simply became a standard.

The Leopard Print Phone Case Collection 03 is the definitive monochrome edition of the collection's most iconic motif, presenting the classic leopard rosette in a two-tone black and cool grey treatment against a clean white ground. Each spot is rendered with a naturally textured, brushstroke-edged quality that honours the organic irregularity of the real pattern — some marks bold and solid black, others softer in mid-grey, the variation between them creating a sense of genuine depth and movement across the surface. The result is a design that reads as simultaneously wild and restrained, effortlessly matching any aesthetic while retaining a strong visual identity of its own.

The Soft Silicone variant is a slim, flexible silicone phone case that wraps your device in clean, dependable protection — as versatile and quietly impressive as the pattern it carries. The Hybrid Metal finish is a premium hybrid phone case combining rigid metal structure with silicone cushioning — a refined protective phone cover with the same understated confidence the design exudes.

Precision-fitted for iPhones, Samsung Galaxy, OnePlus, Motorola, Realme, Vivo, OPPO and Google Pixel — a monochrome fashion-forward Android phone cover compatible with all major devices.

A supremely wearable customized phone case for minimalists and fashion lovers alike — and an impeccably tasteful unique gift idea for anyone who prefers their designer phone covers sharp, versatile and permanently in style. Shop this black and white leopard print phone case online and carry the most adaptable statement in the collection.

Trends arrive and leave — this one simply stays and improves everything around it."
256,My Cuteli - Special Phone Case for Pets Lover [Cat],https://black5creatives.in/product/,my-cuteli-special-phone-case-for-pets-lover-cat,https://black5creatives.in/product/my-cuteli-special-phone-case-for-pets-lover-cat,Pets Cover Collections,"Those eyes. That garden. Absolutely no defence against either. The My Cuteli - Special Phone Case for Pets Lover [Cat] nestles an impossibly adorable white kitten with huge violet eyes in a lush purple botanical doodle garden — in Soft Silicone and Hybrid Metal. Compatible with iPhones, Samsung, OnePlus, Realme, Vivo, OPPO, Motorola and Google Pixel. Cuteness just found its permanent address.","No garden was ever tended this carefully — and no kitten has ever looked this pleased about it.

The My Cuteli - Special Phone Case for Pets Lover [Cat] is a masterfully composed collision of kawaii character art and intricate botanical illustration. A round-faced white kitten with luminous oversized violet eyes, delicate purple ear markings and the most expressive tiny nose imaginable sits at the centre of a richly detailed purple floral world. Surrounding the kitten in every direction — lush leaf clusters, swirling fronds, paisley motifs, fine ink doodle flowers and intricate zentangle-style botanical elements build from deep violet at the base through layered lavender tones to a soft near-white fade at the top, creating a composition that feels like a magical garden blooming specifically to frame this one perfect face.

The Soft Silicone variant is a lightweight, flexible silicone phone case that protects your device through every day — as softly dependable as the kitten it carries is absolutely unforgettable. The Hybrid Metal finish is a premium hybrid phone case combining rigid metal reinforcement with silicone cushioning — a refined protective phone cover as intricately crafted as the botanical art surrounding it.

Precision-fitted for iPhones, Samsung Galaxy, OnePlus, Motorola, Realme, Vivo, OPPO and Google Pixel — a kawaii botanical Android phone cover compatible with all major devices.

The most endearing customized phone case for cat lovers and illustration enthusiasts alike — and an utterly irresistible unique gift idea for anyone drawn to designer phone covers that combine artistry with pure, unfiltered adorableness. Shop this purple cat botanical phone case online and let the sweetest resident of any garden travel with you always.

Some faces make the whole world softer — this one manages it every single time."
257,Cute Panda Phone Case Collection 01,https://black5creatives.in/product/,cute-panda-phone-case-collection-01,https://black5creatives.in/product/cute-panda-phone-case-collection-01,Panda Cover Collections,"Twelve pandas. Twelve moods. All of them perfect. The Cute Panda Phone Case Collection 01 fills every tile with a different kawaii panda moment in soft blush pink and mint green — in Soft Silicone and Hybrid Metal. Compatible with iPhones, Samsung, OnePlus, Realme, Vivo, OPPO, Motorola and Google Pixel. Because the world is simply better with more pandas in it.","Reading. Waving. Eating bamboo. Sleeping in a box. There is not a single bad mood in this entire case.

The Cute Panda Phone Case Collection 01 is a grid of pure kawaii joy, presenting twelve individual panda vignettes across alternating soft blush pink and mint green tiles — each one a tiny, complete portrait of a different panda personality moment. One waves with round-armed enthusiasm, another reads with total absorption, one eats bamboo with the focused dedication it deserves, another sleeps in a box with absolute contentment. Delicate botanical sprig accents frame each tile, and the crisp black and white panda illustrations pop beautifully against the gentle pastel backgrounds — the whole composition feeling like the most charming sticker sheet ever created, now permanently on your phone.

The Soft Silicone variant is a lightweight, flexible silicone phone case that keeps your device protected with the same quiet cheerfulness every panda on this case radiates — always reliable, always a little bit wonderful. The Hybrid Metal finish is a premium hybrid phone case combining rigid metal structure with silicone cushioning — a dependable protective phone cover as carefully considered as each tiny panda expression.

Precision-fitted for iPhones, Samsung Galaxy, OnePlus, Motorola, Realme, Vivo, OPPO and Google Pixel — an irresistibly cute kawaii Android phone cover compatible with all major devices.

The most joyful customized phone case for panda lovers and kawaii art enthusiasts — and an absolutely guaranteed unique gift idea for anyone who appreciates designer phone covers that deliver pure, uncomplicated happiness. Shop this panda grid phone case online and carry twelve reasons to smile wherever the day leads.

Happiness is not always complicated — sometimes it is just twelve pandas doing their thing."
258,Cute Panda Phone Case Collection 02,https://black5creatives.in/product/,cute-panda-phone-case-collection-02,https://black5creatives.in/product/cute-panda-phone-case-collection-02,Panda Cover Collections,"Blushing pandas, bamboo sprigs and all the warmth in the world. The Cute Panda Phone Case Collection 02 scatters rosy-cheeked kawaii pandas across a warm cream and terracotta botanical canvas — in Soft Silicone and Hybrid Metal. Compatible with iPhones, Samsung, OnePlus, Realme, Vivo, OPPO, Motorola and Google Pixel. The coziest case in the entire collection.","No agenda. No rush. Just pandas, bamboo and the most unhurried afternoon imaginable.

The Cute Panda Phone Case Collection 02 wraps your device in a warmly organic all-over pattern that feels like it was illustrated on the softest morning of the year. Blushing kawaii pandas are scattered freely across a warm cream background at varying scales and in gently different poses — one wearing a tiny flower hair accessory, one lounging chin-to-ground in pure relaxation, one peeking with enormous soft eyes, one curled snugly in a blanket wrap. Every panda wears the same rosy blush cheeks and soft pink paw pads that make each figure feel genuinely, hopelessly endearing. Between them, warm terracotta bamboo branches and leaf sprigs weave naturally through the composition alongside tiny pink heart details that appear exactly where you least expect them.

The Soft Silicone variant is a lightweight, flexible silicone phone case as quietly comforting as the design itself — snug, reliable and always there. The Hybrid Metal finish is a premium hybrid phone case combining rigid metal structure with silicone cushioning — a refined protective phone cover that carries this warm, illustrated world with the care it deserves.

Perfectly fitted for iPhones, Samsung Galaxy, OnePlus, Motorola, Realme, Vivo, OPPO and Google Pixel — a cosy kawaii Android phone cover compatible with all major devices.

A beautifully warm customized phone case for panda lovers and cottagecore enthusiasts alike — and a genuinely heartwarming unique gift idea for anyone who deserves designer phone covers that feel like a hug. Shop this panda botanical phone case online and carry the softest energy in the room wherever the day takes you.

Not every design needs to be loud — some just need to be this impossibly sweet."
259,We Bare Bears Trio Phone Case Collection 01,https://black5creatives.in/product/,we-bare-bears-trio-phone-case-collection-01,https://black5creatives.in/product/we-bare-bears-trio-phone-case-collection-01,We Bare Bears Cover Collections,"Stack them up. The gang's all here. The We Bare Bears Trio Phone Case Collection 01 brings Grizzly, Panda and Ice Bear together in their iconic stacked formation across a warm amber yellow canvas — in Soft Silicone and Hybrid Metal. Compatible with iPhones, Samsung, OnePlus, Realme, Vivo, OPPO, Motorola and Google Pixel. Best friends forever — on your phone forever.","No matter how many times the stack falls — they always find their way back together.

The We Bare Bears Trio Phone Case Collection 01 is a joyful, fan-perfect tribute to one of animation's most beloved trios. Grizzly, Panda and Ice Bear are presented in their signature stacked formation at the centre of a warm amber background — Grizzly at the base with rosy blushing cheeks bearing the weight with characteristic good nature, Panda nestled in the middle in contented ease, and Ice Bear draped across the top in his signature understated composure. The background fills with multiple smaller trio groupings, individual bear figures and scattered black paw print dots that transform the composition into a full, breathing celebration of the bears and their unbreakable bond.

The Soft Silicone variant is a lightweight, flexible silicone phone case that keeps your device protected through every adventure — as reliably warm and dependable as Grizzly himself. The Hybrid Metal finish is a premium hybrid phone case combining rigid metal structure with silicone cushioning — a solid protective phone cover as steadfast as the friendship at the heart of this design.

Precision-fitted for iPhones, Samsung Galaxy, OnePlus, Motorola, Realme, Vivo, OPPO and Google Pixel — a beloved cartoon-themed Android phone cover compatible with all major devices.

The ultimate customized phone case for We Bare Bears fans — and an irresistibly charming unique gift idea for anyone who grew up with the trio and wants their designer phone cover to carry that warmth everywhere. Shop this We Bare Bears phone case online and keep the best bear stack in animation riding along with you.

Some friendships are too good to keep to yourself — this one belongs on display."
260,Lionel Messi GOAT Phone Case Collection 01,https://black5creatives.in/product/,lionel-messi-goat-phone-case-collection-01,https://black5creatives.in/product/lionel-messi-goat-phone-case-collection-01,Messi Cover Collections,"One word. Four letters. No argument. The Lionel Messi GOAT Phone Case Collection 01 delivers a stunning hyperrealistic portrait tribute in warm gold and teal against a bold red hexagonal canvas — in Soft Silicone and Hybrid Metal. Compatible with iPhones, Samsung, OnePlus, Realme, Vivo, OPPO, Motorola and Google Pixel. The Greatest deserves the greatest case.","Records fall. Trophies accumulate. Debates end. There is only one GOAT.

The Lionel Messi GOAT Phone Case Collection 01 is a breathtaking fan tribute built around a hyperrealistic close portrait of football's greatest player, rendered in warm amber-gold painterly tones with the focused intensity of someone who has always known exactly what they came to do. A smaller teal-tinted full-body action figure commands the upper right panel while bold distressed ""GOAT"" typography runs vertically down the left side — each letter punching through the bold crimson red hexagonal football-texture background with the force of a record-breaking strike. The split-panel composition between red and deep teal creates a dramatic visual tension that mirrors the electrifying duality of a player who is simultaneously humble and utterly incomparable.

The Soft Silicone variant is a flexible, dependable silicone phone case that protects your device through every match day and beyond — as consistent and reliable as the player this design celebrates. The Hybrid Metal finish is a premium hybrid phone case combining rigid metal reinforcement with silicone cushioning — a commanding protective phone cover as trophy-worthy as the legacy it honours.

Precision-fitted for iPhones, Samsung Galaxy, OnePlus, Motorola, Realme, Vivo, OPPO and Google Pixel — a football legend Android phone cover engineered for all major devices.

The ultimate customized phone case for Messi devotees and football art enthusiasts — and an unforgettable unique gift idea for anyone who believes designer phone covers should carry the names that matter most. Shop this GOAT football phone case online and let the world know exactly where your allegiance stands.

Some arguments were never really arguments — the answer was always the same name."
261,Lionel Messi Phone Case Collection 02,https://black5creatives.in/product/,lionel-messi-phone-case-collection-02,https://black5creatives.in/product/lionel-messi-phone-case-collection-02,Messi Cover Collections,"Pop art. Pure passion. One legend. The Lionel Messi Phone Case Collection 02 explodes with bold red, yellow and purple colour-blocked portrait art over a dense football action collage — in Soft Silicone and Hybrid Metal. Compatible with iPhones, Samsung, OnePlus, Realme, Vivo, OPPO, Motorola and Google Pixel. Art this loud demands a case this bold.","When greatness meets art — it always looks exactly this vivid.

The Lionel Messi Phone Case Collection 02 is a ferociously energetic pop-art tribute that takes fan devotion to its most visually explosive conclusion. A large foreground portrait face is rendered in striking flat colour blocks of crimson red, electric yellow and deep purple — bold linework carving out every detail of a focused, upward-gazing expression with the graphic confidence of stadium mural art. A secondary yellow-toned figure looms in the upper background while a dense collage of red-saturated football action photographs, crowd scenes and text fragments — including a visible ""THE GOAT"" reference — fills every remaining space, creating a background that buzzes with the accumulated energy of an entire legendary career.

The Soft Silicone variant is a flexible, impact-absorbing silicone phone case built for fans who carry their passion everywhere — as reliable and committed as the devotion this design represents. The Hybrid Metal finish is a commanding hybrid phone case combining rigid metal reinforcement with silicone cushioning — a bold protective phone cover that holds every vivid detail of this explosive composition with the grip of a match-winning tackle.

Precision-fitted for iPhones, Samsung Galaxy, OnePlus, Motorola, Realme, Vivo, OPPO and Google Pixel — a football art Android phone cover engineered for all major devices.

An electrifying customized phone case for football devotees and pop art lovers — and a spectacularly unique gift idea for anyone who wants designer phone covers that carry the full energy of the beautiful game. Shop this Messi pop art phone case online and let the greatest name in football announce itself from every angle.

Legends don't need volume — but this case gives it to them anyway."
262,Lionel Messi Phone Case Collection 03,https://black5creatives.in/product/,lionel-messi-phone-case-collection-03,https://black5creatives.in/product/lionel-messi-phone-case-collection-03,Messi Cover Collections,"Every goal. Every trophy. One eternal number ten. The Lionel Messi Phone Case Collection 03 layers a brooding close portrait, a goal celebration and a trophy lift across a Barcelona red-blue canvas with teal and crimson atmosphere — in Soft Silicone and Hybrid Metal. Compatible with iPhones, Samsung, OnePlus, Realme, Vivo, OPPO, Motorola and Google Pixel. Barça forever — this case knows it.","From the first touch to the last trophy — every moment of this story deserved to be framed.

The Lionel Messi Phone Case Collection 03 is the definitive Barcelona-era tribute, composing three iconic dimensions of a legendary career into one deeply atmospheric collage. A large, brooding close portrait dominates the foreground — warm amber-orange painterly tones, intense downward gaze, beard and dark hair rendered with expressive brushwork that captures the quiet weight of someone who carries greatness with complete calm. Above, a goal-celebrating figure in the Qatar Airways Barcelona kit punches the air with pure unbottled joy, while a mid-composition moment captures the serene triumph of a trophy held aloft. FC Barcelona's iconic red and blue vertical stripes bleed upward from the lower frame while the club crest anchors the lower right and a teal decorative panel adds atmospheric depth to the left.

The Soft Silicone variant is a slim, flexible silicone phone case that keeps your device protected through every season — as consistently excellent as the career this design honours. The Hybrid Metal finish is a premium hybrid phone case combining structured metal reinforcement with silicone cushioning — a refined protective phone cover as layered and storied as the legacy it carries.

Precision-fitted for iPhones, Samsung Galaxy, OnePlus, Motorola, Realme, Vivo, OPPO and Google Pixel — a football club tribute Android phone cover compatible with all major devices.

A profoundly meaningful customized phone case for Barcelona loyalists and football art collectors alike — and an exceptional unique gift idea for anyone who lived every chapter of this story and wants their designer phone cover to carry it forward. Shop this Messi Barcelona phone case online and keep the greatest chapter in football history alive on your device.

Some numbers retire — but the magic they carried never really leaves."
263,Cristiano Ronaldo Phone Case Collection 01,https://black5creatives.in/product/,cristiano-ronaldo-phone-case-collection-01,https://black5creatives.in/product/cristiano-ronaldo-phone-case-collection-01,Ronaldo Cover Collections,"Manchester. Madrid. Turin. Riyadh. Lisbon. One face behind them all. The Cristiano Ronaldo Phone Case Collection 01 charts a legendary career across split-panel kit tributes with a dominant Portugal-era portrait at its centre — in Soft Silicone and Hybrid Metal. Compatible with iPhones, Samsung, OnePlus, Realme, Vivo, OPPO, Motorola and Google Pixel. A career this extraordinary deserves a case to match.","Every chapter written in a different colour — every one of them legendary.

The Cristiano Ronaldo Phone Case Collection 01 is the most comprehensive career tribute in the collection, composing the full arc of one of football's most extraordinary journeys into a single, dynamically split collage. A dominant central portrait — warm painterly realism, intense upward gaze, Portugal teal kit with Adidas branding and the FPF crest — anchors the composition with the quiet authority of someone who has already done everything the sport had to offer. Radiating outward from this centre: a young figure in Manchester United's iconic red number 7 on the left, an Al-Nassr yellow action panel above and a Sporting CP green and white stripes figure to the right — each era given its own panel, its own colour, its own moment of recognition.

The Soft Silicone variant is a slim, flexible silicone phone case that protects your device through every season — as relentlessly consistent as the career it celebrates. The Hybrid Metal finish is a premium hybrid phone case combining rigid metal reinforcement with silicone cushioning — a trophy-grade protective phone cover as decorated and multi-dimensional as the legacy it carries.

Precision-fitted for iPhones, Samsung Galaxy, OnePlus, Motorola, Realme, Vivo, OPPO and Google Pixel — a football career tribute Android phone cover compatible with all major devices.

The ultimate customized phone case for CR7 devotees and football art collectors — and an extraordinary unique gift idea for anyone who followed every chapter and wants their designer phone cover to honour the complete story. Shop this Cristiano Ronaldo phone case online and carry the most celebrated football journey of a generation.

Some careers span clubs, continents and decades — and still manage to feel like one unbroken story."
264,Cristiano Ronaldo Phone Case Collection 02,https://black5creatives.in/product/,cristiano-ronaldo-phone-case-collection-02,https://black5creatives.in/product/cristiano-ronaldo-phone-case-collection-02,Ronaldo Cover Collections,"Red. Angular. Relentless. The Cristiano Ronaldo Phone Case Collection 02 renders CR7 in a striking geometric low-poly portrait over a desaturated career collage in vivid crimson and deep navy — in Soft Silicone and Hybrid Metal. Compatible with iPhones, Samsung, OnePlus, Realme, Vivo, OPPO, Motorola and Google Pixel. The most artistic tribute to the most dedicated player alive.","Behind every statistic and every record is a face that never stopped looking upward — this case captures exactly that face.

The Cristiano Ronaldo Phone Case Collection 02 takes a boldly different artistic approach to the CR7 tribute, constructing a large foreground portrait entirely from angular geometric colour facets in vivid crimson, warm coral and deep navy — a low-polygon digital cubism that transforms an iconic face into something between a painting and a sculpture. The intense upward gaze remains unmistakably present beneath the geometric abstraction while the red Adidas kit collar grounds the figure in competitive identity. Behind this dominant portrait, a desaturated blue-grey photographic collage of career moments — stadium scenes, celebration captures and a bold CR7 text reference — provides atmospheric depth without competing with the foreground's graphic power.

The Soft Silicone variant is a slim, flexible silicone phone case that carries this artistic tribute through every day — reliable and precise, reflecting the same qualities that define the player himself. The Hybrid Metal finish is a premium hybrid phone case combining structured metal reinforcement with silicone cushioning — a refined protective phone cover as geometrically considered as the portrait it holds.

Precision-fitted for iPhones, Samsung Galaxy, OnePlus, Motorola, Realme, Vivo, OPPO and Google Pixel — a contemporary football art Android phone cover compatible with all major devices.

A visually sophisticated customized phone case for CR7 fans with an eye for design — and a uniquely artistic gift idea for anyone who wants designer phone covers that treat football as the fine art it truly is. Shop this Cristiano Ronaldo geometric art phone case online and carry the most visually daring tribute in the collection.

Some portraits capture a likeness — this one captures the geometry of greatness itself."
265,Virat Kohli Phone Case Collection 01,https://black5creatives.in/product/,virat-kohli-phone-case-collection-01,https://black5creatives.in/product/virat-kohli-phone-case-collection-01,Virat Cover Collections,"A billion cheers behind one portrait. The Virat Kohli Phone Case Collection 01 frames a stunning pencil-sketch close portrait in Team India blue against a rich golden career collage — in Soft Silicone and Hybrid Metal. Compatible with iPhones, Samsung, OnePlus, Realme, Vivo, OPPO, Motorola and Google Pixel. Chase complete — carry the King wherever you go.","Every record has a face behind it — and this face has been the one behind more records than any other in a generation.

The Virat Kohli Phone Case Collection 01 is a meticulous career tribute built around a hyperrealistic pencil-engraving portrait of Indian cricket's most iconic figure. The foreground face is rendered with extraordinary fine crosshatch linework — every beard hair, every determined facial contour captured with the patience and precision of a hand-drawn masterwork — while a warm antique gold and amber photo-collage fills the background with the accumulated weight of a legendary career. Batting stances, mid-celebration moments, jersey number 18 references and visible ""VIRAT"" name fragments layer across the composition, surrounding the central portrait with the biographical richness it has earned. Team India's blue ODI kit with the BCCI crest anchors the figure at the base in unmistakable national identity.

The Soft Silicone variant is a slim, flexible silicone phone case built for fans who carry their cricket passion every day — as consistently reliable as a Kohli chase innings on the biggest stage. The Hybrid Metal finish is a premium hybrid phone case combining rigid metal reinforcement with silicone cushioning — a commanding protective phone cover as accomplished and decorated as the cricketer it honours.

Precision-fitted for iPhones, Samsung Galaxy, OnePlus, Motorola, Realme, Vivo, OPPO and Google Pixel — a cricket legend Android phone cover engineered for all major devices.

The ultimate customized phone case for Virat Kohli devotees and cricket art enthusiasts — and an extraordinary unique gift idea for anyone who bleeds blue and wants designer phone covers that carry the greatest batting legacy of this era. Shop this Virat Kohli phone case online and keep the King of Indian cricket by your side always.

Some chasers finish the job every single time — this case is for those who never doubted it."
266,Snowfall & Us - Couple Phone Case,https://black5creatives.in/product/,snowfall-us-couple-phone-case,https://black5creatives.in/product/snowfall-us-couple-phone-case,Christmas Cover Collections,"Snow falling. Sweaters matching. Nowhere else to be. Snowfall & Us - Couple Phone Case captures two Santa-hat figures watching a glowing winter city together in vivid cobalt blue, hot pink and Christmas red — in Soft Silicone and Hybrid Metal. Compatible with iPhones, Samsung, OnePlus, Realme, Vivo, OPPO, Motorola and Google Pixel. Winter is always better with the right company.","When the city glows pink and the snow falls just right — every moment becomes a memory worth keeping.

The Snowfall & Us - Couple Phone Case is a deeply festive and romantically charged illustration that pulls you directly into one of the most perfect winter nights imaginable. Two figures in matching red Nordic-pattern Christmas sweaters sit side by side, arms wrapped around each other, Santa hats dusted with snow, watching a glowing multi-storey city apartment building come alive with warm light. Each window tells its own small story — silhouetted figures visible behind hot pink and amber panes — while white snow drifts steadily across the deep cobalt blue sky and frosted bare tree branches frame the scene on both sides with quiet seasonal elegance.

The Soft Silicone variant is a lightweight, flexible silicone phone case that keeps your device protected through every season — as warmly reliable as the company in this design. The Hybrid Metal finish is a premium hybrid phone case combining structured metal reinforcement with silicone cushioning — a refined protective phone cover as layered and thoughtful as the scene it carries.

Precision-fitted for iPhones, Samsung Galaxy, OnePlus, Motorola, Realme, Vivo, OPPO and Google Pixel — a festive romantic Android phone cover compatible with all major devices.

A beautifully seasonal customized phone case for couples and winter romantics — and a deeply heartwarming unique gift idea for anyone who loves designer phone covers that capture the magic of togetherness in the coldest, cosiest season. Shop this Christmas couple phone case online and carry the warmest winter night wherever you go.

The city keeps glowing — but nothing outshines the warmth right beside you."
267,Christmas Phone Case Collection 01,https://black5creatives.in/product/,christmas-phone-case-collection-01,https://black5creatives.in/product/christmas-phone-case-collection-01,Christmas Cover Collections,"Santa hats on. Opinions unchanged. The Christmas Phone Case Collection 01 covers every inch in illustrated cats wearing Santa hats across a deep Christmas red canvas with snowflakes and winter sprigs — in Soft Silicone and Hybrid Metal. Compatible with iPhones, Samsung, OnePlus, Realme, Vivo, OPPO, Motorola and Google Pixel. The most festive cat parent case in existence.","They may not enjoy wearing the hat — but they have never looked better in it.

The Christmas Phone Case Collection 01 is an irresistibly festive all-over pattern that fills every centimetre of a deep Christmas red background with illustrated cats of all persuasions, each wearing a Santa hat with varying degrees of cooperative enthusiasm. Striped tabby cats, tuxedo cats and solid white cats are scattered freely across the composition — each individually rendered with fine ink-line fur detailing and a distinct personality that leaps off the surface. Between them, delicate white snowflake motifs, red and white palm-leaf botanical sprigs and scattered snow dot accents complete a pattern that has the warmth and handcrafted character of a beloved holiday textile.

The Soft Silicone variant is a lightweight, flexible silicone phone case that keeps your device protected through every festive season — as quietly dependable as a cat who has decided the season is acceptable this year. The Hybrid Metal finish is a premium hybrid phone case combining rigid metal structure with silicone cushioning — a refined protective phone cover as full of character as every cat in the design.

Perfectly fitted for iPhones, Samsung Galaxy, OnePlus, Motorola, Realme, Vivo, OPPO and Google Pixel — a festive seasonal Android phone cover compatible with all major devices.

The most delightful customized phone case for cat lovers navigating the festive season — and a wonderfully unique gift idea for anyone who wants designer phone covers that capture the true spirit of Christmas through the wisest possible lens. Shop this Christmas cat phone case online and spread the most feline festive energy of the year.

Every Christmas needs a cat — this one comes with an entire collection."
268,Christmas Phone Case Collection 02,https://black5creatives.in/product/,christmas-phone-case-collection-02,https://black5creatives.in/product/christmas-phone-case-collection-02,Christmas Cover Collections,"Nordic sweaters. Snowy night. Two bears who found their perfect moment. Christmas Phone Case Collection 02 wraps a whimsical polar bear pair in matching red knitwear before a glowing Christmas house on a deep teal starlit night — in Soft Silicone and Hybrid Metal. Compatible with iPhones, Samsung, OnePlus, Realme, Vivo, OPPO, Motorola and Google Pixel. The cosiest case of the season.","Somewhere between the snowfall and the starlight — two bears found exactly where they wanted to be.

The Christmas Phone Case Collection 02 is a masterwork of festive storybook illustration, composing every element of a perfect Christmas night into one warmly enchanting scene. Two polar bears — one smaller, one larger — stand together in matching red Nordic-pattern sweaters and scarves, nuzzling with quiet, contented affection before a tall red Dutch-gabled Christmas house whose glowing windows reveal tiny interior scenes of gifts, snowmen, curious cats and warm lamplight. Deep green snow-laden Christmas trees stand sentinel on both sides while gold stars scatter across a rich teal night sky and white snowfall dusts the entire foreground. A tiny snowman and penguin visible in the background add delightful depth to a scene that rewards every close look with something new and wonderful.

The Soft Silicone variant is a lightweight, flexible silicone phone case that keeps your device safe through every festive season — as warmly reliable as the bond between the two bears at the heart of this design. The Hybrid Metal finish is a premium hybrid phone case combining structured metal reinforcement with silicone cushioning — a beautifully crafted protective phone cover as full of warmth and care as the illustration it carries.

Perfectly fitted for iPhones, Samsung Galaxy, OnePlus, Motorola, Realme, Vivo, OPPO and Google Pixel — a festive storybook Android phone cover compatible with all major devices.

An extraordinarily heartwarming customized phone case for Christmas lovers and winter romantics alike — and the most enchanting unique gift idea for anyone who deserves designer phone covers that feel like a Christmas story come to life. Shop this polar bear Christmas phone case online and carry the most magical night of the year with you always.

The best Christmas stories always have two characters — and this one has the warmest ending."
269,Shah Rukh Khan SRK DDLJ Pose Phone Case Collection 01,https://black5creatives.in/product/,shah-rukh-khan-srk-ddlj-pose-phone-case-collection-01,https://black5creatives.in/product/shah-rukh-khan-srk-ddlj-pose-phone-case-collection-01,SRK Cover Collections,"Arms open. Bag on shoulder. Entire generation in their feelings. The Shah Rukh Khan SRK DDLJ Pose Phone Case Collection 01 immortalises Bollywood's most iconic romantic moment in bold comic-art against a blazing sunset canvas — in Soft Silicone and Hybrid Metal. Compatible with iPhones, Samsung, OnePlus, Realme, Vivo, OPPO, Motorola and Google Pixel. Bade bade deshon mein — this case belongs everywhere.","Some poses transcend cinema and become part of how a generation understands romance — this is that pose.

The Shah Rukh Khan SRK DDLJ Pose Phone Case Collection 01 transforms one of Bollywood's most beloved and universally recognised moments into a bold, graphic-novel style tribute. A young figure holds a bag slung casually over one shoulder in that unmistakable open-armed stance, warm expressive face meeting the viewer's gaze with the easy confidence of someone who already knows the ending. Behind him, a blazing fiery sunset erupts in comic-art posterized colour blocking — crimson and orange clouds, a glowing white sun disc on the horizon, electric telegraph poles cutting through the sky and a rural roadside setting that places the scene in the golden, unhurried world of 1990s Bollywood romance.

The Soft Silicone variant is a slim, flexible silicone phone case that keeps your device protected through every rewatch — as dependable and warmly present as the film itself. The Hybrid Metal finish is a premium hybrid phone case combining structured metal reinforcement with silicone cushioning — a cinematic protective phone cover as iconic as the pose it carries.

Precision-fitted for iPhones, Samsung Galaxy, OnePlus, Motorola, Realme, Vivo, OPPO and Google Pixel — a Bollywood pop-art Android phone cover compatible with all major devices.

A deeply nostalgic customized phone case for SRK devotees and Bollywood art lovers — and an unforgettable unique gift idea for anyone who grew up believing in the kind of love this pose promised. Shop this DDLJ tribute phone case online and carry the most romantic moment in Indian cinema history with you always.

Palat — and this case will always be right there waiting."
270,Shah Rukh Khan SRK King Khan Phone Case Collection 02,https://black5creatives.in/product/,shah-rukh-khan-srk-king-khan-phone-case-collection-02,https://black5creatives.in/product/shah-rukh-khan-srk-king-khan-phone-case-collection-02,SRK Cover Collections,"Pink bow. Round glasses. A hand reaching through the screen. The Shah Rukh Khan SRK King Khan Phone Case Collection 02 wraps a bespectacled young SRK in rosy tones and hand-scribbled crimson hearts across a white canvas — in Soft Silicone and Hybrid Metal. Compatible with iPhones, Samsung, OnePlus, Realme, Vivo, OPPO, Motorola and Google Pixel. King Khan forever — no arguments accepted.","Some faces were made to be loved — and no notebook, no canvas and certainly no phone case has ever been able to resist.

The Shah Rukh Khan SRK King Khan Phone Case Collection 02 is a delightfully fan-devoted tribute rendered in the language of pure affection. A close portrait of a young bespectacled SRK in a light grey kurta fills the composition — warm rosy tones washing over the illustration, that unmistakable expression caught mid-gesture with one hand reaching outward as if breaking the fourth wall entirely. A playful candy pink bow sits in the hair, and surrounding the entire portrait on every side — dozens of hand-scribbled crimson heart outlines of varying sizes scatter freely across the white background like the margins of a notebook belonging to the world's most devoted fan.

The Soft Silicone variant is a lightweight, flexible silicone phone case that keeps your device safe through every rewatch and every rewind — as consistently warm and present as the face on the front. The Hybrid Metal finish is a premium hybrid phone case combining structured metal reinforcement with silicone cushioning — a charming yet sturdy protective phone cover as enduring as the devotion this design captures.

Precision-fitted for iPhones, Samsung Galaxy, OnePlus, Motorola, Realme, Vivo, OPPO and Google Pixel — a Bollywood fan-art Android phone cover compatible with all major devices.

A joyfully personal customized phone case for SRK fans who wear their admiration proudly — and a uniquely heartfelt gift idea for anyone who grew up with King Khan and wants their designer phone cover to say so with full commitment. Shop this Shah Rukh Khan fan art phone case online and let the most beloved face in Indian cinema travel with you everywhere.

Some loves need no justification — they just need a pink bow and a whole lot of hearts."
271,Shah Rukh Khan SRK King Khan Phone Case Collection 03,https://black5creatives.in/product/,shah-rukh-khan-srk-king-khan-phone-case-collection-03,https://black5creatives.in/product/shah-rukh-khan-srk-king-khan-phone-case-collection-03,SRK Cover Collections,"Rome. Gifts. A swirling Van Gogh sky. Of course it's SRK. The Shah Rukh Khan SRK King Khan Phone Case Collection 03 places a joyful, gift-laden King Khan before the Colosseum under a deep violet painterly night — in Soft Silicone and Hybrid Metal. Compatible with iPhones, Samsung, OnePlus, Realme, Vivo, OPPO, Motorola and Google Pixel. Only one star deserves a sky this beautiful.","Somewhere between the Colosseum and the swirling stars — Bollywood's greatest romantic is exactly where he belongs.

The Shah Rukh Khan SRK King Khan Phone Case Collection 03 is the most artistically ambitious tribute in the collection, fusing the expressive painterly energy of Van Gogh's night sky with the irresistible warmth of a classic Bollywood European romance sequence. A joyful, forward-facing figure in a vivid magenta-red plaid shirt holds wrapped gifts with the effortless charm of someone who always arrives with exactly the right thing — the signature pink ribbon bow tucked into the hair completing the playful fan-art identity established across the series. Behind, the Roman Colosseum rises in warm amber architectural detail while a deep violet and indigo swirling sky — alive with expressive brushstroke movement and a glowing spiral moon — fills the upper composition with the drama of a painted masterwork.

The Soft Silicone variant is a lightweight, flexible silicone phone case that carries this European-Bollywood dreamscape through every day — as effortlessly charming and reliable as the figure it celebrates. The Hybrid Metal finish is a premium hybrid phone case combining structured metal reinforcement with silicone cushioning — a refined protective phone cover as artistically layered as the design it holds.

Precision-fitted for iPhones, Samsung Galaxy, OnePlus, Motorola, Realme, Vivo, OPPO and Google Pixel — a Bollywood fine-art Android phone cover compatible with all major devices.

A breathtakingly beautiful customized phone case for SRK fans with an eye for art — and a magnificently unique gift idea for anyone who believes their designer phone cover should carry both cinematic legend and fine art ambition. Shop this King Khan Van Gogh tribute phone case online and carry the most romantically painted night in Bollywood history.

Some stars need no stage — the whole sky rearranges itself around them."
272,Shah Rukh Khan SRK King Khan Phone Case Collection 04,https://black5creatives.in/product/,shah-rukh-khan-srk-king-khan-phone-case-collection-04,https://black5creatives.in/product/shah-rukh-khan-srk-king-khan-phone-case-collection-04,SRK Cover Collections,"One word. One face. An entire generation's definition of romance. The Shah Rukh Khan SRK King Khan Phone Case Collection 04 layers a brooding monochrome SRK portrait over a cream canvas saturated in crimson hand-lettered LOVE typography — in Soft Silicone and Hybrid Metal. Compatible with iPhones, Samsung, OnePlus, Realme, Vivo, OPPO, Motorola and Google Pixel. Because love always had one face.","Before anyone could define it properly — this face was already the answer.

The Shah Rukh Khan SRK King Khan Phone Case Collection 04 is the most typographically intimate portrait in the collection, stripping the tribute down to its most essential elements — one face, one word, repeated until the feeling becomes undeniable. A detailed pencil-sketch portrait of a young SRK in a flowing striped dupatta dominates the composition in crisp monochrome — windswept hair, intense brooding gaze, the quiet magnetism of someone who turned vulnerability into the most compelling quality in Indian cinema. Behind and around him, the word ""LOVE"" fills every inch of a warm ivory background in deep crimson hand-lettering — cursive, block, display and condensed styles layered freely in an organic typographic abundance that feels less like a design decision and more like something that simply had to happen.

The Soft Silicone variant is a slim, flexible silicone phone case that protects your device with the same consistent devotion this design embodies — always present, never intrusive. The Hybrid Metal finish is a premium hybrid phone case combining structured metal reinforcement with silicone cushioning — a refined protective phone cover as enduring and deeply felt as the emotion covering every inch of this canvas.

Precision-fitted for iPhones, Samsung Galaxy, OnePlus, Motorola, Realme, Vivo, OPPO and Google Pixel — a Bollywood romance art Android phone cover compatible with all major devices.

A profoundly personal customized phone case for SRK devotees and romantic art enthusiasts alike — and a deeply meaningful unique gift idea for anyone whose understanding of love was shaped by this face. Shop this King Khan love typography phone case online and carry the word that matters most, illustrated by the face that gave it meaning.

Some faces don't just inspire love — they become its definition."
273,Shah Rukh Khan SRK King Khan Phone Case Collection 05,https://black5creatives.in/product/,shah-rukh-khan-srk-king-khan-phone-case-collection-05,https://black5creatives.in/product/shah-rukh-khan-srk-king-khan-phone-case-collection-05,SRK Cover Collections,"Half light. Half shadow. Entirely unforgettable. The Shah Rukh Khan SRK King Khan Phone Case Collection 05 captures a cinematic close-up of a young SRK in dramatic crimson-red and amber split lighting against deep black — in Soft Silicone and Hybrid Metal. Compatible with iPhones, Samsung, OnePlus, Realme, Vivo, OPPO, Motorola and Google Pixel. Darkness never looked this compelling.","Some faces were made for close-ups — and no close-up has ever landed quite like this one.

The Shah Rukh Khan SRK King Khan Phone Case Collection 05 takes the most intimate approach in the entire series, filling the entire canvas with a single dramatic close-up portrait that needs absolutely nothing else. A vivid crimson-red light splits the left half of the face while warm amber-gold catches the right — the split illumination creating a tension between passion and composure that defines the subject perfectly. Tousled dark hair, an unmistakable knowing half-smile and eyes that have always communicated more than any dialogue — all rendered in hyper-detailed digital painting with a graphic novel texture that transforms a portrait into something closer to a cinematic poster masterwork.

The Soft Silicone variant is a slim, flexible silicone phone case that carries this dramatic portrait through every day — as quietly commanding and present as the face it depicts. The Hybrid Metal finish is a premium hybrid phone case combining structured metal reinforcement with silicone cushioning — a darkly refined protective phone cover as layered in character as the illustration it holds.

Precision-fitted for iPhones, Samsung Galaxy, OnePlus, Motorola, Realme, Vivo, OPPO and Google Pixel — a Bollywood cinematic art Android phone cover compatible with all major devices.

A strikingly dramatic customized phone case for SRK devotees who prefer their tribute intense and unflinching — and a powerfully unique gift idea for anyone who wants designer phone covers that carry the full magnetic weight of the King. Shop this cinematic SRK portrait phone case online and carry the most compelling close-up in Bollywood on your device.

The smile says everything — the shadows just make sure you pay attention.
"
274,Lionel Messi Phone Case Collection 04,https://black5creatives.in/product/,lionel-messi-phone-case-collection-04,https://black5creatives.in/product/lionel-messi-phone-case-collection-04,Messi Cover Collections,"That roar. That shirt. That year. The Lionel Messi Phone Case Collection 04 captures a raw peak-era Barcelona goal celebration in vivid blue and garnet against a distressed grunge type canvas — in Soft Silicone and Hybrid Metal. Compatible with iPhones, Samsung, OnePlus, Realme, Vivo, OPPO, Motorola and Google Pixel. 2011. The world never forgot.","Some goals don't just go in — they define an era, and this celebration defined the entire world of football for a generation.

The Lionel Messi Phone Case Collection 04 captures the raw, unbottled joy of a peak Barcelona Champions League celebration with graphic ferocity. A full-body figure in Barcelona's iconic blue and garnet kit tears across the composition — mouth open in a primal roar, fist clenched against the chest in that unmistakable shirt-grabbing moment that said everything words never could. The figure bursts out of a heavily distressed typographic background of bold blue and crimson fragments, number references and a ""2011"" anchor at the base that places this moment precisely in the greatest chapter of club football history — rendered with the gritty texture of a stadium mural painted by the most passionate Culer on earth.

The Soft Silicone variant is a flexible, impact-absorbing silicone phone case that keeps your device protected through every match — as dependably excellent as the player this design immortalises. The Hybrid Metal finish is a commanding hybrid phone case combining rigid metal reinforcement with silicone cushioning — a seriously built protective phone cover as fierce and uncompromising as the celebration it captures.

Precision-fitted for iPhones, Samsung Galaxy, OnePlus, Motorola, Realme, Vivo, OPPO and Google Pixel — a football grunge art Android phone cover engineered for all major devices.

An electrifying customized phone case for Barcelona loyalists and Champions League devotees — and a powerfully visceral unique gift idea for anyone whose greatest football memories belong to that era and those designer phone covers that carry the full roar of it. Shop this Messi celebration phone case online and relive the greatest moment every single day.

Some years only come once — but the feeling they left never really leaves."
275,Cristiano Ronaldo CR7 Phone Case Collection 03,https://black5creatives.in/product/,cristiano-ronaldo-cr7-phone-case-collection-03,https://black5creatives.in/product/cristiano-ronaldo-cr7-phone-case-collection-03,Ronaldo Cover Collections,"Arms up. Head back. You already know the sound. The Cristiano Ronaldo CR7 Phone Case Collection 03 freezes the iconic SIUU celebration in vivid red against a glittering silver typographic dark canvas — in Soft Silicone and Hybrid Metal. Compatible with iPhones, Samsung, OnePlus, Realme, Vivo, OPPO, Motorola and Google Pixel. The most celebrated moment in football belongs on your phone.","One sound. Two arms. An entire planet responding in unison — this case captures the exact moment it all began.

The Cristiano Ronaldo CR7 Phone Case Collection 03 immortalises the most theatrically iconic goal celebration in modern football history through a bold rear-view composition that puts you right in the stadium crowd looking up. A figure in Manchester United's crimson number 7 kit stands with both arms raised fully skyward — curly dark hair, characteristic arm tattoos visible on raised wrists, the full physical commitment of a celebration that was never designed to be subtle and has never needed to be. 

Surrounding this triumphant silhouette, fragmented ""SIUU"" lettering in glittering silver-white cascades across a deep dark textured background at varying scales — the sound itself made visible, shimmering like stadium floodlights caught in a long exposure.
The Soft Silicone variant is a flexible, slim silicone phone case that keeps your device protected through every match and every rewatch — as dependably excellent as the player it celebrates. The Hybrid Metal finish is a premium hybrid phone case combining rigid metal reinforcement with silicone cushioning — an electrifying protective phone cover as theatrical and commanding as the moment it immortalises.

Precision-fitted for iPhones, Samsung Galaxy, OnePlus, Motorola, Realme, Vivo, OPPO and Google Pixel — a football celebration art Android phone cover compatible with all major devices.

The ultimate customized phone case for CR7 fans and Manchester United devotees — and an exhilarating unique gift idea for anyone who wants designer phone covers that carry the single most recognisable moment in modern football. Shop this SIUU Ronaldo phone case online and let the whole world hear it every time you pick up your phone.

There are celebrations — and then there is SIUU. Nothing else has ever come close."
276,Cristiano Ronaldo Phone Case Collection 04,https://black5creatives.in/product/,cristiano-ronaldo-phone-case-collection-04,https://black5creatives.in/product/cristiano-ronaldo-phone-case-collection-04,Ronaldo Cover Collections,"That smile. That number. That legacy. Cristiano Ronaldo Phone Case Collection 04 layers the entire CR7 journey into one stunning comic-art portrait — from Manchester to the world. Available in Soft Silicone and Hybrid Metal for iPhones, Samsung, OnePlus, Motorola, Realme, Vivo, OPPO, and Google Pixel. SIU — your phone just levelled up.","The goals are countable. The hunger never was. And that smile has been the same since day one.

The Cristiano Ronaldo Phone Case Collection 04 is a richly layered comic-art tribute to the complete CR7 legacy — from skinny teenager in a red No.7 shirt to the most recognised athlete on the planet. A confident, warm close-up portrait of Ronaldo dominates the foreground in painterly selective colour, while behind him a dense pop-art comic collage tells the whole story — the iconic shirtless celebration with every muscle blazing, the back of that Manchester United jersey with ""RONALDO 7"" printed on it, energetic comic typography bursting across the frame, halftone dot textures, and layered action silhouettes that compress an entire career into a single breathtaking background.

The depth of storytelling in this football-themed phone case — career-spanning, nostalgia-rich, and visually explosive — makes it the most complete CR7 tribute in the collection.

The Soft Silicone variant is a flexible, precise silicone phone case that keeps the warm portrait tones and dense comic panel detail sharp and vivid through every daily carry. For fans who protect their idols with the same dedication CR7 brings to the pitch, the Hybrid Metal edition delivers a premium hybrid phone case with solid metal reinforcement and a tough protective phone cover built for champions.

Engineered for iPhones, Samsung Galaxy, OnePlus, Motorola, Realme, Vivo, OPPO, and Google Pixel — the definitive football-themed Android phone cover and iPhone case for every Ronaldo devotee across every era of his career.

This iconic customized phone case is the ultimate unique gift idea for CR7 fans, football art collectors, and anyone who grew up watching that number seven run at full tilt and believing anything was possible. Shop this legendary designer phone case online and carry the greatest mentality in football history with you.

SIUUU — the legacy lives on every time you pick up your phone."
277,Dapper Gentleman - Designer/Aesthetic Phone Case,https://black5creatives.in/product/,dapper-gentleman-designeraesthetic-phone-case,https://black5creatives.in/product/dapper-gentleman-designeraesthetic-phone-case,Aesthetic Cover Collections,"Wine in hand. Glasses on. Absolutely unbothered. Dapper Gentleman - Designer/Aesthetic Phone Case is a boldly stylish tribute to the art of being effortlessly sophisticated in a richly patterned burnt sienna and gold design. Available in Soft Silicone and Hybrid Metal for iPhones, Samsung, OnePlus, Motorola, Realme, Vivo, OPPO, and Google Pixel. Stay dapper. Always.","Some people don't enter a room — they become the atmosphere the moment they arrive.

The Dapper Gentleman Designer Aesthetic Phone Case is a visually commanding celebration of refined personal style rendered in a bold flat-graphic Art Deco portrait style. A mustachioed figure with slicked-back hair and gold-rimmed round glasses smiles with the quiet confidence of someone who has never once dressed in a hurry — wine glass raised, striped blazer on, not a single detail out of place. The richly layered background of deep brown tribal geometric patterns, spiral motifs, concentric leaf designs, and maze-like script fills the warm burnt sienna canvas like a handcrafted textile from a culture that has always understood that elegance is never accidental.

The Soft Silicone variant is a sleek, lightweight silicone phone case that preserves every intricate pattern detail and warm earthy tone of this richly composed artwork with exceptional clarity. For those who carry themselves with the same deliberate refinement as the figure in the design, the Hybrid Metal edition offers a premium hybrid phone case with a solid metal frame and a sophisticated protective phone cover as considered and composed as the dapper aesthetic it holds.

Precision-fitted for iPhones, Samsung Galaxy, OnePlus, Motorola, Realme, Vivo, OPPO, and Google Pixel — a culturally expressive, style-forward Android phone cover and iPhone case for every design-conscious individual who understands that how you present yourself is an art form.

This distinctively crafted customized phone case is a perfect unique gift idea for style enthusiasts, design lovers, and anyone whose personal aesthetic deserves a case that actually keeps up. Shop this standout designer phone case online and let your phone announce your arrival before you even speak.

Glasses on. Wine poured. The room is yours."
278,Heritage Portrait -Designer/Aesthetic Phone Case,https://black5creatives.in/product/,heritage-portrait-designeraesthetic-phone-case,https://black5creatives.in/product/heritage-portrait-designeraesthetic-phone-case,Aesthetic Cover Collections,"No explanations. No apologies. Just presence. Heritage Portrait - Designer/Aesthetic Phone Case frames a bold, culturally layered portrait in vivid crimson tribal patterns and intricate mandala linework. Available in Soft Silicone and Hybrid Metal for iPhones, Samsung, OnePlus, Motorola, Realme, Vivo, OPPO, and Google Pixel. Own your roots.","Some faces carry centuries in their expression — and this one doesn't need to say a word.

The Heritage Portrait Designer Aesthetic Phone Case is a striking fusion of contemporary portrait art and ancestral folk-pattern tradition. A sharply defined figure — kohl-lined eyes, strong brows, small earring, cigarette smoke curling upward — holds the central frame in monochrome with quiet, unshakeable authority. Behind the figure, intricate zentangle mandala patterns radiate outward in white linework, while bold red side panels and a header band pulse with primitive white tribal symbols — spiral eyes, curved totemic lines, and ancient face-like forms that feel simultaneously decorative and deeply coded with meaning. The triptych layout gives this heritage-themed phone case a structured, almost ceremonial quality — as if the figure has always belonged within this frame.

The Soft Silicone variant is a precise, lightweight silicone phone case that honours every fine mandala line and the stark red-white-black contrast of this culturally rich composition with complete fidelity. For those who carry their identity with deliberate strength, the Hybrid Metal edition delivers a commanding hybrid phone case with solid metal reinforcement and a premium protective phone cover as rooted and uncompromising as the design it holds.

Engineered for iPhones, Samsung Galaxy, OnePlus, Motorola, Realme, Vivo, OPPO, and Google Pixel — a culturally expressive Android phone cover and iPhone case for every individual who believes personal identity is the most powerful aesthetic of all.

This boldly original customized phone case is a deeply meaningful unique gift idea for art lovers, heritage design enthusiasts, and anyone whose sense of self runs deeper than any trend. Shop this distinctive designer phone case online and carry the weight of something real.

The roots run deep. The stare says everything."
279,Rhythm and Bloom - Designer/Aesthetic Phone Case,https://black5creatives.in/product/,rhythm-and-bloom-designeraesthetic-phone-case,https://black5creatives.in/product/rhythm-and-bloom-designeraesthetic-phone-case,Aesthetic Cover Collections,"Eyes closed. Music on. Surrounded by lotuses and ancient pattern wisdom. Rhythm and Bloom - Designer/Aesthetic Phone Case is an Art Deco-botanical masterpiece in deep espresso browns and warm terracotta. Available in Soft Silicone and Hybrid Metal for iPhones, Samsung, OnePlus, Motorola, Realme, Vivo, OPPO, and Google Pixel. Find your frequency.","When the right song plays, the whole world rearranges itself into something beautiful — and this case lives permanently in that moment.

The Rhythm and Bloom Designer Aesthetic Phone Case is a richly layered Art Deco botanical portrait that celebrates the sacred ritual of listening deeply. A sculpted figure with closed eyes wears vintage over-ear headphones featuring a warm orange concentric ring detail, completely surrendered to sound, as intricately rendered lotus flowers and elongated botanical leaves in various stages of bloom frame the composition in delicate woodcut-style linework. The entire background pulses with dark geometric ancient script patterns — layered, coded, ancestral — giving this music-themed phone case a visual depth that rewards every long look with something new to discover. The all-brown tonal palette — espresso, terracotta, warm sand — with the single soft peach of the figure's skin creates a monochromatic luxuriance unlike any other design in the collection.

The Soft Silicone variant is a sleek, lightweight silicone phone case that preserves the rich tonal depth and intricate botanical linework of this artwork with complete fidelity through every carry. For those who want their aesthetic anchored in something truly substantial, the Hybrid Metal edition delivers a refined hybrid phone case combining solid metal structure with a premium protective phone cover as composed and deliberate as the design itself.

Perfectly fitted for iPhones, Samsung Galaxy, OnePlus, Motorola, Realme, Vivo, OPPO, and Google Pixel — a richly expressive art-inspired Android phone cover and iPhone case for every music lover and design enthusiast who refuses to settle for ordinary.

This extraordinarily crafted customized phone case is an inspired unique gift idea for music lovers, botanical art enthusiasts, and anyone whose sense of beauty runs both deep and quiet. Shop this exceptional designer phone case online and carry that state of perfect absorption with you everywhere.

Press play. Let the blooms begin."
280,Kisses Phone Case Collection 02,https://black5creatives.in/product/,kisses-phone-case-collection-02,https://black5creatives.in/product/kisses-phone-case-collection-02,Lips Cover Collections,"Bold. Red. Unapologetic. Kisses Phone Case Collection 02 covers your phone in oversized lipstick prints across a crisp white canvas — layered with butterflies, script and three stunning shades of red. Available in Soft Silicone and Hybrid Metal for iPhones, Samsung, OnePlus, Motorola, Realme, Vivo, OPPO, and Google Pixel. Leave your mark.","Some statements don't need words — just the right shade of red and absolutely zero hesitation.

The Kisses Phone Case Collection 02 is a boldly glamorous pattern design that turns every glance at your phone into a confident declaration. Oversized lipstick kiss prints in deep burgundy, vivid red, and soft coral-blush scatter freely across a crisp white canvas in a composition that feels simultaneously spontaneous and impossibly chic. Translucent grey butterfly silhouettes drift lightly between the prints, a ghosted handwritten letter script creates a romantic undertone beneath the surface, and tiny star and daisy motifs fill the negative space with just enough delicacy to balance the boldness. The result is a kiss-print phone case that manages to be both dramatically confident and effortlessly feminine without ever trying too hard.

The Soft Silicone variant is a smooth, lightweight silicone phone case that keeps the rich red-tone contrast and textured kiss-print detail vivid and sharp against the clean white ground through every daily carry. For a more polished presence, the Hybrid Metal edition delivers a refined hybrid phone case with a solid metal frame and a sleek protective phone cover that gives this glamorous design the premium finish it deserves.

Designed to fit iPhones, Samsung Galaxy, OnePlus, Motorola, Realme, Vivo, OPPO, and Google Pixel — a boldly expressive romantic Android phone cover and iPhone case for every confident, style-forward individual out there.

This strikingly original customized phone case is a perfect unique gift idea for lovers of bold fashion aesthetics, romantic design, and anyone whose personality leaves a lasting impression in every room. Shop this gorgeous designer phone case online and carry that undeniable energy with you everywhere.

Red on white. Mark made. No apologies needed."
281,Kisses Phone Case Collection 03,https://black5creatives.in/product/,kisses-phone-case-collection-03,https://black5creatives.in/product/kisses-phone-case-collection-03,Lips Cover Collections,"Not one kiss. Not ten. Every single inch covered. Kisses Phone Case Collection 03 goes full maximalist with an all-over white kiss print explosion on electric violet-purple — zero empty space, zero apologies. Available in Soft Silicone and Hybrid Metal for iPhones, Samsung, OnePlus, Motorola, Realme, Vivo, OPPO, and Google Pixel. More is more.","Collection 02 scattered kisses with intention. Collection 03 decided intention was overrated and covered everything.

The Kisses Phone Case Collection 03 is a full-throttle maximalist statement that fills every single millimetre of the case with white lipstick kiss prints on an electric violet-purple canvas — no white space, no breathing room, no compromise. Dozens of white kiss prints in varying sizes and angles layer over each other in a dense, rhythmic all-over pattern, while tonal purple shadow kisses beneath add unexpected dimensional depth to what could have been a flat repeat. Faint graffiti-style script lettering ghosted through the deep purple background adds a subtle street-edge texture that keeps the maximalism feeling dynamic rather than static. Where Collection 02 plays with negative space and multi-tone elegance, this kiss-print phone case is pure saturated confidence from corner to corner.

The Soft Silicone variant is a vibrant, flexible silicone phone case that keeps the electric purple ground and crisp white kiss print contrast vivid and sharp through every daily carry — exactly as bold as the day it arrived. For those who want their maximalism protected by something equally uncompromising, the Hybrid Metal edition delivers a premium hybrid phone case with a solid metal frame and a sleek protective phone cover that gives this high-energy design the structural confidence it commands.

Designed for iPhones, Samsung Galaxy, OnePlus, Motorola, Realme, Vivo, OPPO, and Google Pixel — a vibrantly expressive Android phone cover and iPhone case for every bold, maximalist personality who believes more is absolutely always more.

This unapologetically vibrant customized phone case is the perfect unique gift idea for fashion-forward individuals, bold aesthetic lovers, and anyone whose energy fills every room the moment they walk in. Shop this striking designer phone case online and let your phone be the loudest, most confident thing you carry.

Every inch spoken for. Every kiss intentional. All purple. All yours."
282,Kisses Phone Case Collection 04,https://black5creatives.in/product/,kisses-phone-case-collection-04,https://black5creatives.in/product/kisses-phone-case-collection-04,Lips Cover Collections,"Purple was bold. This is fire. Kisses Phone Case Collection 04 turns the all-over kiss print maximalism up to crimson — wall-to-wall white kisses on deep red passion, zero breathing room, all heat. Available in Soft Silicone and Hybrid Metal for iPhones, Samsung, OnePlus, Motorola, Realme, Vivo, OPPO, and Google Pixel. Burn bright.","Collection 03 owned the room in purple. Collection 04 set it on fire in red.

The Kisses Phone Case Collection 04 takes the same fearless all-over kiss-print maximalism and charges it with the hottest, most passionate colour energy in the entire series. White lipstick prints fill every millimetre of the deep crimson canvas in an endlessly dense rhythm — layered over hot magenta-pink tonal shadow kisses that create a warm, glowing dimensional depth beneath the surface. Faint red graffiti script ghosts through the background adding a raw urban texture that keeps the blazing red palette from ever feeling one-dimensional. The result is a kiss-print phone case that radiates a heat and urgency entirely its own — where Collection 02 whispered glamour against white and Collection 03 commanded attention in electric purple, Collection 04 simply burns.

The Soft Silicone variant is a vibrant, flexible silicone phone case that keeps the deep crimson ground and crisp white kiss contrast at full intensity through every daily carry — as bold on day one hundred as it was on day one. For those who want their passionate aesthetic held in something equally fierce, the Hybrid Metal edition delivers a premium hybrid phone case with a solid metal frame and a polished protective phone cover that gives this red-hot design the premium presence it demands.

Built for iPhones, Samsung Galaxy, OnePlus, Motorola, Realme, Vivo, OPPO, and Google Pixel — a fiercely expressive Android phone cover and iPhone case for every bold, passionate, red-is-my-colour personality out there.

This intensely vibrant customized phone case is the perfect unique gift idea for lovers of passionate aesthetics, maximalist design, and anyone who has always believed that red is not just a colour — it is a statement of intent. Shop this striking designer phone case online and carry that crimson confidence everywhere you go.

Red. Hot. Relentless. All yours."
283,Shinchan Phone Case Collection 02,https://black5creatives.in/product/,shinchan-phone-case-collection-02,https://black5creatives.in/product/shinchan-phone-case-collection-02,Shinchan Cover Collections,"Khas? Nahi. Legendary? Absolutely. Shinchan Phone Case Collection 02 pairs the internet's most relatable Hindi meme quote with Shinchan's iconic bent-over chaos on a blinding citrus yellow background. Available in Soft Silicone and Hybrid Metal for iPhones, Samsung, OnePlus, Motorola, Realme, Vivo, OPPO, and Google Pixel. Own the ordinariness.","Some phone cases make a statement. This one makes everyone around you snort-laugh and then immediately relate.

The Shinchan Phone Case Collection 02 is a brilliantly chaotic meme-culture design that captures the most universally relatable Hindi sentiment in the most perfectly unhinged way. Bold mixed typography dominates the upper half — ""AB MEIN ITNA BHI KUCHH KHAS NHI"" — with the word ""KHAS"" blown up in massive dark crimson letters that take up half the frame, because if you're going to admit to being ordinary, you do it at full volume. Shinchan himself appears below in his signature red t-shirt and yellow shorts, bent over in that iconic pose of someone who has completely given up on being impressive — a white-outlined cartoon sticker against a blazing citrus lemon-slice pattern background that somehow makes the whole thing even louder and more perfect.

Completely distinct from Collection 01's visual approach, Collection 02 leans fully into the meme-quote format — bold, bilingual, and utterly self-aware.

The Soft Silicone variant is a flexible, bright silicone phone case that keeps the vivid citrus yellow background and bold crimson typography looking sharp and high-energy through every carry. For fans who want their beloved chaos protected seriously, the Hybrid Metal edition delivers a fun yet tough hybrid phone case with solid metal reinforcement and a durable protective phone cover that outlasts every phase of self-doubt the quote describes.

Compatible with iPhones, Samsung Galaxy, OnePlus, Motorola, Realme, Vivo, OPPO, and Google Pixel — a hilariously relatable Android phone cover and iPhone case for every Shinchan fan and Hindi meme enthusiast out there.

This joyfully original customized phone case is a perfect unique gift idea for Shinchan lovers, meme culture devotees, and anyone whose entire personality is built on being gloriously, unapologetically ordinary. Shop this one-of-a-kind designer phone case online and wear the most honest statement you'll ever carry.

Khas nahi — but completely unforgettable."
284,Shinchan Phone Case Collection 03,https://black5creatives.in/product/,shinchan-phone-case-collection-03,https://black5creatives.in/product/shinchan-phone-case-collection-03,Shinchan Cover Collections,"Nobody does love quite like Shinchan — loud, cheeky, and completely irresistible. Shinchan Phone Case Collection 03 puts the original chaos kid in full finger-heart mode on a blush pink heart-scatter background. Available in Soft Silicone and Hybrid Metal for iPhones, Samsung, OnePlus, Motorola, Realme, Vivo, OPPO, and Google Pixel. Send love, Shinchan style.","Most people send love quietly. Shinchan throws both hands up, makes the biggest finger-heart possible, and stares at you with that one wide eye like he invented the concept.

The Shinchan Phone Case Collection 03 is the most warmly wholesome entry in the Shinchan series — a Valentine's-energy design that puts the world's favourite chaotic child front and centre in full romantic mode. Shinchan stands in his signature red t-shirt and yellow shorts, both hands raised in an enthusiastic finger-heart gesture, expression wide-eyed and completely committed, against a blush-pink canvas densely scattered with hearts in three distinct styles — bold solid crimson, dashed outline pink, and large statement red — that fill every corner with a relentless cheerfulness. Where Collection 02 leaned into self-deprecating meme energy, Collection 03 is pure, uncomplicated, Shinchan-brand affection.

The Soft Silicone variant is a soft, lightweight silicone phone case that keeps the blush pink background and vivid crimson heart scatter looking fresh and sweet through every daily carry. For those who want their love for Shinchan protected with proper conviction, the Hybrid Metal edition delivers a cheerful yet sturdy hybrid phone case with solid metal reinforcement and a reliable protective phone cover that handles every drop with the same resilience Shinchan handles every telling-off.

Designed to fit iPhones, Samsung Galaxy, OnePlus, Motorola, Realme, Vivo, OPPO, and Google Pixel — an irresistibly charming kawaii Android phone cover and iPhone case for every Shinchan devotee and cartoon-loving romantic out there.

This delightfully cheerful customized phone case is the most joyful unique gift idea for Shinchan fans, kawaii art collectors, and anyone whose love language is cartoon characters making finger-hearts at full commitment. Shop this adorable designer phone case online and share a little Shinchan love with everyone who sees it.

Finger-hearts up. Love delivered. Shinchan approved."
285,Shinchan Phone Case Collection 04,https://black5creatives.in/product/,shinchan-phone-case-collection-04,https://black5creatives.in/product/shinchan-phone-case-collection-04,Shinchan Cover Collections,"Even Shinchan needs a nap — and only the moon will do. Shinchan Phone Case Collection 04 tucks the world's most chaotic child into a golden crescent in a dreamy midnight starfield. Available in Soft Silicone and Hybrid Metal for iPhones, Samsung, OnePlus, Motorola, Realme, Vivo, OPPO, and Google Pixel. Sweet dreams, little chaos.","After a full day of causing absolute havoc, even Shinchan has to sleep somewhere — and he chose the moon, naturally.

The Shinchan Phone Case Collection 04 is the most tenderly peaceful entry in the entire Shinchan series — a celestial lullaby design that captures everyone's favourite chaotic kid in his most unexpectedly precious state. Shinchan lies draped across a beautifully gradient crescent moon, white pyjamas dotted with small colourful details, tiny mustache visible, one arm hanging loosely as he sleeps with complete and total abandon. The crescent transitions from warm golden yellow on the bright side to a cool silver-blue luminescence on the shadow side, floating in a rich deep midnight navy sky scattered with golden yellow and grey-blue stars of every size. The serene starfield texture and soft glowing moon make this kawaii space phone case feel like a bedtime story you never want to end.

A complete visual departure from Collection 02's meme-quote energy and Collection 03's finger-heart romance, Collection 04 slows everything down to the quietest, sweetest frequency in the series.

The Soft Silicone variant is a snug, lightweight silicone phone case that preserves the deep navy starfield and warm golden moon glow with soft, luminous clarity through every carry. For those who want their beloved sleeping Shinchan protected with the utmost care, the Hybrid Metal edition delivers a premium hybrid phone case with a solid metal frame and a gentle yet durable protective phone cover — as dependable as a good night's sleep.

Designed to fit iPhones, Samsung Galaxy, OnePlus, Motorola, Realme, Vivo, OPPO, and Google Pixel — a dreamily charming kawaii Android phone cover and iPhone case for every Shinchan fan and stargazing soul out there.

This celestially soft customized phone case is a wonderfully unique gift idea for Shinchan devotees, space dreamers, and anyone who finds the idea of a cartoon child napping on the moon genuinely, deeply comforting. Shop this enchanting designer phone case online and let a little moonlight follow you through every day.

Chaos paused. Stars out. Shinchan is sleeping — don't wake him."
286,Doraemon and Nobita Phone Case Collection 04,https://black5creatives.in/product/,doraemon-and-nobita-phone-case-collection-04,https://black5creatives.in/product/doraemon-and-nobita-phone-case-collection-04,Doraemon Cover Collections,"Two best friends. One enormous golden moon. Memories that last forever. Doraemon and Nobita Phone Case Collection 04 captures that perfect moonlit night of pure friendship in stunning cinematic detail. Available in Soft Silicone and Hybrid Metal for iPhones, Samsung, OnePlus, Motorola, Realme, Vivo, OPPO, and Google Pixel. Keep the magic close.","There are nights that stay with you forever — and this is one of them.

The Doraemon and Nobita Phone Case Collection 04 is a breathtakingly cinematic tribute to the most beloved friendship in anime history. Doraemon sits with his signature full-face grin and golden bell gleaming, while Nobita turns upward with wide-eyed wonder behind his round glasses, both bathed in the warm amber glow of a massive full moon that fills the entire upper half of the scene. The deep midnight teal sky scattered with faint stars and luminous particles frames the two friends in a moment of pure, uncomplicated joy — a cinematic composition that gives this Doraemon-themed phone case the visual warmth and emotional depth of the most treasured scene from the most beloved chapter of childhood.

The Soft Silicone variant is a vibrant, lightweight silicone phone case that preserves the full cinematic colour depth — from the midnight teal sky to the molten amber moon glow — with beautiful clarity through every daily carry. For the ultimate tribute to this legendary friendship, the Hybrid Metal edition delivers a premium hybrid phone case with solid metal reinforcement and a refined protective phone cover as enduring as the bond it celebrates.

Designed to fit iPhones, Samsung Galaxy, OnePlus, Motorola, Realme, Vivo, OPPO, and Google Pixel — a warmly nostalgic anime Android phone cover and iPhone case for every Doraemon fan who grew up believing a robot cat from the future could make everything better.

This luminous customized phone case is the most heartfelt unique gift idea for Doraemon lovers, anime collectors, and anyone whose childhood was made infinitely better by these two. Shop this magical designer phone case online and carry that golden moonlit friendship with you always.

The moon is full. The friends are here. Some nights never end."
287,Doraemon and Nobita Phone Case Collection 03,https://black5creatives.in/product/,doraemon-and-nobita-phone-case-collection-03,https://black5creatives.in/product/doraemon-and-nobita-phone-case-collection-03,Doraemon Cover Collections,"Running into the sunset with your best friend and absolutely nowhere to be — this is it. Doraemon and Nobita Phone Case Collection 03 brings that pure Ghibli-warm wildflower adventure to life in stunning emerald and gold. Available in Soft Silicone and Hybrid Metal for iPhones, Samsung, OnePlus, Motorola, Realme, Vivo, OPPO, and Google Pixel. Run toward the good stuff.","No gadgets needed. No wishes left to make. Just two best friends, a field full of daisies, and a sunset that looks like it was painted just for them.

The Doraemon and Nobita Phone Case Collection 03 is a Ghibli-warm explosion of pure childhood joy — a lush, painterly adventure scene that captures the exact feeling of running somewhere for no reason except that the moment is too good to stand still in. Chibi Nobita sprints through a wildflower field with his mouth thrown open in full belly-laugh joy while chibi Doraemon bounces beside him with that impossibly wide signature grin, both framed by a breathtaking teal-to-emerald sky scattered with golden firefly lights, dramatic amber clouds, and a blazing sun sinking at the horizon behind dark tree silhouettes. White daisies dot the lush green foreground, and the entire composition glows with the kind of warm, alive colour that only the very best animated films ever quite achieve.

Completely distinct from Collection 04's serene moonlit stillness, Collection 03 is pure kinetic joy — movement, laughter, and an enormous sunset that asks nothing except that you keep running toward it.

The Soft Silicone variant is a vibrant, lightweight silicone phone case that captures the full richness of this emerald-and-gold palette with exceptional colour clarity through every daily carry. For fans who want this joyful scene protected with proper conviction, the Hybrid Metal edition delivers a premium hybrid phone case with solid metal reinforcement and a warm, durable protective phone cover as full of life as the design it holds.

Fits iPhones, Samsung Galaxy, OnePlus, Motorola, Realme, Vivo, OPPO, and Google Pixel — a joyfully nostalgic anime Android phone cover and iPhone case for every Doraemon fan who still remembers what running purely for the joy of it felt like.

This radiant customized phone case is a perfect unique gift idea for Doraemon lovers, Ghibli art enthusiasts, and anyone who believes the best adventures start in a field and end at a golden horizon. Shop this beautiful designer phone case online and carry that running-into-the-sunset feeling with you every day.

Sunset ahead. Best friend beside you. Keep running."
288,Doraemon and Nobita Phone Case Collection 02,https://black5creatives.in/product/,doraemon-and-nobita-phone-case-collection-02,https://black5creatives.in/product/doraemon-and-nobita-phone-case-collection-02,Doraemon Cover Collections,"Hoodies on. Headphones ready. Coffee universe unlocked. Doraemon and Nobita Phone Case Collection 02 reimagines the iconic duo as the ultimate lo-fi streetwear pair in a rich, all-brown coffee-aesthetic doodle world. Available in Soft Silicone and Hybrid Metal for iPhones, Samsung, OnePlus, Motorola, Realme, Vivo, OPPO, and Google Pixel. Stay cosy. Stay iconic.","What if Doraemon traded the fourth-dimensional pocket for an oversized hoodie, Nike kicks, and the most unbothered energy imaginable? Collection 02 answers that question perfectly.

The Doraemon and Nobita Phone Case Collection 02 is the most stylistically unexpected entry in the series — a richly sepia-toned street-kawaii reimagining of the iconic duo in full lo-fi urban mode. Doraemon rocks an oversized brown hoodie with headphones slung around his neck and his classic grumpy-unbothered face that somehow makes him even more endearing, while Nobita stands beside him in a matching outfit with a knowing wink and striped socks. The entire background is a densely packed doodle universe of warm espresso-brown elements — coffee cups, glazed donuts, vinyl records, round cookies, music notes, a sleepy cat nestled in a cup, wooden coasters — all rendered in the same rich amber-brown sepia palette that gives this Doraemon-themed phone case the visual warmth of the best lo-fi playlist you have ever listened to on a rainy afternoon.

Completely distinct from Collection 03's vibrant sunset adventure and Collection 04's luminous moonlit serenity, Collection 02 exists entirely in its own cosy, monochromatic, headphone-wearing dimension.

The Soft Silicone variant is a smooth, lightweight silicone phone case that honours every intricate doodle detail and the rich warm sepia tonal depth of this illustrated world with exceptional clarity. For those who want their lo-fi aesthetic housed in something genuinely premium, the Hybrid Metal edition delivers a refined hybrid phone case with a solid metal frame and a polished protective phone cover as considered and well-dressed as the characters it features.

A perfect fit for iPhones, Samsung Galaxy, OnePlus, Motorola, Realme, Vivo, OPPO, and Google Pixel — a warmly nostalgic yet street-cool anime Android phone cover and iPhone case for every Doraemon fan with an eye for aesthetic.

This uniquely styled customized phone case is a perfect unique gift idea for Doraemon enthusiasts, lo-fi music lovers, coffee culture devotees, and anyone who believes childhood icons deserve a streetwear glow-up. Shop this distinctive designer phone case online and carry the cosiest, most effortlessly cool energy your phone has ever worn.

Hoodie zipped. Coffee ready. Vibes: immaculate."
289,Doraemon Phone Case Collection 01,https://black5creatives.in/product/,doraemon-phone-case-collection-01,https://black5creatives.in/product/doraemon-phone-case-collection-01,Doraemon Cover Collections,"So happy he can't even look. Doraemon Phone Case Collection 01 fills your phone with wall-to-wall Doraemon energy — every pose, every expression, and one enormous blushing close-up of pure joy. Available in Soft Silicone and Hybrid Metal for iPhones, Samsung, OnePlus, Motorola, Realme, Vivo, OPPO, and Google Pixel. Pure blue happiness.","When something makes you this happy, you close your eyes, scrunch your face, and let the whole world see it — that is the Doraemon way.

The Doraemon Phone Case Collection 01 is a joyful all-Doraemon celebration that puts the world's most beloved robot cat front, centre, and absolutely everywhere at once. The lower foreground is taken over by an enormous close-up of Doraemon's face in his most endearing expression — eyes squeezed completely shut, rosy cheeks flushed pink, both hands raised to his face in pure overwhelmed happiness — while the background unfolds into a geometric multi-tone blue checker grid populated with smaller Doraemon in every iconic pose: sitting contentedly, mid-stride, floating with arms out, turning in surprise, and staring forward with characteristic wide eyes. The vivid sky blue, crisp white, and red nose accent palette gives this Doraemon-themed phone case a clean, bright, instantly recognisable visual energy that radiates happiness from every angle.

Completely different in approach from Collection 02's sepia streetwear reimagining, Collection 03's sunset adventure, and Collection 04's moonlit serenity, Collection 01 is the purest, most joyfully straightforward celebration of Doraemon himself — no story, no setting, just Doraemon in every direction and happiness at maximum volume.

The Soft Silicone variant is a vibrant, flexible silicone phone case that keeps the vivid sky blue palette and crisp white character detail sharp and cheerful through every daily carry. For fans who want their favourite robot cat protected with the highest level of care, the Hybrid Metal edition delivers a premium hybrid phone case with solid metal reinforcement and a bright, durable protective phone cover as reliably joyful as Doraemon himself.

Designed to fit iPhones, Samsung Galaxy, OnePlus, Motorola, Realme, Vivo, OPPO, and Google Pixel — the most joyfully expressive anime Android phone cover and iPhone case for every Doraemon fan from the very first episode to today.

This irresistibly cheerful customized phone case is the perfect unique gift idea for Doraemon devotees, kawaii art lovers, and anyone whose day gets measurably better every time they see that blushing blue face. Shop this iconic designer phone case online and let pure Doraemon happiness follow you everywhere.

Eyes shut. Cheeks pink. Happiness: maximum."
290,Stitch Cute Cartoon Phone Case Collection 01,https://black5creatives.in/product/,stitch-cute-cartoon-phone-case-collection-01,https://black5creatives.in/product/stitch-cute-cartoon-phone-case-collection-01,Stitch Cover Collections,"Chaotic, adorable, and completely impossible to say no to. Stitch Cute Cartoon Phone Case Collection 01 covers your phone in every Stitch pose on a bubblegum pink canvas with hearts and love scattered throughout. Available in Soft Silicone and Hybrid Metal for iPhones, Samsung, OnePlus, Motorola, Realme, Vivo, OPPO, and Google Pixel. Ohana means this case.","626 experiments and somehow this one came out perfectly, irresistibly, unforgettably loveable.

The Stitch Cute Cartoon Phone Case Collection 01 is an all-out kawaii celebration of the most chaotically adorable alien in cartoon history. A large close-up Stitch dominates the lower foreground — enormous glossy dark eyes, blue snout, a tiny fang peeking out, arms raised in that signature expression that sits somewhere between curious and completely unhinged in the most endearing way — while multiple smaller Stitch characters fill every corner of the soft bubblegum pink canvas in their own distinct poses: standing upright, hugging himself contentedly, ears flopped forward, crouching, and gazing sideways. Scattered red hearts and repeating white ""I love Stitch"" typography complete a composition that is maximally affectionate and completely impossible to look at without smiling.

The Soft Silicone variant is a snug, lightweight silicone phone case with a smooth finish that keeps the vivid periwinkle-blue Stitch tones and bubblegum pink background looking bright and cheerful through every daily carry. For those who love Stitch with the seriousness the character deserves, the Hybrid Metal edition delivers a premium hybrid phone case with solid metal reinforcement and a charming yet tough protective phone cover that protects your device with the same fierce loyalty Stitch shows his ohana.

Perfectly fitted for iPhones, Samsung Galaxy, OnePlus, Motorola, Realme, Vivo, OPPO, and Google Pixel — an irresistibly charming kawaii Android phone cover and iPhone case for every Stitch devotee and cartoon lover out there.

This delightfully joyful customized phone case is the most heartwarming unique gift idea for Stitch fans, kawaii collectors, and anyone who believes that being a little chaotic and completely loveable is the best way to exist. Shop this adorable designer phone case online and let 626 take over your phone the way he takes over every heart.

Nobody gets left behind — especially not this case."
291,Stitch Cute Cartoon Phone Case Collection 02,https://black5creatives.in/product/,stitch-cute-cartoon-phone-case-collection-02,https://black5creatives.in/product/stitch-cute-cartoon-phone-case-collection-02,Stitch Cover Collections,"Blue meets pink. Chaos meets calm. Perfect. Stitch Cute Cartoon Phone Case Collection 02 puts the sweetest alien couple side by side on a dreamy pink checker canvas full of hearts. Available in Soft Silicone and Hybrid Metal for iPhones, Samsung, OnePlus, Motorola, Realme, Vivo, OPPO, and Google Pixel. Built for two.","Experiment 626 found his match in Experiment 624 — and somehow the universe made complete sense after that.

The Stitch Cute Cartoon Phone Case Collection 02 is a tenderly romantic kawaii design that celebrates the most beloved cartoon couple in alien history. Stitch in his signature periwinkle blue and Angel in her soft lavender-pink sit side by side in the foreground, wide eyes gentle and expressions quietly content in each other's company — a closeness that needs no words and requires no explanation. Behind them, a soft pink checker grid fills the background with repeating Stitch-and-Angel pair poses in two sweet variations, while soft pink outline hearts rest in the lighter squares like the universe quietly endorsing the whole arrangement.

Completely distinct from Collection 01's solo Stitch maximalism on bubblegum pink, Collection 02 brings a softer, more intimate energy — two characters, one canvas, infinite sweetness.

The Soft Silicone variant is a smooth, lightweight silicone phone case that preserves the soft pastel palette and delicate checker background detail with gentle, clear fidelity through every daily carry. For those who want their favourite kawaii couple held in something truly premium, the Hybrid Metal edition delivers a refined hybrid phone case with a solid metal frame and an elegant protective phone cover as carefully paired and considered as Stitch and Angel themselves.

Designed to fit iPhones, Samsung Galaxy, OnePlus, Motorola, Realme, Vivo, OPPO, and Google Pixel — a sweetly romantic kawaii Android phone cover and iPhone case for every Stitch and Angel fan who has always rooted for this particular love story.

This dreamily crafted customized phone case is the most romantic unique gift idea for Stitch devotees, kawaii couple art lovers, and anyone who believes the best relationships are built on being perfectly, complementarily different. Shop this adorable designer phone case online and carry the sweetest love story in the galaxy with you.

Blue and pink. Together. Always."
292,Stitch Cute Cartoon Phone Case Collection 03,https://black5creatives.in/product/,stitch-cute-cartoon-phone-case-collection-03,https://black5creatives.in/product/stitch-cute-cartoon-phone-case-collection-03,Stitch Cover Collections,"Somewhere between the clouds and the hearts, Stitch found the perfect spot to just be. Stitch Cute Cartoon Phone Case Collection 03 wraps the beloved blue alien in a hand-drawn burgundy valentine sky unlike anything in the collection. Available in Soft Silicone and Hybrid Metal for iPhones, Samsung, OnePlus, Motorola, Realme, Vivo, OPPO, and Google Pixel. Love lives here.","Not every universe is made of stars and planets — some are made entirely of clouds, hearts, and one very content little blue alien.

The Stitch Cute Cartoon Phone Case Collection 03 is the most romantically atmospheric entry in the Stitch series — a richly painted mixed-media design that sets Stitch in a deeply textured, hand-drawn universe of burgundy warmth and Valentine's-sky whimsy. Stitch sits in quiet, gentle contentment — wide glossy eyes soft, small smile at peace — rendered in vivid cerulean blue that pops dramatically against the deep wine-burgundy canvas. All around him, hand-drawn doodle clouds spiral and bloom in creamy white, while multiple distinct heart styles float through the composition — outlined hearts, cross-hatched hearts, intricately decorated hearts that look like they were drawn during the best kind of daydream. A warm luminous glow emanates from behind Stitch, as though the clouds themselves parted specifically to make space for him.

Where Collection 01 celebrates solo Stitch at maximum chaotic cuteness on bubblegum pink, and Collection 02 honours the romantic pair on a checker canvas, Collection 03 creates an entirely different emotional register — slower, more atmospheric, and deeply tender.
The Soft Silicone variant is a smooth, precisely fitted silicone phone case that honours the rich burgundy texture and vibrant cerulean Stitch contrast with beautiful depth and clarity through every daily carry. For those who want their romantic little alien protected with genuine premium quality, the Hybrid Metal edition delivers a sophisticated hybrid phone case with a solid metal frame and a refined protective phone cover as warm and carefully considered as the design itself.

Designed to fit iPhones, Samsung Galaxy, OnePlus, Motorola, Realme, Vivo, OPPO, and Google Pixel — a romantically expressive kawaii Android phone cover and iPhone case for every Stitch devotee who appreciates depth alongside adorableness.

This richly crafted customized phone case is a wonderfully heartfelt unique gift idea for Stitch fans, romantic aesthetic lovers, and anyone who finds genuine comfort in the idea of a universe built entirely from warmth and hand-drawn hearts. Shop this beautiful designer phone case online and carry the cosiest sky in the galaxy with you.

Clouds drawn. Hearts placed. Stitch settled. Perfect."
293,Stitch Cute Cartoon Phone Case Collection 04,https://black5creatives.in/product/,stitch-cute-cartoon-phone-case-collection-04,https://black5creatives.in/product/stitch-cute-cartoon-phone-case-collection-04,Stitch Cover Collections,"Bows, dots, a pink heart, and the two most adorable aliens in the universe. Stitch Cute Cartoon Phone Case Collection 04 brings Stitch and Angel into a dreamy coquette ribbon world that is pure elegant sweetness. Available in Soft Silicone and Hybrid Metal for iPhones, Samsung, OnePlus, Motorola, Realme, Vivo, OPPO, and Google Pixel. Tie it with a bow.","Some love stories deserve ribbons — and this one has them in every shade of pink and blue imaginable.

The Stitch Cute Cartoon Phone Case Collection 04 is the most elegantly refined entry in the entire Stitch series — a coquette-aesthetic reimagining of the beloved alien couple that trades maximalist backgrounds for clean white space, sticker charm, and the most delightful bow-scatter pattern ever placed on a phone case. Angel in soft blush-pink and Stitch in vivid periwinkle-blue sit side by side as white-outlined sticker characters, both with eyes squeezed shut in the particular happiness of being completely content in each other's company, framed by a large soft pink heart behind them. The crisp white background is scattered with hand-drawn ribbon bows alternating in pink and blue — delicate, detailed, and effortlessly charming — with navy polka dots adding a light rhythmic texture throughout.

Entirely distinct from Collection 01's bubblegum maximalism, Collection 02's checker-grid romance, and Collection 03's deep burgundy atmospheric warmth, Collection 04 is the lightest, most refined and coquette-coded design in the series — clean, airy, and ribboned from corner to corner.

The Soft Silicone variant is a smooth, lightweight silicone phone case with an elegant finish that lets the crisp white background, delicate bow details and sticker-art characters read with fresh, clean clarity through every carry. For the most polished expression of this coquette aesthetic, the Hybrid Metal edition delivers a premium hybrid phone case with a sleek metal frame and a refined protective phone cover as neat and considered as a perfectly tied ribbon.

Designed to fit iPhones, Samsung Galaxy, OnePlus, Motorola, Realme, Vivo, OPPO, and Google Pixel — a sweetly elegant kawaii Android phone cover and iPhone case for every Stitch and Angel fan with a love for the coquette aesthetic.

This charming customized phone case is an absolutely perfect unique gift idea for Stitch devotees, coquette aesthetic lovers, and anyone who believes every great love story deserves to be wrapped in ribbons. Shop this enchanting designer phone case online and carry the prettiest version of ohana with you always.

Pink bow. Blue bow. Hearts tied. Perfect."
294,Game of Thrones Phone Case Collection 01,https://black5creatives.in/product/,game-of-thrones-phone-case-collection-01,https://black5creatives.in/product/game-of-thrones-phone-case-collection-01,GOT Cover Collections,"The throne is taken. The dragon is awake. The blue fire says everything else. Game of Thrones Phone Case Collection 01 renders the Iron Throne in stunning electric blue ink-art that no fan can ignore. Available in Soft Silicone and Hybrid Metal for iPhones, Samsung, OnePlus, Motorola, Realme, Vivo, OPPO, and Google Pixel. Bend the knee.","The swords were melted and reforged into a throne — and she sits in it like it was always hers.

The Game of Thrones Phone Case Collection 01 is a breathtakingly detailed dark fantasy tribute rendered in a masterful ink-art style that uses electric cobalt blue as its sole colour weapon. A silver-haired queen commands the Iron Throne with cold, absolute authority — every sword of the throne's brutal construction rendered in precise crosshatch linework — while a colossal dragon spreads its wings above her, jaws parted, the same electric blue energy flowing through its breath, her hair, the swirling atmospheric clouds and smoke that fill every corner of this composition. The stark black-and-white linework against the explosive blue creates a Game of Thrones-themed phone case with the visual intensity of a collector's limited-edition art print.

The Soft Silicone variant is a precise, lightweight silicone phone case that preserves every intricate crosshatch line and the electric blue energy of this dramatic artwork with complete fidelity through daily carry. For fans who want their throne claim protected at the highest level, the Hybrid Metal edition delivers a formidable hybrid phone case with solid metal reinforcement and a premium protective phone cover as unyielding as Valyrian steel.

Engineered for iPhones, Samsung Galaxy, OnePlus, Motorola, Realme, Vivo, OPPO, and Google Pixel — a darkly magnificent fantasy-themed Android phone cover and iPhone case for every Game of Thrones devotee who chose fire over ice.

This strikingly crafted customized phone case is the ultimate unique gift idea for GoT fans, dark fantasy art collectors, and anyone who still feels the weight of every episode in their chest. Shop this exceptional designer phone case online and carry the power of the Iron Throne wherever you go.

The throne is cold. The dragon is eternal. The blue burns on."
295,Game of Thrones Phone Case Collection 02,https://black5creatives.in/product/,game-of-thrones-phone-case-collection-02,https://black5creatives.in/product/game-of-thrones-phone-case-collection-02,GOT Cover Collections,"One word. No survivors. Game of Thrones Phone Case Collection 02 puts the full Targaryen fire-and-blood fury on your phone — dragon sigil blazing, DRACARYS burning across the frame. Available in Soft Silicone and Hybrid Metal for iPhones, Samsung, OnePlus, Motorola, Realme, Vivo, OPPO, and Google Pixel. Fire cannot kill a dragon.","She didn't shout it. She barely whispered it. And everything burned anyway.

The Game of Thrones Phone Case Collection 02 is a visceral, full-force tribute to the most devastating single word in the entire series — rendered in a dark fantasy comic-art style that puts the complete Targaryen arsenal on full display. The iconic three-headed dragon sigil blazes in deep crimson at the centre, twin columns of golden-orange dragonfire erupt upward from behind it, intricate dragon scale textures fill the shadowy lower frame, and the word ""DRACARYS"" tears across the composition in bold distressed typography with a fire-and-chrome treatment that makes every letter feel like it is already mid-burn. A silver-haired figure partially visible in the lower left amid the golden flames completes a composition that feels less like a phone case and more like a war declaration.

Where Collection 01 channels the cold electric-blue authority of the Iron Throne, Collection 02 is pure Targaryen fire — hotter, more primal, and built for fans who chose ""Fire and Blood"" as a life philosophy.

The Soft Silicone variant is a flexible, impact-absorbing silicone phone case that preserves the full volcanic crimson-to-black colour depth and dramatic typography of this artwork with blazing clarity through every daily carry. For those who want their dragonfire protected in something equally indestructible, the Hybrid Metal edition delivers a formidable hybrid phone case with solid metal reinforcement and a battle-hardened protective phone cover worthy of a Targaryen.

Built for iPhones, Samsung Galaxy, OnePlus, Motorola, Realme, Vivo, OPPO, and Google Pixel — a fiercely dramatic fantasy-themed Android phone cover and iPhone case for every House Targaryen loyalist and Game of Thrones devotee.

This powerfully crafted customized phone case is the ultimate unique gift idea for GoT fans, dark fantasy collectors, and everyone who has ever whispered ""Dracarys"" under their breath at a difficult moment. Shop this iconic designer phone case online and carry the most feared word in Westeros with you everywhere.

Dracarys spoken. World changed. Throne remembered."
296,Game of Thrones Phone Case Collection 03,https://black5creatives.in/product/,game-of-thrones-phone-case-collection-03,https://black5creatives.in/product/game-of-thrones-phone-case-collection-03,GOT Cover Collections,"Four houses. One map. Every war that ever was. Game of Thrones Phone Case Collection 03 unites the Great House sigils over the full map of Westeros in a stunning dark lore-art design. Available in Soft Silicone and Hybrid Metal for iPhones, Samsung, OnePlus, Motorola, Realme, Vivo, OPPO, and Google Pixel. Choose your house.","The whole game was always on the map — and this case shows you exactly where every piece stood.

The Game of Thrones Phone Case Collection 03 is the most lore-complete and cartographically rich entry in the series — a deeply satisfying tribute to every fan who memorised the geography of Westeros along with its history. A bold circular medallion divided into four quadrants dominates the centre, each section painted in richly textured oil-art style with a Great House sigil: the Targaryen three-headed dragon in deep crimson, the Lannister lion in hot pink-magenta, the Stark direwolf in cool silver-grey, and a golden weirwood roots motif in warm amber. Behind the medallion, a full detailed monochrome map of Westeros fills the dark canvas — coastlines, mountain ranges, sea names, regional territories and place names rendered in the style of a hand-drawn Maester's manuscript — with a subtle crumpled parchment texture that gives this Game of Thrones-themed phone case the feeling of holding an actual relic from the Citadel.

Where Collection 01 commands with electric blue throne power and Collection 02 burns with Targaryen fire, Collection 03 steps back and sees the entire game at once — four houses, one world, all the stakes.

The Soft Silicone variant is a precise, lightweight silicone phone case that preserves every intricate map line and painted sigil detail across the full composition with exceptional clarity. For fans who want their Westerosi allegiance protected in something genuinely formidable, the Hybrid Metal edition delivers a premium hybrid phone case with solid metal reinforcement and a refined protective phone cover as strategically sound as a Lannister debt repayment.

Engineered for iPhones, Samsung Galaxy, OnePlus, Motorola, Realme, Vivo, OPPO, and Google Pixel — a lore-rich fantasy-themed Android phone cover and iPhone case for every Game of Thrones devotee who can name every kingdom on this map without hesitation.

This extraordinarily detailed customized phone case is the ultimate unique gift idea for GoT superfans, fantasy map collectors, and anyone who considers the politics of Westeros a legitimate area of expertise. Shop this exceptional designer phone case online and carry the whole game in your hand.

Four sigils. One map. The throne decides everything."
297,Game of Thrones Phone Case Collection 04,https://black5creatives.in/product/,game-of-thrones-phone-case-collection-04,https://black5creatives.in/product/game-of-thrones-phone-case-collection-04,GOT Cover Collections,"Every King had a card. Every card had a fate. Game of Thrones Phone Case Collection 04 reimagines the Great Houses as ornate playing card royalty in stunning gold and silver on deep black. Available in Soft Silicone and Hybrid Metal for iPhones, Samsung, OnePlus, Motorola, Realme, Vivo, OPPO, and Google Pixel. The game is dealt.","In the game of thrones, you win or you die — and every King in this deck already knows which card they drew.

The Game of Thrones Phone Case Collection 04 is the most conceptually ingenious entry in the series — a breathtakingly detailed reimagining of Westeros's greatest rulers as ornate collectible playing card Kings. Silver-white King cards bearing the Baratheon stag with lightning bolt sceptre and gold King cards featuring the Lannister lion in full heraldic splendour are scattered across the deep black canvas in a richly layered repeat pattern, with ornate crown detailing, intricate border linework, and additional gold dragon and stag motifs bleeding freely outside the card frames. The entire composition sits over a ghosted grey Westeros map background, anchoring every card in the geography of the wars they fought over. The burnished gold-and-silver-against-black palette gives this Game of Thrones-themed phone case the feel of the rarest, most dangerous deck ever placed on a gaming table.

Where Collection 01 commands with cold blue authority, Collection 02 burns with dragonfire, and Collection 03 surveys the whole game cartographically, Collection 04 reduces every war, every crown, and every betrayal to its most elegant and fatalistic form — a hand of cards.

The Soft Silicone variant is a precise, lightweight silicone phone case that captures every intricate card border detail and gold-on-black contrast of this richly crafted artwork with exceptional fidelity. For fans who want their collectible aesthetic protected at the absolute highest level, the Hybrid Metal edition delivers a premium hybrid phone case with solid metal reinforcement and a luxurious protective phone cover as finely crafted as the cards it honours.

Engineered for iPhones, Samsung Galaxy, OnePlus, Motorola, Realme, Vivo, OPPO, and Google Pixel — a darkly sophisticated fantasy-themed Android phone cover and iPhone case for every Game of Thrones devotee who appreciates the art of the long game.

This extraordinarily crafted customized phone case is the perfect unique gift idea for GoT collectors, playing card art enthusiasts, and anyone who has always seen Westeros as the ultimate strategic masterpiece. Shop this one-of-a-kind designer phone case online and hold the rarest hand in the Seven Kingdoms.

Cards dealt. Kings crowned. The game never truly ends."
298,Game of Thrones Phone Case Collection 05,https://black5creatives.in/product/,game-of-thrones-phone-case-collection-05,https://black5creatives.in/product/game-of-thrones-phone-case-collection-05,GOT Cover Collections,"One warrior. An entire army ahead. Zero hesitation. Game of Thrones Phone Case Collection 05 pairs epic fantasy battle art with the most powerful four words you can carry — NO RISK NO STORY. Available in Soft Silicone and Hybrid Metal for iPhones, Samsung, OnePlus, Motorola, Realme, Vivo, OPPO, and Google Pixel. Step forward.","Every legend started with someone who looked at impossible odds and took the first step anyway.

The Game of Thrones Phone Case Collection 05 is the most motivationally charged and cinematically stirring entry in the entire series — a prestige fantasy battle scene fused with a quote that hits differently every single time you read it. A long-haired warrior in a billowing dark cape stands alone on a rocky outcrop, sword at their side, facing the full advance of an army stretching to the horizon — mounted knights, infantry silhouettes, spears raised — all backlit by a blinding white light breaking through dramatic blush-pink and ivory cloud formations. ""NO RISK NO STORY"" is set in elegant bold serif typography at the base, anchoring the visual drama in a philosophical declaration that transforms every glance at the phone into a moment of genuine resolve.

Completely distinct from Collections 01 through 04 in its motivational poster sensibility, Collection 05 steps beyond house allegiances and throne politics to deliver something more universal — the courage to face what stands between you and the story you are meant to live.

The Soft Silicone variant is a cinematic, lightweight silicone phone case that preserves the full depth of the navy-to-blush colour atmosphere and sharp typography with exceptional clarity through every daily carry. For those who face their own impossible odds daily and want their phone to reflect that energy, the Hybrid Metal edition delivers a formidable hybrid phone case with solid metal reinforcement and a premium protective phone cover as battle-hardened and resolute as the warrior it depicts.

Built for iPhones, Samsung Galaxy, OnePlus, Motorola, Realme, Vivo, OPPO, and Google Pixel — an epic fantasy-inspired motivational Android phone cover and iPhone case for every ambitious soul who refuses to play it safe.

This powerfully crafted customized phone case is a deeply meaningful unique gift idea for GoT fans, motivational quote collectors, and anyone who understands that the greatest stories are always written on the other side of the hardest choices. Shop this striking designer phone case online and carry your battle cry everywhere.

Army ahead. Story waiting. No risk taken — no legend written."
299,Wall Art Customize,https://black5creatives.in/product/,wall-art-customize,https://black5creatives.in/product/wall-art-customize,Wall Art,,
300,Phonecase Customize,https://black5creatives.in/product/,phonecase-customize,https://black5creatives.in/product/phonecase-customize,Phone Case,,
301,Virat Kohli Phone Case Collection 02,https://black5creatives.in/product/,virat-kohli-phone-case-collection-02,https://black5creatives.in/product/virat-kohli-phone-case-collection-02,Virat Cover Collections,"Not just a cricketer. A king — with a lion to prove it. Virat Kohli Phone Case Collection 02 crowns India's greatest batter in roaring red lion energy against a dark KING-repeat canvas. Available in Soft Silicone and Hybrid Metal for iPhones, Samsung, OnePlus, Motorola, Realme, Vivo, OPPO, and Google Pixel. Ee Sala Cup Namde.","Some cricketers play the game. One rewrote what the game means — and the lion has always known it.

The Virat Kohli Phone Case Collection 02 is a ferociously powerful fan tribute that fuses hyper-realistic portrait art with dark fantasy crown symbolism to create something that feels less like a phone case and more like a declaration. Kohli's intense close-up portrait — characteristic beard, sharp eyes, dark RCB jersey with teal collar — dominates the frame while a roaring crimson lion with wild mane and glowing eyes emerges from the top of his head like a battle crown that was always there, waiting to be seen. The deep black background is saturated with a repeating semi-transparent ""KING"" typographic watermark that reinforces the title with every glance, while the blood red glow tying the lion to the dark atmosphere gives this cricket-themed phone case an energy that rivals the most intense chase of his career.

The Soft Silicone variant is a flexible, grip-friendly silicone phone case that keeps the rich crimson-black portrait depth and lion detail looking sharp and bold through every carry. For fans who want their devotion protected with genuine conviction, the Hybrid Metal edition delivers a premium hybrid phone case with solid metal reinforcement and a powerful protective phone cover built as tough as a Kohli cover drive.

Precision-fitted for iPhones, Samsung Galaxy, OnePlus, Motorola, Realme, Vivo, OPPO, and Google Pixel — the ultimate cricket-themed Android phone cover and iPhone case for every Virat Kohli devotee and RCB loyalist.

This intensely crafted customized phone case is the perfect unique gift idea for cricket fans, Kohli admirers, and anyone who believes the greatest athletes deserve the greatest tributes. Shop this iconic designer phone case online and carry the King's energy with you through every innings of life.

King. Lion. Legend. Always Kohli."
302,Virat Kohli Phone Case Collection 03,https://black5creatives.in/product/,virat-kohli-phone-case-collection-03,https://black5creatives.in/product/virat-kohli-phone-case-collection-03,Virat Cover Collections,"Bat raised. Jersey 18. The whole stadium knows what just happened. Virat Kohli Phone Case Collection 03 captures cricket's greatest celebratory moment in a stunning torn-canvas poster tribute. Available in Soft Silicone and Hybrid Metal for iPhones, Samsung, OnePlus, Motorola, Realme, Vivo, OPPO, and Google Pixel. That's why he's the GOAT.","The bat goes up. The crowd loses its mind. And somewhere in that moment, cricket becomes something bigger than sport.

The Virat Kohli Phone Case Collection 03 is a viscerally celebratory poster tribute that captures the most iconic frame in Indian cricket — Kohli from behind, India blue jersey reading ""VIRAT 18"", bat thrust skyward in triumph, helmet in the other hand — rendered in a dramatic torn-canvas collage style that tears through the phone case surface itself to reveal layers of meaning beneath. Massive distressed ""VIRAT"" typography fills the middle layer through the tears, warm amber paper textures and crimson-red energy radiate from the centre, ember sparks fly across the frame, and ""KOHLI"" bleeds through on the right — all held together by a white sticker-cut outline of the figure that makes the champion stand apart from every layer of drama behind him.

Completely distinct from Collection 02's lion-crown portrait intensity, Collection 03 is about the moment — the specific, irreplaceable, bat-raised second that every Kohli fan carries somewhere between their chest and their memory.

The Soft Silicone variant is a vibrant, flexible silicone phone case that preserves the full torn-canvas depth and vivid blue jersey contrast of this dramatic artwork with exceptional clarity through every daily carry. For fans who want their tribute to the GOAT protected with championship-level conviction, the Hybrid Metal edition delivers a premium hybrid phone case with solid metal reinforcement and a rugged protective phone cover built to last as long as the records.

Engineered for iPhones, Samsung Galaxy, OnePlus, Motorola, Realme, Vivo, OPPO, and Google Pixel — the definitive cricket-tribute Android phone cover and iPhone case for every Virat Kohli fan who stood up when that bat went up.

This powerfully crafted customized phone case is the ultimate unique gift idea for cricket devotees, Kohli fans, and anyone who believes the greatest sporting moments deserve to live on more than just highlight reels. Shop this iconic designer phone case online and carry that celebration with you forever.

Bat raised. Records broken. Legacy sealed."
303,Virat Kohli Phone Case Collection 04,https://black5creatives.in/product/,virat-kohli-phone-case-collection-04,https://black5creatives.in/product/virat-kohli-phone-case-collection-04,Virat Cover Collections,"KING. In gold. Because nothing else would do. Virat Kohli Phone Case Collection 04 frames India's greatest with bold distressed gold typography and that World Cup smile that says everything words can't. Available in Soft Silicone and Hybrid Metal for iPhones, Samsung, OnePlus, Motorola, Realme, Vivo, OPPO, and Google Pixel. Always the King.","There are titles that are given and titles that are earned over ten thousand runs, countless pressures, and every innings where the team needed someone to stand — this one was earned.

The Virat Kohli Phone Case Collection 04 is the most typographically commanding and emotionally warm tribute in the series. Massive distressed gold ""KING"" text consumes the entire upper frame in bold, grainy, trophy-textured lettering, with ""KOHLI"" in matching gold directly beneath — partially overlapping the portrait of Kohli himself in his ICC Cricket World Cup India jersey, smiling with characteristic warmth and a hand raised thoughtfully to his chin. The deep dark navy-black background with amber and blue paint-stroke textures gives the whole composition the ceremonial weight of a trophy presentation — warm, earned, and impossible to argue with.

Where Collection 02 crowns Kohli with a roaring lion's power and Collection 03 captures the raw celebratory emotion of the bat raised in triumph, Collection 04 is the most settled and assured of the three — no fury, no dramatic moment, just the title in gold and the smile that spent a career making it undeniable.

The Soft Silicone variant is a richly detailed silicone phone case that honours the textured gold typography and warm portrait depth of this poster artwork with exceptional fidelity through every daily carry. For fans who want their tribute to King Kohli carried in something equally premium, the Hybrid Metal edition delivers a refined hybrid phone case with solid metal reinforcement and a polished protective phone cover as distinguished and enduring as the title it bears.

Precision-fitted for iPhones, Samsung Galaxy, OnePlus, Motorola, Realme, Vivo, OPPO, and Google Pixel — a warmly triumphant cricket-tribute Android phone cover and iPhone case for every Virat Kohli fan who has celebrated every milestone like it was personal.
This beautifully crafted customized phone case is the perfect unique gift idea for cricket lovers, Kohli devotees, and anyone who believes the greatest champions deserve to be remembered in gold. Shop this definitive designer phone case online and wear the King's title with the pride it deserves.

Gold earned. Title permanent. King Kohli — always."
304,Evil Eye Phone Case Collection 02,https://black5creatives.in/product/,evil-eye-phone-case-collection-02,https://black5creatives.in/product/evil-eye-phone-case-collection-02,Evil Eye Cover Collections,"Good energy. Evil blocked. Vibes protected. Evil Eye Phone Case Collection 02 pairs the ""Positive Vibes Only"" affirmation with a bold cobalt evil eye scatter pattern that keeps the negativity exactly where it belongs — away. Available in Soft Silicone and Hybrid Metal for iPhones, Samsung, OnePlus, Motorola, Realme, Vivo, OPPO, and Google Pixel. Nazar na lage.","Some cases protect your phone. This one protects your energy too.

The Evil Eye Phone Case Collection 02 is a boldly cheerful fusion of spiritual protection and positive affirmation — a design that works on every level simultaneously. ""Positive Vibes Only"" sits centre-stage in a bubbly mixed-case font with a soft sky-blue gradient and sparkle star accents, flanked by two floating evil eye symbols that feel less like decoration and more like guardians. The entire royal cobalt blue background is covered in a dual-pattern wallpaper of white nazar evil eye symbols — each with their characteristic concentric circle and blue centre — interspersed with faint blue outline hearts that add a layer of warmth to the protective energy. The result is an evil eye phone case that is simultaneously a spiritual talisman, a daily affirmation, and a genuinely beautiful design.

The Soft Silicone variant is a vibrant, lightweight silicone phone case that keeps the rich cobalt blue and crisp white evil eye pattern looking bold and energetically alive through every daily carry. For those who want their positive energy housed in something with real structural conviction, the Hybrid Metal edition delivers a premium hybrid phone case with solid metal reinforcement and a polished protective phone cover as committed to keeping bad energy out as the design itself.

Designed to fit iPhones, Samsung Galaxy, OnePlus, Motorola, Realme, Vivo, OPPO, and Google Pixel — a spiritually uplifting Android phone cover and iPhone case for every believer in good energy, nazar protection, and the power of positive intention.

This joyfully crafted customized phone case is a genuinely meaningful unique gift idea for evil eye believers, affirmation lovers, and anyone whose personal philosophy begins and ends with keeping the vibes good. Shop this vibrant designer phone case online and let every glance at your phone be a reminder that only the best energy is allowed in.

Nazar blocked. Vibes protected. Energy: positive only."
305,Evil Eye Phone Case Collection 03,https://black5creatives.in/product/,evil-eye-phone-case-collection-03,https://black5creatives.in/product/evil-eye-phone-case-collection-03,Evil Eye Cover Collections,"Ancient protection. Floral softness. Absolute power. Evil Eye Phone Case Collection 03 wraps your phone in bold 3D nazar amulets blooming through a white and periwinkle flower scatter on deep black. Available in Soft Silicone and Hybrid Metal for iPhones, Samsung, OnePlus, Motorola, Realme, Vivo, OPPO, and Google Pixel. Protected in full bloom.","The evil eye has watched over civilisations for thousands of years — and it has never looked more beautiful than this.

The Evil Eye Phone Case Collection 03 is a visually commanding fusion of ancient spiritual protection and delicate botanical softness that creates an entirely unique aesthetic within the evil eye design space. Multiple nazar amulets in dramatically varying sizes — one massive, glossy, dimensionally rendered eye dominating the centre with the full depth of its concentric blue-white-blue ring structure, supported by medium and smaller eyes in each corner — float across a deep black canvas carpeted with hundreds of tiny four-petal flower motifs alternating between crisp white and soft periwinkle-blue. The contrast between the bold, protective power of the 3D evil eye symbols and the gentle, almost meadow-like flower scatter creates an evil eye phone case that manages to feel simultaneously fierce and tender — a garden guarded by the oldest charm in the world.

Where Collection 02 leads with an affirmation quote on a cobalt pattern, Collection 03 is purely visual — letting the amulets and flowers speak in their own ancient and botanical language.

The Soft Silicone variant is a precise, lightweight silicone phone case that preserves the rich deep black background and vivid blue dimensional eye detail with exceptional depth and clarity through every daily carry. For those who want their spiritual protection backed by serious structural conviction, the Hybrid Metal edition delivers a premium hybrid phone case with a solid metal frame and a bold protective phone cover as formidable as the talisman it honours.

Engineered for iPhones, Samsung Galaxy, OnePlus, Motorola, Realme, Vivo, OPPO, and Google Pixel — a deeply expressive spiritual-botanical Android phone cover and iPhone case for every believer in nazar protection and the beauty of ancient symbols.

This strikingly crafted customized phone case is a profoundly meaningful unique gift idea for evil eye believers, spiritual aesthetic devotees, and anyone who wants their phone to carry both beauty and protection in equal measure. Shop this exceptional designer phone case online and wear the oldest guardian charm in the most beautiful way it has ever been worn.

Eyes open. Flowers blooming. Nazar — completely blocked."
306,Evil Eye Phone Case Collection 04,https://black5creatives.in/product/,evil-eye-phone-case-collection-04,https://black5creatives.in/product/evil-eye-phone-case-collection-04,Evil Eye Cover Collections,"Say it until it's real. Evil Eye Phone Case Collection 04 stacks ""good things are coming"" across a bright painterly nazar background until every glance becomes a manifestation. Available in Soft Silicone and Hybrid Metal for iPhones, Samsung, OnePlus, Motorola, Realme, Vivo, OPPO, and Google Pixel. Manifest in style.","Some affirmations need to be said once. Some need to be said fifteen times in a row until the universe gets the message — this case chooses the latter.

The Evil Eye Phone Case Collection 04 is the most intentionally manifesting design in the entire evil eye series — a crisp, airy composition that pairs the ancient protective power of hand-brushed nazar amulets with the modern ritual of repetitive affirmation. Oversized evil eye symbols in loose, expressive cerulean and cobalt blue brushstrokes scatter freely across a clean white canvas, while the phrase ""good things are coming"" is stacked in clean white lowercase typography directly over the nazar field — repeated approximately fifteen times in dense, steady rows that feel less like text and more like a focused prayer being sent directly into the universe. The bright Mediterranean blue-and-white palette gives this evil eye phone case a refreshingly light and optimistic energy that is entirely distinct from the dark-background intensity of Collection 03.

The Soft Silicone variant is a lightweight, smooth silicone phone case that keeps the airy white background and vivid blue brushstroke amulets looking clean and fresh through every daily carry — as bright and hopeful as the affirmation it repeats. For those who manifest with maximum conviction, the Hybrid Metal edition delivers a refined hybrid phone case with a solid metal frame and a polished protective phone cover that holds your intentions in something genuinely premium.

Perfectly fitted for iPhones, Samsung Galaxy, OnePlus, Motorola, Realme, Vivo, OPPO, and Google Pixel — a spiritually uplifting and visually fresh Android phone cover and iPhone case for every manifestor, nazar believer, and optimist who picks up their phone every morning ready for what's coming.

This beautifully intentional customized phone case is the most affirming unique gift idea for spiritual wellness lovers, evil eye believers, and anyone going through a season where this reminder is exactly what they need to carry. Shop this uplifting designer phone case online and let every unlock be a gentle nudge from the universe.

Written fifteen times. Believed completely. Good things — already on their way."
307,Money Mind Phone Case,https://black5creatives.in/product/,money-mind-phone-case,https://black5creatives.in/product/money-mind-phone-case,Quote Cover Collections,"Suit on. Bill raised. Zero apologies. Money Mind Phone Case puts that relentless wealth-mindset energy on your phone in a bold crimson pop-art tribute to the hustle that never clocks out. Available in Soft Silicone and Hybrid Metal for iPhones, Samsung, OnePlus, Motorola, Realme, Vivo, OPPO, and Google Pixel. Stay hungry. Stack up.","Some people talk about the grind. Others put on the pinstripe, pick up the hundred, and let the room figure it out.

The Money Mind Phone Case is a boldly cinematic hustle-culture tribute that puts the money mindset on full display without a single apology. A sharp-suited figure in a blue pinstripe jacket and red dotted tie holds a crisp $100 bill directly toward the viewer with the quiet smirk of someone who already knows how the story ends. Behind him, massive blood-red distressed ""MONEY"" text tears through the frame while a chaotic rain of $100 bills fills every corner of the deep crimson background in a pop-art comic illustration style that borrows the full dramatic energy of the most iconic wealth-obsession film ever made. The result is a money-themed phone case that reads simultaneously as pop culture tribute, hustle manifesto, and unapologetic aesthetic statement.

The Soft Silicone variant is a flexible, grip-friendly silicone phone case that keeps the deep crimson palette and bold pop-art detail vivid and sharp through every daily carry — as focused and relentless as the mindset it represents. For those who carry their ambition in something that commands attention, the Hybrid Metal edition delivers a premium hybrid phone case with solid metal reinforcement and a sleek protective phone cover as sharp as the suit in the design.

Built for iPhones, Samsung Galaxy, OnePlus, Motorola, Realme, Vivo, OPPO, and Google Pixel — a boldly ambitious Android phone cover and iPhone case for every hustler, entrepreneur, and unapologetic go-getter out there.

This strikingly original customized phone case is a perfect unique gift idea for finance enthusiasts, pop-culture collectors, and anyone whose screensaver is a vision board and whose alarm is set for 5 AM. Shop this iconic designer phone case online and carry that never-settle energy everywhere you go.

Hundred in hand. Mindset locked. Money never sleeps — and neither do you."
308,Golden yellow Marble Print Phone Case Collection 03,https://black5creatives.in/product/,golden-yellow-marble-print-phone-case-collection-03,https://black5creatives.in/product/golden-yellow-marble-print-phone-case-collection-03,Marble Cover Collections,"Liquid gold meets dark chaos. The Golden Yellow Marble Print Phone Case Collection 03 turns your phone into a statement of raw luxury. Choose the sleek Soft Silicone Case or the bold Hybrid Metal Case — built for iPhones, Samsung, OnePlus, Motorola, Realme, Vivo, OPPO, and Google Pixel. Carry art. Command attention.","Where darkness meets gold, something extraordinary is born.

This designer phone case captures the fierce beauty of molten marble — deep olive-black swirls colliding with rivers of blazing yellow-gold in a fluid, painterly composition that looks different from every angle. The dramatic contrast between shadow and luminous gold gives this aesthetic phone case a cinematic intensity that no minimalist or printed case can match.

Engineered for those who refuse ordinary, the Golden Yellow Marble Print Phone Case Collection 03 is available in two protective builds. The Soft Silicone Case offers a lightweight, grippy finish that cushions every drop, while the Hybrid Metal Case pairs a rigid metal frame with silicone backing — delivering a hybrid phone case that's as tough as it is striking. Both variants serve as a full protective phone cover without hiding a single detail of the design.

Compatible across iPhones, Samsung Galaxy, OnePlus, Motorola, Realme, Vivo, OPPO, and Google Pixel devices — this customized phone case fits your life, whatever phone you carry.

A unique gift idea for art lovers and a rare find when you shop phone case online — this is the aesthetic phone cover that speaks before you say a word.
Let the gold flow. Own the darkness."
309,Ocean Blue Marble Print Phone Case Collection 02,https://black5creatives.in/product/,ocean-blue-marble-print-phone-case-collection-02,https://black5creatives.in/product/ocean-blue-marble-print-phone-case-collection-02,Marble Cover Collections,"The deep calls. The Ocean Blue Marble Print Phone Case Collection 02 pulls you into swirling teal depths and electric cyan currents that feel alive on every surface. Available in Soft Silicone Case and Hybrid Metal Case for iPhones, Samsung, OnePlus, Motorola, Realme, Vivo, OPPO, and Google Pixel. Dive deeper.","Some designs don't just sit on your phone — they pull you under.

The layered teal and emerald waves on this themed phone case recreate the hypnotic depth of deep ocean geology, where banded stone formations crash into black voids like tidal forces frozen in time. Glowing cyan veins split each layer like sea foam caught mid-break, giving this aesthetic phone cover a raw, natural energy that printed cases simply cannot replicate.

The Ocean Blue Marble Print Phone Case Collection 02 is crafted for those who find beauty in depth and power in stillness. The Soft Silicone Case wraps your device in a flexible, shock-absorbing build that keeps every wave of detail intact, while the Hybrid Metal Case reinforces that protection with a rigid metal frame — a true hybrid phone case that balances rugged defence with refined design. Both options function as a full protective phone cover for daily use.

Precision-fitted for iPhones, Samsung Galaxy, OnePlus, Motorola, Realme, Vivo, OPPO, and Google Pixel — this customized phone case adapts to your device without compromise.

Searching for a unique gift idea or a cool phone cover that stands apart? This is the designer phone case online worth surfacing.

Wear the ocean. Feel the depth."
310,Red Marble Print Phone Case Collection 01,https://black5creatives.in/product/,red-marble-print-phone-case-collection-01,https://black5creatives.in/product/red-marble-print-phone-case-collection-01,Marble Cover Collections,"Fierce. Smouldering. Unforgettable. The Red Marble Print Phone Case Collection 01 blazes with deep crimson swirls and glowing blush-pink cores that demand a second look. Grip it in Soft Silicone Case or dominate in Hybrid Metal Case — fits iPhones, Samsung, OnePlus, Motorola, Realme, Vivo, OPPO, and Google Pixel. Wear your fire.","Not every red is loud — some burn slow, deep, and impossible to ignore.

This designer phone case draws from the raw intensity of polished agate, layering ribbon-like crimson waves over shadowed burgundy grooves, with a luminous blush-pink glow radiating from the centre like heat rising from beneath the surface. The result is a marble-themed phone case that feels geological, organic, and alive — nothing like mass-produced printed covers.

The Red Marble Print Phone Case Collection 01 is available in two precision-built variants. The Soft Silicone Case delivers a smooth, flexible grip that absorbs daily shocks while letting every crimson detail breathe, while the Hybrid Metal Case combines a reinforced metal frame with silicone cushioning — creating a hybrid phone case built for both impact protection and visual impact. Both serve as a complete protective phone cover without compromising the depth of the design.

Fully compatible with iPhones, Samsung Galaxy, OnePlus, Motorola, Realme, Vivo, OPPO, and Google Pixel — this customized phone case is precision-fitted to your device, whatever you carry.

A standout unique gift idea for anyone who appreciates art-driven design, this cool phone cover is the kind you buy online and never stop reaching for.

Turn up the heat. Make it yours."
311,Astronaut Phone Case Collection 03,https://black5creatives.in/product/,astronaut-phone-case-collection-03,https://black5creatives.in/product/astronaut-phone-case-collection-03,Astronaut Cover Collections,"Even astronauts need a coffee break. The Astronaut Phone Case Collection 03 captures a cosmic explorer kicking back in a sunflower field beneath a glowing teal moon — pure surreal poetry. Available in Soft Silicone Case and Hybrid Metal Case for iPhones, Samsung, OnePlus, Motorola, Realme, Vivo, OPPO, and Google Pixel. Rest easy. Look epic.","The mission is done — now it's time to sit back among the sunflowers.

This astronaut-themed phone case tells a story no other design dares to — a NASA-suited space explorer reclined in a mustard armchair, coffee in hand, surrounded by a golden sunflower field stretching beneath a massive glowing teal moon. Stars scatter across the black sky above while vivid cyan foliage frames the scene below, creating a surrealist composition that blends cosmic adventure with total, unhurried calm. Every glance at this aesthetic phone case feels like stumbling into a dream you never want to leave.

The Astronaut Phone Case Collection 03 is available in two expertly built variants. The Soft Silicone Case offers a lightweight, flexible protective phone cover with a confident grip that cushions every drop, while the Hybrid Metal Case delivers reinforced structural defence through a hybrid phone case construction — silicone comfort paired with rigid metal framing for those who want maximum protection without sacrificing style.

Designed to fit iPhones, Samsung Galaxy, OnePlus, Motorola, Realme, Vivo, OPPO, and Google Pixel — this customized phone case brings the same precision to fit as it does to design, covering all popular Android phone and iPhone case needs in one.

Whether you're hunting for a unique gift idea for a space enthusiast or searching to buy a cool phone cover online that sparks genuine conversation, this designer phone case delivers on every count.

Take the break. Own the galaxy."
312,Astronaut Phone Case Collection 02,https://black5creatives.in/product/,astronaut-phone-case-collection-02,https://black5creatives.in/product/astronaut-phone-case-collection-02,Astronaut Cover Collections,"Standing still never looked this powerful. The Astronaut Phone Case Collection 02 captures a lone space explorer amid blazing red poppies beneath a giant amber moon — etched in vintage drama and raw courage. Choose Soft Silicone Case or Hybrid Metal Case, compatible with iPhones, Samsung, OnePlus, Motorola, Realme, Vivo, OPPO, and Google Pixel. Stand apart.","Some journeys lead not to the stars — but to a field of red poppies beneath a burning golden moon.

This astronaut-themed phone case is unlike anything in the genre — rendered in a striking vintage engraving style where monochrome crosshatched linework collides with bursts of vivid colour. The lone astronaut stands centred and still, flanked by bold crimson poppies that blaze against the greyscale landscape, while an oversized amber moon radiates golden light in dramatic rays across a star-flecked black sky. The tension between stillness and spectacle makes this aesthetic phone case a genuine piece of wearable art.

The Astronaut Phone Case Collection 02 is available in two solidly built options. The Soft Silicone Case provides a precision-fitted, flexible protective phone cover with reliable shock absorption for everyday carry, while the Hybrid Metal Case elevates protection through a reinforced hybrid phone case structure — pairing a rigid metal outer frame with inner silicone cushioning for defence that matches the design's intensity.

Built to fit iPhones, Samsung Galaxy, OnePlus, Motorola, Realme, Vivo, OPPO, and Google Pixel — this customized phone case covers the full range of popular iPhone and Android phone cover needs with exact-fit precision.

A rare find when you shop phone case online, this unique phone cover doubles as a thoughtful gift idea for those who see beauty in solitude and strength in silence.

Step into the unknown. Carry the moment."
313,Astronaut Phone Case Collection 01,https://black5creatives.in/product/,astronaut-phone-case-collection-01,https://black5creatives.in/product/astronaut-phone-case-collection-01,Astronaut Cover Collections,"A universe of silence, one moment of stillness. The Astronaut Phone Case Collection 01 captures a lone explorer crouched on alien terrain beneath a blood-red planet and swirling teal nebula — vivid, cinematic, deeply human. Available in Soft Silicone Case and Hybrid Metal Case for iPhones, Samsung, OnePlus, Motorola, Realme, Vivo, OPPO, and Google Pixel. Think bigger.","Somewhere between the stars and silence, a moment stretches into forever.

This astronaut-themed phone case plunges you into one of the most emotionally charged cosmic scenes in the collection — a cyan-suited explorer seated low on jagged alien rock, knees pulled close, facing a massive blood-red planet that bleeds across the entire horizon. Teal nebula clouds churn overhead while scattered orange stars pierce the dark, and the rust-coloured terrain grounds the whole scene in an eerie, otherworldly reality. The graphic novel linework fused with painterly cosmic backgrounds makes this aesthetic phone case feel hand-crafted and cinematic all at once.

The Astronaut Phone Case Collection 01 is available in two purpose-built variants. The Soft Silicone Case wraps your device in a responsive, drop-absorbing silicone phone case that protects without adding bulk, while the Hybrid Metal Case brings structural reinforcement through a hybrid phone case build — rigid metal framing over a silicone inner layer — delivering a premium protective phone cover for those who demand both toughness and visual depth.

Compatible with iPhones, Samsung Galaxy, OnePlus, Motorola, Realme, Vivo, OPPO, and Google Pixel — this customized phone case offers precise fitment across the full spectrum of popular iPhone and Android phone cover models.

Perfect as a unique gift idea for deep thinkers and space dreamers, this is the kind of cool phone cover you find when you buy phone case online and instantly know it was made for you.

Sit with the universe. Carry the cosmos."
314,Harry Potter Phone Case Collection 02,https://black5creatives.in/product/,harry-potter-phone-case-collection-02,https://black5creatives.in/product/harry-potter-phone-case-collection-02,Harry Potter Cover Collections,"The magic never left — it just moved to your pocket. The Harry Potter Phone Case Collection 02 layers Platform 9¾, Hogwarts castle, and that iconic determined gaze into one smouldering crimson collage. Available in Soft Silicone Case and Hybrid Metal Case for iPhones, Samsung, OnePlus, Motorola, Realme, Vivo, OPPO, and Google Pixel. The train is boarding.","Every great story has a moment where everything changes — this is that moment, held in your hands.

This wizarding-themed phone case is a richly layered cinematic tribute, drenched in deep crimson and shadow-black tones that give it the dramatic weight of a movie poster. Harry's face fills the foreground with quiet intensity — round glasses catching the light, expression locked in resolve — while the background swells with iconic detail: Platform 9¾, the silhouette of Hogwarts rising from the base, a sealed acceptance letter drifting above, and fragments of wizarding world text woven throughout. Every element of this aesthetic phone case rewards a closer look, revealing new details each time.

The Harry Potter Phone Case Collection 02 is available in two well-crafted variants. The Soft Silicone Case provides a flexible, shock-resistant silicone phone case that keeps the vivid artwork protected through every drop and daily adventure, while the Hybrid Metal Case delivers reinforced defence through a hybrid phone case construction — a rigid metal frame paired with silicone cushioning for a protective phone cover that handles real-world impact.

Precision-fitted for iPhones, Samsung Galaxy, OnePlus, Motorola, Realme, Vivo, OPPO, and Google Pixel — this customized phone case brings wizarding world energy to every popular iPhone and Android phone cover format.

The ultimate unique gift idea for fans of the wizarding world, this designer phone case is the cool phone cover that lets devotees carry their favourite story everywhere they go.

Platform 9¾ is waiting. Don't miss the train."
315,Harry Potter Phone Case Collection 03,https://black5creatives.in/product/,harry-potter-phone-case-collection-03,https://black5creatives.in/product/harry-potter-phone-case-collection-03,Harry Potter Cover Collections,"Wide eyes, an owl, and a world that just opened up. The Harry Potter Phone Case Collection 03 recreates the wonder of first arrival through sepia etchings, parchment layers, and a young wizard meeting magic for the first time. Available in Soft Silicone Case and Hybrid Metal Case for iPhones, Samsung, OnePlus, Motorola, Realme, Vivo, OPPO, and Google Pixel. Welcome to Hogwarts.","Before the battles, before the prophecy — there was just a wide-eyed kid holding an owl, standing at the edge of everything.

This wizarding-themed phone case captures the purest moment of the entire saga — young Harry in Hogwarts robes, Hedwig perched proudly beside him, surrounded by a richly detailed sepia world built entirely from aged parchment textures, vintage crosshatched etchings, and handwritten wizarding lore. A ""Welcome to Hogwarts"" panel anchors the composition while an etched castle looms in the background and a Hippogriff illustration soars above — the entire design reads like a page torn from a centuries-old enchanted manuscript. Where Collection 02 burns with crimson drama, this aesthetic phone case breathes in warm amber and quiet ink — scholarly, timeless, and deeply personal.

The Harry Potter Phone Case Collection 03 is available in two precision-built variants. The Soft Silicone Case delivers a lightweight, grippy silicone phone case that cushions drops while preserving every fine-etched detail, while the Hybrid Metal Case pairs structural metal reinforcement with inner silicone cushioning — a hybrid phone case that acts as a full protective phone cover for daily life at Hogwarts or anywhere else.

Compatible with iPhones, Samsung Galaxy, OnePlus, Motorola, Realme, Vivo, OPPO, and Google Pixel — this customized phone case fits seamlessly across all popular iPhone and Android phone cover models.

A truly unique gift idea for wizarding world devotees, this designer phone case online is the one for those who never stopped believing the letter was coming.

The magic was always in the details. Now it lives on your phone."
316,We Bare Bears Trio Phone Case Collection 02,https://black5creatives.in/product/,we-bare-bears-trio-phone-case-collection-02,https://black5creatives.in/product/we-bare-bears-trio-phone-case-collection-02,We Bare Bears Cover Collections,"Stack up the good vibes. The We Bare Bears Trio Phone Case Collection 02 brings Grizzly, Panda, and Ice Bear tumbling onto a cosy denim-textured heart-print backdrop — cheerful, wholesome, and impossible not to smile at. Available in Soft Silicone Case and Hybrid Metal Case for iPhones, Samsung, OnePlus, Motorola, Realme, Vivo, OPPO, and Google Pixel. Bear with us — this one's special.","Three bears, one pile, zero personal space — and absolutely no complaints.

This cartoon-themed phone case captures the We Bare Bears trio in their most iconic formation — Grizzly front and centre with his tongue gleefully out, Panda wide-eyed and stacked on top, Ice Bear quietly peeking in from the side. The background layers a cosy denim-textured blue and warm brown checkerboard pattern dotted with golden yellow and sky blue heart motifs, giving this aesthetic phone case a handcrafted, fabric-like warmth that sets it apart from flat printed covers. It's playful without being loud, cute without being childish.

The We Bare Bears Trio Phone Case Collection 02 is available in two thoughtfully built variants. The Soft Silicone Case offers a flexible, cushioned silicone phone case with a comfortable grip that absorbs everyday bumps without fuss, while the Hybrid Metal Case steps up protection through a hybrid phone case build — combining a sturdy metal outer frame with inner silicone padding for a protective phone cover that handles drops as well as the trio handles friendship.

Fully compatible with iPhones, Samsung Galaxy, OnePlus, Motorola, Realme, Vivo, OPPO, and Google Pixel — this customized phone case delivers a precise fit across all major iPhone and Android phone cover models.

Whether you're looking for a unique gift idea for a cartoon lover or hunting for a cool phone cover to buy online that brings instant happiness, this is the one that delivers every single time.

Life's better in a pile. Make your phone prove it."
317,We Bare Bears Trio Phone Case Collection 03,https://black5creatives.in/product/,we-bare-bears-trio-phone-case-collection-03,https://black5creatives.in/product/we-bare-bears-trio-phone-case-collection-03,We Bare Bears Cover Collections,"Good things take time — especially when bears are involved. The We Bare Bears Trio Phone Case Collection 03 pairs the iconic trio with bold ""Slow and Steady"" bubble typography across a warm burnt-orange heart-doodled canvas. Available in Soft Silicone Case and Hybrid Metal Case for iPhones, Samsung, OnePlus, Motorola, Realme, Vivo, OPPO, and Google Pixel. Your pace. Your case.","Slow and steady doesn't just win the race — it looks incredibly good doing it.

This cartoon-themed phone case takes the We Bare Bears trio somewhere entirely fresh — stacked vertically through oversized groovy bubble lettering that spells out ""Slow and Steady"" in bold white across a warm burnt-orange canvas. Grizzly grins from the top, Panda beams from the middle, and Ice Bear holds it all together at the base with his signature unfazed expression. Behind them, the entire background buzzes with hand-drawn heart doodles in dark brown and rust tones, giving this aesthetic phone case a playful street-art energy that feels more personality-driven than anything in the collection so far.

The We Bare Bears Trio Phone Case Collection 03 comes in two carefully crafted protective builds. The Soft Silicone Case provides a smooth, flexible silicone phone case grip that keeps your device safe through every slow and steady moment of the day, while the Hybrid Metal Case brings added structural confidence through a reinforced hybrid phone case design — rigid metal framing layered over silicone cushioning for a protective phone cover that means business without losing charm.

Perfectly fitted for iPhones, Samsung Galaxy, OnePlus, Motorola, Realme, Vivo, OPPO, and Google Pixel — this customized phone case covers every major iPhone and Android phone cover format with precision.

Hunting for a unique gift idea that's equal parts motivational and adorable? This cool phone cover is the one to shop online when you want something that genuinely stands out.

Take your time. Make it count. Make it yours."
318,Cute Panda Phone Case Collection 04,https://black5creatives.in/product/,cute-panda-phone-case-collection-04,https://black5creatives.in/product/cute-panda-phone-case-collection-04,Panda Cover Collections,"Bamboo in mouth, phone in hand, zero apologies. The Cute Panda Phone Case Collection 04 captures the internet's favourite bear mid-selfie against a bold black graffiti-heart canvas — minimal, graphic, and wildly charming. Available in Soft Silicone Case and Hybrid Metal Case for iPhones, Samsung, OnePlus, Motorola, Realme, Vivo, OPPO, and Google Pixel. Snap. Slay. Repeat.","Some pandas eat bamboo. This one multitasks.

This panda-themed phone case strips everything back to pure graphic confidence — a bold black-and-white flat illustration of Panda mid-selfie, phone arm stretched high, bamboo casually clamped between lips, wide eyes absolutely committed to the moment. The crisp off-white background is taken over by oversized graffiti-style brushstroke hearts and loose swirling doodle lines that fill every corner with street-art energy, while a single pop of fresh green bamboo provides the only colour — deliberate, minimal, perfectly placed. The result is an aesthetic phone case that feels simultaneously cute, cool, and completely unbothered.

The Cute Panda Phone Case Collection 04 is available in two well-constructed variants. The Soft Silicone Case delivers a lightweight flexible silicone phone case with a confident grip that protects through every selfie-worthy drop, while the Hybrid Metal Case reinforces that protection through a hybrid phone case build — pairing a rigid metal outer frame with inner silicone cushioning for a protective phone cover as sturdy as Panda's self-confidence.

Compatible with iPhones, Samsung Galaxy, OnePlus, Motorola, Realme, Vivo, OPPO, and Google Pixel — this customized phone case fits every major iPhone and Android phone cover model with precision.

A standout unique gift idea for panda lovers and cartoon enthusiasts alike, this designer phone case is the cool phone cover to buy online when ordinary just isn't an option.

Strike a pose. Let your phone do the talking."
319,Formula One Racing Car Phone Case Collection - 01,https://black5creatives.in/product/,formula-one-racing-car-phone-case-collection-01,https://black5creatives.in/product/formula-one-racing-car-phone-case-collection-01,F1 Phone Cover Collections,"Full throttle, apex hit, two cars behind and zero intentions of slowing down — the Formula One Racing Car Phone Case Collection - 01 puts a scarlet race day battle directly in your grip. Available in Soft Silicone and Hybrid Metal, compatible with iPhones, Samsung, OnePlus, Motorola, Realme, Vivo, OPPO, and Google Pixel. Fast. Fierce. Championship-level cool.","Some phone cases sit quietly in your pocket — this one arrives at 340 kilometres per hour.

The Formula One Racing Car Phone Case Collection - 01 is a full-throttle comic-book illustration of motorsport at its most visceral. A scarlet Formula One car fills the foreground in a dramatic low three-quarter angle — yellow-compound tyres gripping tarmac, aerodynamic bodywork in perfect detail, helmeted driver locked onto the next apex — while two more red cars battle wheel-to-wheel in the mid-ground, packed grandstands blur past on the left, and a moody teal sky loaded with dramatic race-day clouds fills the horizon. Every speed line, motion blur and track kerb in this F1-themed phone case has been rendered with the obsessive detail of someone who knows exactly what a race actually feels like.

The Soft Silicone variant delivers a flexible, shock-absorbing silicone phone case with precise everyday protection and a vivid finish that makes every scarlet and teal detail of this high-octane illustration ignite. The Hybrid Metal variant raises the performance bar — a structured metal phone case shell fused with a cushioned silicone interior for a premium hybrid phone case and protective phone cover engineered with the same performance-first philosophy as the cars on the canvas.

Compatible with iPhones, Samsung Galaxy, OnePlus, Motorola, Realme, Vivo, OPPO, and Google Pixel — this aesthetic Android phone cover and iPhone case is precision-fit for every major device launched within the last five years.

A high-octane customized phone case and the ultimate unique gift idea for F1 fans, motorsport enthusiasts, and collectors of cool phone covers that carry genuine speed. Shop this designer phone case online and carry race day everywhere you go.

First place isn't given — it's taken at full throttle, every single lap."
320,Formula One Racing Car Phone Case Collection - 02,https://black5creatives.in/product/,formula-one-racing-car-phone-case-collection-02,https://black5creatives.in/product/formula-one-racing-car-phone-case-collection-02,F1 Phone Cover Collections,"Midnight track, golden moon, and three words that hit harder than any podium — the Formula One Racing Car Phone Case Collection - 02 is a gold-and-black declaration of everything you're built for. Available in Soft Silicone and Hybrid Metal, compatible with iPhones, Samsung, OnePlus, Motorola, Realme, Vivo, OPPO, and Google Pixel. No limits. No excuses.","Not every race happens on a track — some happen in your mind, every single morning.

The Formula One Racing Car Phone Case Collection - 02 is a midnight manifesto in gold and black. A gleaming gold Formula One car tears across a dark track in a powerful rear three-quarter composition — Shell-liveried bodywork catching the light, tyres biting asphalt, motion blur trailing behind — while an enormous cratermarked golden moon fills the upper sky in full dramatic glory. Below, massive distressed brushstroke typography spells out ""PUSH YOUR LIMITS"" in bold amber-gold letters that take up as much canvas as the car itself, turning this F1-themed phone case into something that sits firmly between motorsport art and personal battle cry. Where Collection 01 captures the chaos of race day, this one captures the mindset that gets you there.

The Soft Silicone variant delivers a precise, flexible silicone phone case with reliable everyday drop protection and a deep black finish that makes the gold illustration blaze with maximum contrast. The Hybrid Metal variant is the performance choice — a structured metal phone case shell fused with a cushioned silicone interior for a premium hybrid phone case and protective phone cover that carries the same zero-compromise philosophy as the words on the design.

Compatible with iPhones, Samsung Galaxy, OnePlus, Motorola, Realme, Vivo, OPPO, and Google Pixel — this designer Android phone cover and iPhone case is precision-engineered for every major device launched within the last five years.
A powerfully motivational customized phone case and a standout unique gift idea for F1 fans, high-performers, and collectors of cool phone covers that double as a daily reminder of what they're capable of. Shop this designer phone case online and carry your drive everywhere.

Limits exist for other people — this case wasn't made for them."
321,Formula One Racing Car Phone Case Collection - 03,https://black5creatives.in/product/,formula-one-racing-car-phone-case-collection-03,https://black5creatives.in/product/formula-one-racing-car-phone-case-collection-03,F1 Phone Cover Collections,"Papaya orange, straight-on, absolutely no intention of braking — the Formula One Racing Car Phone Case Collection - 03 is a McLaren fan's dream rendered in pure team energy and bold racing poster art. Available in Soft Silicone and Hybrid Metal, compatible with iPhones, Samsung, OnePlus, Motorola, Realme, Vivo, OPPO, and Google Pixel. Orange. Fast. Unstoppable.","There is only one colour that makes a grandstand lose its mind — and this case is soaked in every shade of it.

The Formula One Racing Car Phone Case Collection - 03 is an unapologetic celebration of McLaren's iconic papaya orange identity. A McLaren Formula One car thunders head-on in a dramatic straight-approach angle, black aerodynamic bodywork cutting through an entirely orange canvas, while bold white racing stripes run the full height of the composition and oversized driver number typography frames the central action. Stylised portrait figures celebrate in the amber-toned background on either side, and partial white bold lettering anchors the base — a complete McLaren fan tribute phone case that reads like premium team merchandise elevated to art form, sitting in an entirely different visual universe from both Collection 01's multi-car track battle and Collection 02's gold-and-black midnight manifesto.

The Soft Silicone variant delivers a flexible, snug silicone phone case with reliable everyday protection and a vivid papaya finish that makes every orange and black detail of this high-energy design absolutely sing. The Hybrid Metal variant pushes performance further — a structured metal phone case shell fused with a cushioned silicone interior for a premium hybrid phone case and protective phone cover built with the same relentless forward momentum as the car it honours.

Compatible with iPhones, Samsung Galaxy, OnePlus, Motorola, Realme, Vivo, OPPO, and Google Pixel — this designer Android phone cover and iPhone case is precision-engineered for every major device launched within the last five years.
An electrifying customized phone case and the ultimate unique gift idea for McLaren fans, F1 enthusiasts, and collectors of cool phone covers that wear their team loyalty without a single compromise. Shop this designer phone case online and paint your world papaya.

Some colours don't just represent a team — they represent an entire way of racing."
322,Formula One Racing Car Phone Case Collection - 04,https://black5creatives.in/product/,formula-one-racing-car-phone-case-collection-04,https://black5creatives.in/product/formula-one-racing-car-phone-case-collection-04,F1 Phone Cover Collections,"Arms up, number 16 incoming, and LECLERC echoing across every corner of the canvas — the Formula One Racing Car Phone Case Collection - 04 is a scarlet Tifosi tribute that hits like a podium finish. Available in Soft Silicone and Hybrid Metal, compatible with iPhones, Samsung, OnePlus, Motorola, Realme, Vivo, OPPO, and Google Pixel. Forza Ferrari. Always.","Some drivers don't just race — they make an entire fanbase feel everything at once.

The Formula One Racing Car Phone Case Collection - 04 is a full-blooded Tifosi tribute rendered in the most passionate red in motorsport. A helmeted Ferrari driver celebrates with one arm raised in victory — race suit immaculate, Hublot helmet gleaming, the prancing horse badge catching the light — while ""LECLERC"" cascades repeatedly across the entire upper background in bold white-to-amber gradient typography that fills every inch of the scarlet canvas. Below, Ferrari car number 16 charges head-on with Shell and Mahle livery in sharp detail, completing a dual-element driver-and-car composition that sets this Ferrari fan tribute phone case apart from the multi-car track chaos of Collection 01, the midnight gold manifesto of Collection 02, and the papaya McLaren energy of Collection 03.

The Soft Silicone variant delivers a flexible, precise silicone phone case with reliable everyday drop protection and a vivid scarlet finish that makes every detail of this high-emotion Scuderia tribute burn as brightly as race day. The Hybrid Metal variant matches the passion — a structured metal phone case shell fused with a cushioned silicone interior for a premium hybrid phone case and protective phone cover as uncompromisingly red and committed as the team it celebrates.

Compatible with iPhones, Samsung Galaxy, OnePlus, Motorola, Realme, Vivo, OPPO, and Google Pixel — this designer Android phone cover and iPhone case is precision-engineered for every major device launched within the last five years.
An intensely personal customized phone case and the ultimate unique gift idea for Ferrari fans, Leclerc supporters, and collectors of cool phone covers that carry genuine racing passion. Shop this designer phone case online and wear your Tifosi heart on your phone.

In Maranello they say red is not a colour — it is a religion."
323,Formula One Racing Car Phone Case Collection - 05,https://black5creatives.in/product/,formula-one-racing-car-phone-case-collection-05,https://black5creatives.in/product/formula-one-racing-car-phone-case-collection-05,F1 Phone Cover Collections,"Overhead, split in two colours, every aerodynamic surface perfectly visible — the Formula One Racing Car Phone Case Collection - 05 is a neon-lit engineering portrait for those who love F1 from the inside out. Available in Soft Silicone and Hybrid Metal, compatible with iPhones, Samsung, OnePlus, Motorola, Realme, Vivo, OPPO, and Google Pixel. Technical. Dark. Breathtaking.","Most people watch the race — this case was made for those who study the car.

The Formula One Racing Car Phone Case Collection - 05 takes a perspective no grandstand ever offers. Formula One car number 6 is viewed in perfect overhead symmetry from directly above — split precisely down its central axis into scarlet red on the left and stark white on the right, every aerodynamic surface rendered in obsessive detail from front wing to rear diffuser. Neon teal-cyan lighting bleeds in from both sides of a dark atmospheric tunnel background, Shell and Maile sponsor decals catch the glow on the nose cone, and Pirelli tyre compounds are visible on all four corners — creating an F1 engineering portrait phone case that sits in an entirely different category from the race-action energy of Collections 01 and 03, the gold manifesto of 02, and the Tifosi passion of 04. This one is for the engineers at heart.

The Soft Silicone variant delivers a flexible, precise silicone phone case with dependable everyday protection and a deep dark finish that lets every neon teal and scarlet detail of this atmospheric illustration glow at maximum intensity. The Hybrid Metal variant is the engineering choice — a structured metal phone case shell fused with a cushioned silicone interior for a premium hybrid phone case and protective phone cover built with the same precision-first philosophy as the machine it depicts.

Compatible with iPhones, Samsung Galaxy, OnePlus, Motorola, Realme, Vivo, OPPO, and Google Pixel — this aesthetic Android phone cover and iPhone case is precision-engineered for every major device launched within the last five years.
A technically stunning customized phone case and the most sophisticated unique gift idea for F1 purists, automotive design lovers, and collectors of cool phone covers that reveal a deeper level of appreciation. Shop this designer phone case online and carry the science of speed.

Speed is the spectacle — engineering is the obsession."
324,Iron man - part Iron Man 3D Phone Case | Marvel Avengers Superhero Collection 01,https://black5creatives.in/product/,iron-man-part-iron-man-3d-phone-case-marvel-avengers-superhero-collection-01,https://black5creatives.in/product/iron-man-part-iron-man-3d-phone-case-marvel-avengers-superhero-collection-01,Iron Man Cover Collections,"Dented. Scarred. Still standing. The Iron Man 3D Phone Case Marvel Avengers Superhero Collection 01 slams a battle-worn Iron Man suit over a vintage golden-age comic collage in one explosive design. Available in Soft Silicone Case and Hybrid Metal Case for iPhones, Samsung, OnePlus, Motorola, Realme, Vivo, OPPO, and Google Pixel. Suit up.","Every scratch on that suit tells a story — and this case carries all of them.

This superhero-themed phone case layers two eras of Iron Man into a single, visually explosive design. A hyper-detailed battle-damaged Iron Man stands in a commanding three-quarter pose — red armour dented and scraped, arc reactor casting its signature blue glow — set against a richly aged background of golden sepia comic book panels, vintage speech bubbles, and bold action lines pulled straight from the golden age of Marvel print. The collision of gritty modern illustration and nostalgic comic strip texture makes this aesthetic phone case unlike any flat superhero print — it rewards every second look with new detail.

The Iron Man 3D Phone Case Marvel Avengers Superhero Collection 01 is available in two purpose-built protective variants. The Soft Silicone Case provides a responsive, flexible silicone phone case with reliable shock absorption for everyday wear, while the Hybrid Metal Case channels Iron Man energy directly — a rigid metal outer frame fused with inner silicone cushioning creates a hybrid phone case that is genuinely as tough as it looks, functioning as a full protective phone cover for real-world impact.

Precision-fitted for iPhones, Samsung Galaxy, OnePlus, Motorola, Realme, Vivo, OPPO, and Google Pixel — this customized phone case delivers exact-fit coverage across all major iPhone and Android phone cover models.

The ultimate unique gift idea for Marvel fans and comic book collectors, this is the cool designer phone case to buy online when you want your everyday carry to feel like a piece of the universe.

The armour never comes off. Neither does this case"
325,Iron man - part Iron Man 3D Phone Case | Marvel Avengers Superhero Collection 02,https://black5creatives.in/product/,iron-man-part-iron-man-3d-phone-case-marvel-avengers-superhero-collection-02,https://black5creatives.in/product/iron-man-part-iron-man-3d-phone-case-marvel-avengers-superhero-collection-02,Iron Man Cover Collections,"Face to face with a legend. The Iron Man 3D Phone Case Marvel Avengers Superhero Collection 02 puts the iconic gold-and-red helmet dead centre — blue eyes locked, Marvel universe burning behind it in crimson. Choose Soft Silicone Case or Hybrid Metal Case for iPhones, Samsung, OnePlus, Motorola, Realme, Vivo, OPPO, and Google Pixel. Power on.","This isn't a glance — it's a stare down with the most iconic helmet in the Marvel universe.

Where Collection 01 told the story of a battle-worn warrior, this superhero-themed phone case goes full confrontation — the Iron Man faceplate fills the entire frame in a direct, unyielding close-up. Bold geometric gold and red panels construct the helmet with graphic precision, while electric blue eye slits cut through the composition with cold, calculated intensity. Behind it all, a deep crimson wash floods the background, with ghost-like outlines of the broader Marvel universe — Captain America, Hulk, and fellow Avengers — bleeding through like echoes of a universe that answers to one man. The result is an aesthetic phone case that commands attention the moment it enters a room.

The Iron Man 3D Phone Case Marvel Avengers Superhero Collection 02 is built in two powerful variants. The Soft Silicone Case wraps your device in a precisely fitted flexible silicone phone case, absorbing real-world impact without dulling a single colour, while the Hybrid Metal Case delivers Iron Man-grade reinforcement through a hybrid phone case structure — a rigid metal outer shell over inner silicone cushioning — making it a protective phone cover as formidable as the suit itself.

Fully compatible with iPhones, Samsung Galaxy, OnePlus, Motorola, Realme, Vivo, OPPO, and Google Pixel — this customized phone case delivers flawless fitment across every major iPhone and Android phone cover format.

The go-to unique gift idea for Marvel devotees and superhero collectors, this is the designer phone case to shop online when only the most iconic face in the universe will do.

Eyes forward. Repulsors ready. This is your case."
326,Iron Man 3D Phone Case | Marvel Avengers Superhero Collection 03,https://black5creatives.in/product/,iron-man-3d-phone-case-marvel-avengers-superhero-collection-03,https://black5creatives.in/product/iron-man-3d-phone-case-marvel-avengers-superhero-collection-03,Iron Man Cover Collections,"Still. Focused. Seconds from everything. The Iron Man 3D Phone Case Marvel Avengers Superhero Collection 03 drowns a brooding crimson helmet in swirling neon-green fluid art — raw, psychedelic, and unlike anything in the collection. Available in Soft Silicone Case and Hybrid Metal Case for iPhones, Samsung, OnePlus, Motorola, Realme, Vivo, OPPO, and Google Pixel. Charge up.","The quietest moment is always the one right before impact.

This superhero-themed phone case takes Iron Man somewhere no other design in the collection has gone — deep into a collision of comic-ink illustration and swirling neon fluid art that feels equal parts explosive and hypnotic. The crimson helmet hangs in a downward, brooding angle in the lower frame, rendered in bold brushstroke comic linework with vivid red armour and sharp white detail lines, while toxic electric green fluid marble consumes the upper canvas in churning, organic waves of neon and black. Paint-drip textures bleed from the background into the figure itself, dissolving the boundary between hero and chaos in a way that makes this aesthetic phone case genuinely unlike any superhero print on the market.

The Iron Man 3D Phone Case Marvel Avengers Superhero Collection 03 is available in two precision-engineered variants. The Soft Silicone Case delivers a flexible, form-fitting silicone phone case with dependable drop protection and a secure grip for daily carry, while the Hybrid Metal Case brings structural intensity to match the design — a reinforced hybrid phone case combining rigid metal outer framing with inner silicone cushioning for a protective phone cover that hits as hard as it looks.

Compatible with iPhones, Samsung Galaxy, OnePlus, Motorola, Realme, Vivo, OPPO, and Google Pixel — this customized phone case provides exact-fit coverage across every major iPhone and Android phone cover model without compromise.

A bold unique gift idea for Marvel fans who think beyond the standard superhero print, this is the cool designer phone case to buy online when you want something that genuinely disrupts the room.

Go dark. Go electric. Go inevitable."
327,Iron Man 3D Phone Case | Marvel Avengers Superhero Collection 04,https://black5creatives.in/product/,iron-man-3d-phone-case-marvel-avengers-superhero-collection-04,https://black5creatives.in/product/iron-man-3d-phone-case-marvel-avengers-superhero-collection-04,Iron Man Cover Collections,"He didn't just make history — he stepped out of it. The Iron Man 3D Phone Case Marvel Avengers Superhero Collection 04 breaks the cinematic suit free from classic comic panel pages, repulsors glowing and legacy blazing. Available in Soft Silicone Case and Hybrid Metal Case for iPhones, Samsung, OnePlus, Motorola, Realme, Vivo, OPPO, and Google Pixel. I am Iron Man.","Decades of legacy. One suit. Zero limits.

This superhero-themed phone case is the most narratively rich entry in the Iron Man collection — a cinematic, hyper-detailed modern suit emerging directly from a wallpaper of authentic classic Marvel comic strips. Both repulsor gauntlets are raised and glowing, the gold and crimson helmet commands the lower foreground with cool blue eyes locked forward, and the arc reactor pulses teal at chest level — while behind it all, page after page of golden-age Iron Man comic panels unfold in every direction. Action sequences, fight panels, ""I AM IRON MAN"" speech bubbles, and vintage explosion illustrations create a complete surrounding universe that makes this aesthetic phone case feel like holding Marvel history itself in your hands.

The Iron Man 3D Phone Case Marvel Avengers Superhero Collection 04 is available in two solidly engineered variants. The Soft Silicone Case provides a responsive flexible silicone phone case that cushions every drop while preserving the richly layered artwork in full detail, while the Hybrid Metal Case delivers collector-grade protection through a hybrid phone case build — a rigid metal outer frame reinforced with inner silicone cushioning, creating a protective phone cover as iconic as the suit it carries.

Precision-compatible with iPhones, Samsung Galaxy, OnePlus, Motorola, Realme, Vivo, OPPO, and Google Pixel — this customized phone case fits every major iPhone and Android phone cover model with exact-fit engineering.

The definitive unique gift idea for Marvel collectors and lifelong Iron Man fans, this is the designer phone case to shop online when only the full legacy of the armoured Avenger will do.

Every panel. Every suit. Every era. All on your phone."
328,Personalized Wall Art Customize,https://black5creatives.in/product/,personalized-wall-art-customize,https://black5creatives.in/product/personalized-wall-art-customize,Wall Art,,
329,Personalized Phonecase Customize,https://black5creatives.in/product/,personalized-phonecase-customize,https://black5creatives.in/product/personalized-phonecase-customize,Phone Case,,
330,Kahaaniya - Women's Special Designer/Aesthetic Phone Case,https://black5creatives.in/product/,kahaaniya-womens-special-designeraesthetic-phone-case,https://black5creatives.in/product/kahaaniya-womens-special-designeraesthetic-phone-case,Aesthetic Cover Collections,"Every corner tells a story. Kahaaniya is a richly illustrated folk-art phone case where a jasmine-crowned reader sits lost in a book beside an open window, surrounded by Warli figures, peacock murals, and a rural horizon. Available in Soft Silicone Case and Hybrid Metal Case for iPhones, Samsung, OnePlus, Motorola, Realme, Vivo, OPPO, and Google Pixel. Carry your roots.","Some designs are not just seen — they are read, slowly, the way one reads a beloved book by an open window.

Kahaaniya is a celebration of Indian folk art tradition rendered in a richly layered contemporary illustration style that draws from the visual languages of Madhubani, Warli, and Pattachitra. A figure in a printed terracotta kurta and cobalt blue dupatta sits barefoot on an ornately bordered rug, deep in a book, jasmine flowers cascading through long dark hair. An intricately carved wooden window opens behind to a warm rural landscape — mountains, palm trees, a village rooftop, birds in a blue sky — while Warli tribal figures, peacock wall murals, elephant rug borders, and lotus arch carvings fill every surrounding surface with storytelling detail. This aesthetic phone case rewards patient eyes — every glance uncovers something new.

The Kahaaniya Designer Phone Case is available in two carefully crafted variants. The Soft Silicone Case delivers a flexible, lightweight silicone phone case that cushions daily impact while keeping every intricate folk art detail vivid and intact, while the Hybrid Metal Case provides reinforced structural protection through a hybrid phone case build — a rigid metal frame paired with inner silicone cushioning for a protective phone cover that honours the artistry it carries.

Compatible with iPhones, Samsung Galaxy, OnePlus, Motorola, Realme, Vivo, OPPO, and Google Pixel — this customized phone case fits every major iPhone and Android phone cover model with precision tailoring.

A deeply meaningful unique gift idea rooted in Indian cultural heritage, this is the designer phone case to buy online for those who carry their stories, their roots, and their identity everywhere they go.

Your culture. Your canvas. Your Kahaaniya."
331,Never Give Up - Motivational Phone Case for Men,https://black5creatives.in/product/,never-give-up-motivational-phone-case-for-men,https://black5creatives.in/product/never-give-up-motivational-phone-case-for-men,Quote Cover Collections,"Hit harder. Go further. Never stop. Never Give Up is a high-adrenaline motivational phone case built around a powerful boxer driving through a punching bag — raw grit, cinematic drama, and bold distressed typography in one explosive design. Available in Soft Silicone Case and Hybrid Metal Case for iPhones, Samsung, OnePlus, Motorola, Realme, Vivo, OPPO, and Google Pixel. Fight on.","Every punch thrown here is a reminder — you don't stop when it's hard, you stop when it's done.

This motivational phone case channels pure athletic intensity through a cinematic composition that hits with the same force it depicts. A hyper-muscular boxer extends into a full-power punch, red gloves connecting with a heavy bag in a frozen moment of absolute commitment — the kind of effort that leaves nothing behind. Bold distressed ""NEVER GIVE UP"" typography cascades down the centre in grunge white lettering, integrated into the composition rather than sitting on top of it, while a stormy split of deep crimson and navy blue divides the background like two opposing forces. Faded newspaper textures bleed through the dark tones, adding a weathered, hard-won quality to the entire aesthetic phone case that printed motivational covers simply cannot replicate.

The Never Give Up Motivational Phone Case is available in two performance-built variants. The Soft Silicone Case provides a flexible, shock-absorbing silicone phone case with a confident non-slip grip designed for active daily use, while the Hybrid Metal Case delivers reinforced structural toughness through a hybrid phone case build — rigid metal outer framing over inner silicone cushioning — a protective phone cover that matches the relentless energy of the design it carries.

Fully compatible with iPhones, Samsung Galaxy, OnePlus, Motorola, Realme, Vivo, OPPO, and Google Pixel — this customized phone case delivers precision fitment across every major iPhone and Android phone cover model.

A powerful unique gift idea for athletes, fighters, and anyone who refuses to fold under pressure, this is the cool designer phone case to buy online when your phone needs to carry the same mindset you do.

The bag doesn't hit back. Your excuses do. Silence them."
332,Dakshineswar Kali Temple,https://black5creatives.in/product/,dakshineswar-kali-temple,https://black5creatives.in/product/dakshineswar-kali-temple,Premium Editions,,
333,Sur - Aesthetic Phone Case,https://black5creatives.in/product/,sur-aesthetic-phone-case,https://black5creatives.in/product/sur-aesthetic-phone-case,Prime Collection,"When the strings speak, everything else falls silent. Sur is a soul-stirring folk art phone case where a musician lost in melody sits surrounded by Warli dancing figures, tree-of-life panels, and earthy tribal borders — warm, rooted, and quietly extraordinary. Available in Soft Silicone Case and Hybrid Metal Case for iPhones, Samsung, OnePlus, Motorola, Realme, Vivo, OPPO, and Google Pixel. Play on.","Some melodies don't just fill a room — they fill every wall, every corner, every quiet space between moments.

Sur is a richly detailed Indian folk art phone case that tells its story through music and cultural memory. A musician in a mustard yellow embroidered kurta sits cross-legged on a patterned rug, fingers moving across a beautifully decorated guitar with total absorption — the kind of playing that forgets the world exists. The surrounding composition unfolds in a patchwork of folk art panels: Warli tribal figures dancing in celebration, sacred tree-of-life illustrations, delicate leaf and flora motifs, and bold geometric zigzag borders in terracotta, olive green and deep brown — each panel a story within the story. The hand-painted texture and flat folk perspective give this aesthetic phone case a warmth that no digital print or photographic design can replicate.

The Sur Aesthetic Phone Case is available in two precision-crafted variants. The Soft Silicone Case offers a lightweight, flexible silicone phone case that absorbs daily impact while keeping every intricate folk detail vivid and protected, while the Hybrid Metal Case builds a stronger shield through a hybrid phone case construction — rigid metal outer framing fused with inner silicone cushioning — delivering a protective phone cover that carries cultural artistry with the durability it deserves.

Compatible with iPhones, Samsung Galaxy, OnePlus, Motorola, Realme, Vivo, OPPO, and Google Pixel — this customized phone case fits every major iPhone and Android phone cover model with exact precision.

A deeply meaningful unique gift idea rooted in Indian artistic heritage, this is the cool designer phone case to buy online for those who find home in music, culture, and the stories that never go silent.

Let the melody live on your phone. Let it play everywhere you go."